Word	Conc.M	SUBTLEX
a	1.46	1041179
aardvark	4.68	21
aback	1.65	15
abacus	4.5199999999999996	12
abandon	2.54	413
abandoned	2.52	678
abandonee	2.92	0
abandoner	2.5	1
abandonment	2.54	49
abasement	1.67	0
abatement	1.92	3
abbreviate	2.59	1
abbreviated	3.1	16
abbreviation	3.07	12
abdicate	2.08	9
abdomen	4.7	171
abdominal	4.28	174
abdominally	3.15	0
abduct	2.88	36
abductee	3.27	20
abduction	3.07	185
abductor	3.89	18
abhor	1.81	12
abhorrence	2.15	0
abhorrently	2.04	0
abhorring	1.68	0
abide	1.68	138
abiding	2.0699999999999998	25
abidingly	1.82	0
ability	1.81	980
abject	1.67	20
ablaze	3.82	21
able	2.38	8155
ably	1.78	9
abnormal	2.14	148
abnormality	2.48	26
abnormally	1.75	20
aboard	3.97	1358
abode	3.92	33
abolish	2.19	24
abolishable	1.96	0
abolisher	2.29	0
abolishment	2.31	0
abolition	2.4300000000000002	10
abolitionism	1.86	1
abolitionist	3.28	11
abominable	1.89	32
abominableness	1.58	0
abominably	2.14	8
abominate	1.68	3
abomination	2.23	58
aboriginal	3.12	9
abort	2.83	235
aborted	2.83	32
abortion	3.41	369
abortionist	3.19	4
abortive	1.88	1
abortively	1.95	1
abound	2.27	18
abounding	2.04	4
about	1.77	185206
above	3.33	2493
aboveboard	2.8	14
aboveground	4.03	7
abovementioned	2.96	1
abracadabra	2.04	53
abrasion	4.57	18
abrasive	3.03	23
abrasively	2.0699999999999998	0
abrasiveness	2.72	2
abreast	2.23	26
abridge	2.77	1
abridged	1.77	9
abridgment	2.67	0
abroad	2.72	250
abrupt	2.27	58
abruptly	2.36	45
abruptness	2.04	4
abscess	4.4800000000000004	25
abscessed	2.69	3
absence	2.31	322
absent	2.7	131
absentee	3.29	18
absenteeism	2.35	5
absently	1.71	0
absentminded	2	3
absentmindedly	1.76	0
absentmindedness	1.75	1
absentness	1.88	0
absinthe	4.3	28
absolute	1.81	577
absolutely	1.97	5769
absoluteness	1.5	1
absolution	1.78	48
absolutism	1.46	0
absolutist	2.7	0
absolvable	1.8	0
absolve	1.85	29
absorb	3.11	101
absorbability	2.38	0
absorbable	2.4700000000000002	0
absorbed	2.44	78
absorbency	2.97	0
absorbent	3.1	8
absorber	2.96	3
absorbing	3.33	23
absorbingly	2.04	0
absorption	3.22	18
absorptiveness	2.19	0
abstain	2.38	26
abstainer	2.62	0
abstention	2.16	6
abstinence	1.72	45
abstinent	1.77	3
abstinently	2	0
abstract	1.45	111
abstracted	1.48	3
abstractedly	1.54	0
abstractedness	1.59	0
abstraction	1.57	15
abstractionism	1.75	0
abstractionist	2.52	1
abstractive	1.6	0
abstractly	1.36	2
abstractness	1.5	0
absurd	1.64	495
absurdity	1.25	32
absurdly	1.55	15
absurdness	1.46	0
abundance	2.21	45
abundant	2.83	29
abundantly	2.2200000000000002	21
abuse	2.71	523
abuser	3.86	16
abusive	2.5499999999999998	83
abusively	2.2000000000000002	0
abusiveness	1.84	1
abysmally	2.12	1
abyss	3.07	90
academia	2.12	12
academic	2.11	238
academically	1.9	11
academy	4.29	633
accelerant	3.4	28
accelerate	3.48	65
accelerated	3.18	49
acceleration	2.97	44
accelerative	2.69	0
accelerator	4.32	69
acceleratory	2.25	0
accelerometer	4.08	0
accent	3.26	621
accentually	2.08	0
accentuate	2	18
accentuation	2.08	0
accept	3.03	2692
acceptability	1.74	0
acceptable	1.93	269
acceptableness	1.28	0
acceptably	1.48	0
acceptance	2.21	161
acceptant	2.08	1
accepted	2.2799999999999998	801
acceptor	2.79	0
access	2.71	1615
accessibility	2.2999999999999998	2
accessible	1.8	56
accessibly	2.35	0
accessorize	2.93	18
accessory	4.0999999999999996	147
accident	3.26	4146
accidental	2.17	153
accidentally	1.71	449
accidently	1.88	11
acclaim	2.04	22
acclaimer	2.04	0
acclamation	2.23	1
acclimate	1.79	8
acclimation	1.9	0
acclimatization	1.83	1
acclimatize	2.12	1
accolade	2.46	1
accommodate	1.86	109
accommodating	1.77	36
accommodatingly	2.17	0
accommodation	2.96	48
accommodative	1.73	1
accommodator	2.78	0
accompanier	2.71	1
accompaniment	2.2599999999999998	15
accompany	3.07	242
accomplice	3.34	216
accomplish	2.33	298
accomplishable	1.82	0
accomplished	1.7	384
accomplisher	2.52	0
accomplishment	2.5	96
accord	1.57	83
accordance	1.54	81
accordantly	1.57	0
according	1.63	2135
accordingly	1.58	93
accordion	4.8600000000000003	67
accordionist	4.6100000000000003	0
accosted	2.52	34
account	3.08	2280
accountability	1.55	24
accountable	2.21	72
accountableness	1.39	0
accountably	1.91	0
accountancy	1.68	3
accountant	4.41	315
accounting	3.27	230
accredit	2.15	0
accreditation	2.68	9
accredited	2.27	16
accrue	1.61	4
accruement	2.46	0
accumulate	3	29
accumulation	2.97	13
accumulative	2.56	3
accumulatively	2.36	0
accumulativeness	1.92	0
accumulator	2.64	1
accuracy	1.85	76
accurate	1.9	400
accurately	2.39	58
accurateness	2.3199999999999998	0
accursed	1.93	33
accusable	1.91	0
accusation	2.38	143
accusative	1.6	0
accusatively	1.64	0
accusatorial	1.96	0
accusatory	2.15	3
accuse	2.25	290
accused	2.93	666
accuser	3.44	15
accusingly	1.57	0
accustom	1.48	6
accustomed	2.0699999999999998	149
ace	3.92	751
acetaminophen	3.8	5
acetone	4.42	8
acetylene	3.58	23
ache	3.43	127
achievable	2.0699999999999998	2
achieve	2.29	374
achievement	2.37	178
achiever	2.04	12
achiness	2.54	1
aching	2.72	105
achingly	2.17	2
achy	2.96	23
acid	4.25	508
acidic	3.54	11
acidification	2.78	0
acidify	2.6	0
acidity	3.4	10
acidly	2.1800000000000002	0
acidometer	4.05	0
acknowledge	2.0299999999999998	313
acknowledgeable	1.69	0
acknowledged	2.19	100
acknowledgement	2.62	21
acne	4.8899999999999997	46
acorn	4.96	37
acoustic	3.28	49
acoustical	2.42	6
acoustically	2.5	1
acoustics	3.12	22
acquaint	1.52	20
acquaintance	3.41	273
acquainted	2.37	231
acquiesce	2.21	3
acquiescently	1.58	0
acquirable	2.04	0
acquire	2.93	135
acquired	2.54	228
acquirement	2	0
acquirer	2.52	1
acquisition	2.6	74
acquisitive	2.08	3
acquisitively	1.81	0
acquit	2.13	24
acquittal	2.38	37
acquitter	2.88	0
acre	4.18	93
acrid	2.68	2
acrimoniously	1.61	0
acrobat	4.46	30
acrobatic	3.14	12
acrobatically	2.96	0
acrobatics	4.3600000000000003	11
acronym	2.64	15
acrophobia	2.3199999999999998	10
across	3.07	4801
acrostically	2	0
acrylic	4.3099999999999996	23
act	2.46	5565
acting	2.54	2675
action	2.86	3115
actionable	2.04	13
activate	2.97	238
activation	2.41	43
activator	3.14	4
active	3.32	584
actively	2.41	42
activeness	2.52	0
activism	1.79	9
activist	3.34	50
activity	2.72	657
actor	4.57	1343
actress	4.54	817
acts	3.29	636
actual	2.2200000000000002	884
actuality	1.96	24
actualization	1.59	3
actualize	1.63	2
actually	1.37	16439
actuarial	2.33	9
acupressure	3.53	6
acupuncture	3.83	37
acupuncturist	4.5599999999999996	9
acute	1.92	150
acutely	1.83	14
acuteness	2.41	1
ad	4.46	694
adage	1.86	32
adamant	1.65	50
adamantly	1.46	2
adapt	2.41	134
adaptability	1.38	7
adaptable	1.85	17
adaptation	2.04	81
adapter	3.82	11
adaption	2.4	1
adaptive	1.97	11
adaptively	2.2999999999999998	0
adaptor	4.04	4
add	3	1686
added	2.74	492
addendum	3.44	15
addict	3.14	273
addicted	2.13	231
addictedness	2.2200000000000002	0
addiction	2.85	199
addictive	2.2200000000000002	57
addictiveness	1.78	2
addition	2.89	395
additional	2.4300000000000002	300
additionally	2.2000000000000002	16
additive	3.56	11
additively	2	0
address	3.89	2666
addressable	2.17	0
addressbook	4.83	0
addressee	3.16	6
addresser	3.19	2
addressor	3.11	0
adept	2.23	33
adeptly	1.54	0
adeptness	1.89	1
adequacy	1.86	1
adequate	1.97	132
adequately	1.72	27
adequateness	1.68	0
adhere	2.62	29
adherence	1.5	9
adherent	2.4500000000000002	3
adherently	2.11	0
adhesion	3.32	6
adhesive	4.3499999999999996	47
adhesively	2.87	0
adhesiveness	3.3	0
adjacent	3.63	68
adjacently	2.97	0
adjectivally	1.52	0
adjective	2.4300000000000002	25
adjoin	2.73	0
adjoined	3.31	1
adjoining	2.93	57
adjourn	2.54	66
adjournment	2.82	11
adjudicate	2.12	5
adjudication	2.35	9
adjunct	2.19	7
adjust	2.93	287
adjustability	2.1	1
adjustable	3.27	16
adjustably	1.9	0
adjuster	3.23	20
adjustment	2.81	158
adjustor	3.43	4
admin	2.96	22
administer	2.5299999999999998	85
administrable	1.62	0
administrate	2.89	2
administration	2.78	387
administrational	2.08	0
administrative	2.14	82
administratively	1.93	0
administrator	3.89	84
admirable	1.81	133
admirableness	1.7	0
admirably	1.5	21
admiral	4.1100000000000003	845
admiralship	2.96	0
admiration	1.86	107
admire	2.04	722
admired	1.84	187
admirer	2.93	151
admiring	1.77	141
admiringly	1.89	0
admissibility	1.65	4
admissible	1.88	37
admissibleness	1.71	0
admissibly	1.72	0
admission	2.83	181
admissive	2.25	0
admit	2.3199999999999998	3019
admittance	2.2599999999999998	34
admitted	1.85	467
admittedly	1.54	47
admitter	2.93	0
admonishingly	1.77	0
admonishment	2.21	0
adobe	4.1900000000000004	24
adolescence	2.81	44
adolescent	3.48	94
adolescently	1.52	0
adopt	2.36	238
adoptability	2.29	0
adoptable	2.79	1
adopted	2.39	430
adoptee	3.59	0
adopter	3.33	1
adoption	3.03	239
adoptive	2	30
adoptively	1.63	0
adorability	1.41	1
adorable	1.86	537
adorableness	2.19	1
adorably	1.96	2
adoration	2.19	30
adore	2.34	394
adorer	2.76	0
adoring	2.34	35
adoringly	2.2799999999999998	3
adorn	2.38	8
adorner	2.96	0
adornment	2.83	4
adrenal	3.28	16
adrenalin	3.17	28
adrenaline	3.04	168
adrift	2.71	51
adult	4.4000000000000004	729
adulterate	2.76	1
adulteration	2.29	0
adulterer	2.96	20
adulteress	3.72	13
adulterous	2.37	17
adulterously	2.12	0
adultery	2.79	99
adulthood	2.5	37
adultlike	2.27	0
adultness	2.19	0
advance	2.57	815
advanced	1.83	451
advancement	2.1	63
advancer	2.48	0
advancing	2.61	76
advantage	2	1125
advantageous	2.0699999999999998	20
advantageously	1.24	0
advantageousness	1.65	0
advent	2.48	24
adventure	2.59	685
adventurer	3.73	37
adventuresome	1.79	3
adventuress	2.54	11
adventurist	2.35	1
adventurous	1.95	62
adventurously	1.7	0
adventurousness	1.62	1
adverb	2.25	10
adversarial	1.62	12
adversary	2.93	77
adverse	2.23	36
adversely	1.62	11
adverseness	1.96	0
adversity	1.44	54
advert	3.08	13
advertently	1.7	1
advertise	2.81	84
advertisement	3.77	61
advertiser	3.93	8
advertising	3.88	379
advertize	3.61	0
advice	2.73	2447
advisability	1.46	0
advisable	1.93	40
advisably	1.54	0
advise	2.0299999999999998	622
advised	2.4500000000000002	267
advisedly	1.58	5
advisee	3.77	13
advisement	2.52	39
adviser	3.67	53
advisor	4.1500000000000004	225
advisory	2.5	51
advocacy	2	15
advocate	2.72	113
advocator	2.92	0
aeration	2.77	1
aerator	3.92	0
aerial	3.04	129
aerialist	3.84	1
aerially	3	0
aerobatics	3.15	1
aerobic	3.14	9
aerobically	2.38	2
aerobics	3.72	79
aerodynamic	2.88	22
aerodynamics	2.96	16
aerographer	4.17	0
aeromechanics	2.96	0
aeronautic	2.54	0
aeronautical	2.96	12
aeronautics	3.08	9
aerosol	4.2300000000000004	14
aerospace	3.19	55
aesthetic	2.33	34
aesthetical	1.71	0
aesthetically	1.48	12
aesthetician	3.31	0
aestheticism	1.79	0
aesthetics	2.2200000000000002	15
afar	2.52	59
affability	1.54	4
affable	1.7	6
affair	2.4500000000000002	1502
affect	1.93	568
affectation	1.96	7
affected	1.93	345
affectedly	1.92	1
affectedness	2	0
affecting	1.75	130
affection	2.2200000000000002	431
affectionate	2.2799999999999998	115
affectionately	1.92	31
affective	1.52	4
affectively	1.73	0
affectivity	1.86	0
affidavit	4	100
affiliate	2.5	15
affiliation	1.93	25
affirm	1.96	17
affirmable	2	0
affirmation	2.12	27
affirmative	1.93	241
affirmatively	2.17	3
affirmer	2.76	0
affix	2.44	6
affixation	2.29	0
afflict	2.14	4
afflicted	2.4300000000000002	65
afflicting	2.41	6
affliction	2.27	60
affluence	2.15	7
affluent	1.83	15
affluently	1.69	0
afford	1.83	2266
affordability	1.93	1
affordable	2.1	33
affront	1.83	30
affronted	2.04	2
afghan	4.5	29
aficionado	2.5499999999999998	11
aflame	3.77	17
afloat	3.34	85
aflutter	2.54	4
afoot	2.48	52
afore	1.82	19
aforementioned	1.93	24
afraid	2.7	12631
afro	4.5199999999999996	57
after	2.12	34812
afterbirth	4.57	5
afterburner	3.65	2
aftercare	3.15	5
aftereffect	2.5	3
afterglow	3.1	16
afterhours	3.15	0
afterlife	1.9	81
aftermarket	3.58	2
aftermath	1.97	53
aftermost	1.75	0
afternoon	3.7	4666
afternoons	2.86	101
afterparty	3.81	0
aftersale	2.71	0
afterschool	3.19	5
aftershave	4.5599999999999996	55
aftershock	3.68	12
aftertaste	2.59	11
afterthought	2.04	13
aftertime	2.19	0
aftertimes	2.2000000000000002	0
afterward	2.25	112
afterwards	2.14	714
afterword	3.04	0
afterworld	1.41	1
again	2	40428
against	1.8	10288
age	2.86	4039
aged	3.14	183
agedness	3.29	0
ageism	1.88	12
ageless	2.0299999999999998	15
agelessness	1.48	0
agency	3.87	991
agenda	2.66	373
agent	3.61	5235
aggravate	2.2599999999999998	37
aggravated	2.61	64
aggravating	1.86	24
aggravatingly	1.96	0
aggravation	1.53	59
aggravator	2.72	0
aggregate	2.14	10
aggregately	1.69	0
aggregation	2.16	2
aggregative	2.0699999999999998	0
aggregator	2.2999999999999998	0
aggression	2.68	143
aggressive	2.54	405
aggressively	2.25	35
aggressiveness	2.59	20
aggressor	3.29	29
aggrieve	1.71	0
aggrieved	2.12	10
aggrievedly	1.65	0
aghast	1.96	7
agile	2.31	20
agility	2.38	23
aging	2.88	131
agitate	2.93	22
agitated	2.57	128
agitatedly	1.89	0
agitation	2.33	25
agitator	3.28	11
aglow	2.29	24
agnostic	2	19
agnostically	1.2	0
agnosticism	1.71	0
ago	1.42	14592
agonistic	1.78	0
agonize	1.97	5
agonizing	2	36
agonizingly	1.8	0
agony	2.38	191
agoraphobia	1.92	7
agoraphobic	2.5	9
agree	2.31	3298
agreeability	1.75	0
agreeable	2.0699999999999998	81
agreeableness	2.2599999999999998	0
agreeably	2.0299999999999998	3
agreed	1.93	1832
agreeing	2.48	106
agreement	2.2200000000000002	892
agricultural	3.29	48
agriculturalist	4.07	2
agriculturally	2.4	0
agriculture	3.67	56
agriculturist	3.04	0
aground	3.22	25
ahead	3	10115
ahem	2.58	391
ahoy	2	189
aid	3.1	709
aide	3.59	103
aides	3.75	32
aidless	2.04	0
aids	3.44	54
ailing	2.81	26
ailment	2.93	26
aim	3.27	758
aiming	3	193
aimless	1.57	14
aimlessly	1.86	21
aimlessness	1.62	0
air	4.1100000000000003	7090
airbag	4.8099999999999996	20
airbase	4.29	5
airbed	4.5599999999999996	0
airboat	4.82	4
airborne	3.45	215
airbrush	4.45	9
aircraft	4.4000000000000004	482
aircraftman	3.96	0
aircraftsman	4	1
aircrew	4.04	3
airfare	3.93	12
airfield	4.7	118
airflow	3.59	7
airforce	3.81	0
airfreight	4.04	0
airhead	2.48	27
airiness	2.2400000000000002	1
airing	2.61	32
airless	3	5
airlift	3.62	14
airline	4	331
airliner	4.45	29
airmail	3.66	17
airman	4.25	30
airmanship	2.5	0
airpark	3.88	0
airplane	4.96	557
airplay	3.19	11
airport	4.87	1940
airpower	3.23	0
airproof	2.57	0
airshaft	4.43	0
airship	4.92	30
airshow	4.4400000000000004	0
airsick	3.5	16
airsickness	3.27	2
airspace	3.58	82
airspeed	3.04	24
airstream	3.93	8
airstrike	3.59	7
airstrip	4.68	57
airtight	3.42	57
airtime	2.5	13
airwave	3.11	1
airway	4.34	83
airworthiness	2.0699999999999998	0
airy	2.04	16
aisle	4.3499999999999996	379
ajar	3.27	23
akin	1.71	14
alabaster	3.81	34
alarm	4.47	1522
alarmclock	4.97	0
alarmed	3.14	151
alarming	2.0699999999999998	58
alarmingly	2.14	8
alarmist	2.62	17
alas	1.56	195
albacore	3.71	8
albatross	4.8099999999999996	40
albeit	1.46	38
albino	4.41	59
album	4.6900000000000004	522
alchemic	2.73	0
alchemically	2.08	1
alchemist	4.2300000000000004	14
alchemy	2.1	11
alcohol	4.76	845
alcoholic	3.37	316
alcoholically	2.4	0
alcoholism	2.93	43
alcove	4.08	24
alderwoman	3.92	0
ale	4.6500000000000004	202
alehouse	4.4000000000000004	1
alert	2.59	1051
alertly	2.0699999999999998	2
alertness	2.15	4
alfalfa	4.6900000000000004	33
algae	4.93	22
algebra	3.14	90
algebraic	2.62	3
algebraically	2.29	0
algorithm	3.07	27
alias	2.86	208
alibi	2.57	426
alien	3.52	889
alienability	1.84	0
alienable	1.82	0
alienate	1.83	29
alienation	1.73	22
alienator	2.08	0
aliens	3.86	491
alight	2.96	21
align	2.79	34
alignment	3.26	67
alike	2.38	579
alikeness	2.23	0
alimony	3.08	132
alive	3.14	7878
aliveness	2.36	0
alkaline	3.48	16
alkalinity	2.84	0
alkalinize	2.4	1
alkalization	2.36	0
alkalize	2.85	1
alkaloid	3.38	8
all	2.27	263255
allegation	1.79	27
allege	1.76	11
allegeable	1.92	0
alleged	1.82	203
allegedly	1.64	113
allegiance	1.77	159
allegoric	1.72	0
allegorical	1.52	8
allegorically	1.37	0
allegorist	2.2999999999999998	0
allegory	2.0699999999999998	12
allergen	3.93	3
allergenic	2.4300000000000002	0
allergic	2.5499999999999998	413
allergist	4	2
allergy	3.68	86
alleviate	2.48	23
alleviation	2.15	0
alleviative	2.04	0
alleviator	2.69	0
alley	4.82	831
alleyway	4.3	40
alliance	2.5	465
allied	2.38	147
allies	3.48	260
alligator	4.96	178
alliterate	2.44	0
alliteration	2.25	9
allocable	1.79	0
allocate	2.38	8
allocation	2.3199999999999998	10
allocator	2.78	0
allotment	2.88	19
allow	2.41	2263
allowable	2.17	5
allowableness	1.75	0
allowably	1.92	0
allowance	3.07	265
alloy	4.29	52
allspice	4.54	3
allude	1.81	10
allure	1.92	30
allurer	2.23	0
alluring	2.0699999999999998	21
alluringly	1.86	0
allusion	1.58	6
allusively	1.7	0
allusiveness	1.85	0
ally	2.61	1666
almanac	4.4400000000000004	43
almightily	1.82	0
almightiness	1.34	2
almighty	1.9	446
almond	4.71	56
almost	1.66	9857
aloe	4.83	15
aloft	2.64	37
aloha	2.59	149
alone	2.86	15735
aloneness	1.75	1
along	2.14	9330
alongside	2.82	192
aloof	1.46	33
aloofly	1.82	0
aloofness	2.17	0
aloud	3.1	94
alpaca	4.8099999999999996	10
alpha	1.81	414
alphabet	4.3099999999999996	127
alphabetic	3.04	0
alphabetical	3.07	44
alphabetically	3.74	30
alphabetization	2.31	0
alphabetize	3.13	5
alphanumeric	2.96	5
alphanumerical	3.32	0
alpine	3.7	65
already	1.64	16246
alright	1.93	4044
also	1.83	10528
altar	4.8499999999999996	259
altarpiece	4.54	2
alter	3.07	244
alterability	1.88	0
alterable	2.27	0
alteration	3.21	36
altercation	3.21	37
alternate	2.4300000000000002	180
alternately	2.0299999999999998	4
alternating	2.48	21
alternation	3	2
alternative	2.46	476
alternatively	1.92	5
alternativeness	1.85	0
alternator	4.2699999999999996	18
although	1.07	2143
altitude	2.96	198
alto	3.37	69
altogether	2.36	327
altruism	1.5	11
altruistic	1.96	18
altruistically	1.45	1
alum	3.96	7
aluminize	2.52	0
aluminum	4.88	115
alumni	3.19	89
always	1.71	33418
alzheimer	2.5299999999999998	85
am	1.96	56438
amaretto	4.5999999999999996	22
amass	2.2799999999999998	3
amateur	2.31	334
amateurish	1.93	19
amateurishly	1.88	0
amateurishness	1.8	0
amateurism	1.67	1
amaze	2	82
amazed	1.52	261
amazedly	1.44	0
amazedness	1.62	0
amazement	1.89	36
amazing	1.55	4167
amazingly	1.58	91
ambassador	4.28	689
ambassadorial	1.77	2
ambassadorship	2.68	3
amber	4.3499999999999996	473
ambiance	2.31	8
ambidexterity	3.23	0
ambidexterous	3.31	0
ambidextrous	3.63	12
ambidextrously	3.14	0
ambidextrousness	2.93	0
ambience	1.72	37
ambient	2.04	26
ambiguity	1.3	14
ambiguous	1.48	37
ambiguously	1.56	0
ambiguousness	1.54	0
ambition	1.74	273
ambitionless	2.04	0
ambitious	1.81	243
ambitiously	1.78	1
ambitiousness	1.78	0
ambivalence	1.7	12
ambivalent	1.21	12
amble	3.17	5
ambling	2.44	1
ambulance	4.8099999999999996	1143
ambulatory	2.92	12
ambush	3.16	277
ambusher	2.96	0
amen	1.78	1325
amenable	1.86	9
amend	2.3199999999999998	38
amendable	1.85	0
amendatory	1.6	0
amendment	2.44	209
amends	1.92	94
amenity	2.86	0
americanize	1.79	1
amethyst	4.09	6
amiable	2.39	30
amicability	1.48	0
amicable	1.74	13
amicableness	1.58	0
amicably	2.11	10
amid	2.27	45
amidst	2.15	35
amigo	3.28	259
amino	2.74	31
amiss	1.53	38
ammo	4.8499999999999996	274
ammonia	4.4400000000000004	76
ammonium	4.04	26
ammunition	4.88	300
amnesia	3.61	189
amnesiac	2.89	2
amnesty	2.1800000000000002	68
amoeba	3.77	16
amoebic	2.84	3
amok	2	26
among	2.38	1729
amongst	2.81	364
amoral	1.46	10
amorality	1.64	2
amorously	1.82	0
amorousness	1.92	0
amorphous	2.15	7
amorphously	1.96	0
amount	2.74	1262
amp	3.59	93
amperage	3.08	5
amphetamine	4.18	15
amphibian	3.77	20
amphibious	3.64	30
amphibiously	2.65	0
amphitheater	4.3600000000000003	5
ample	2.5	93
ampleness	2	0
amplification	2.93	8
amplifier	4.79	16
amplify	2.96	19
amplitude	2.92	6
amply	2	18
amputate	3.9	44
amputation	3.76	43
amputee	4.79	10
amuck	1.68	26
amulet	4	118
amusable	2.14	0
amuse	2.57	133
amused	1.96	128
amusedly	2	1
amusement	2.0699999999999998	191
amuser	3.52	0
amusing	2.14	469
amusingly	2	4
an	1.46	95071
anaconda	4.93	24
anaerobic	2.64	4
anaesthetize	2.69	1
anagram	3.63	26
anagrams	3.17	12
anal	3.3	138
analgesic	3.57	5
anally	2.92	5
analog	2.67	12
analogical	1.82	0
analogous	1.58	4
analogue	3.08	5
analogy	1.61	58
analyses	2.04	7
analysis	2.56	563
analyst	4.2300000000000004	177
analytic	1.8	4
analytical	1.86	30
analytically	1.82	0
analytics	2.4300000000000002	0
analyzability	1.93	0
analyzable	1.88	1
analyze	2.2999999999999998	165
analyzer	2.56	26
anamorphic	2.34	0
anaphylactic	3	27
anarchic	1.75	2
anarchical	1.76	0
anarchism	1.92	2
anarchist	2.83	29
anarchistic	1.88	1
anarchy	2.12	103
anatomic	2.44	4
anatomical	3.07	16
anatomically	3	16
anatomist	3.59	3
anatomization	2.38	0
anatomy	3.59	163
ancestor	3.24	86
ancestors	3.36	279
ancestral	1.96	29
ancestrally	2.33	2
ancestry	2.83	24
anchor	4.7699999999999996	378
anchorage	3.48	36
anchored	3.72	36
anchorless	3.29	0
anchorman	4.72	18
anchorwoman	4.66	14
anchovy	4.96	7
ancient	2.04	1105
anciently	2.4	1
and	1.52	682780
androgyny	2.58	1
android	4.22	45
anecdotal	2	19
anecdote	2.64	55
anecdotic	2.19	0
anemia	3.25	35
anemic	2.74	32
anemone	4.24	13
anesthesia	3.41	101
anesthesiologist	4.2699999999999996	27
anesthesiology	3.59	9
anesthetic	3.93	68
anesthetist	3.32	6
anesthetization	2.81	0
anesthetize	3.48	14
aneurism	3.56	6
aneurysm	3.79	101
anew	1.72	44
angel	3.82	3992
angelfish	5	5
angelic	2.2200000000000002	29
angelical	2.65	1
angelically	2.23	3
anger	2.41	991
angers	2.27	19
angioplasty	3.52	16
angle	3.5	761
angled	3.34	12
angler	4.1399999999999997	19
angles	3.59	164
angleworm	4.4800000000000004	1
angling	2.74	22
angrily	2.52	20
angriness	2.4300000000000002	0
angry	2.5299999999999998	3008
angst	1.96	47
anguish	2.38	110
anguished	2.2799999999999998	13
angular	3.07	7
angus	4.1900000000000004	208
animal	4.6100000000000003	2320
animalistic	2.39	5
animalize	2.33	0
animate	3.04	3
animated	2.96	61
animatedly	2.19	0
animating	3.08	4
animation	3.41	62
animator	4	2
anime	3.62	6
animosity	2.11	31
ankle	4.8099999999999996	409
anklebone	4.92	1
anklet	4.75	21
annex	4	43
annexation	2.3199999999999998	7
annihilate	2.75	36
annihilation	2.69	41
annihilative	1.96	0
annihilator	2.85	0
anniversary	3.15	939
annotate	3	3
annotation	3.06	0
annotative	1.92	0
annotator	3.52	0
announce	3.31	498
announcement	2.79	525
announcer	4.5199999999999996	574
annoy	1.93	128
annoyance	2.14	25
annoyed	2.89	175
annoyer	3.03	1
annoying	2.31	567
annoyingly	2.04	11
annoyingness	1.75	0
annual	1.78	367
annually	2.77	25
annuity	2.64	18
annul	2.2799999999999998	26
annulment	2.25	76
annunciation	2	1
anoint	2.84	10
anointed	2.71	38
anointer	3.35	0
anointment	2.8	0
anomaly	1.79	63
anonymity	1.88	46
anonymous	2.0299999999999998	429
anonymously	2	35
anonymousness	2.0699999999999998	0
anorexia	3.41	13
anorexic	2.85	29
another	2.69	25970
answer	2.89	8986
answerability	1.26	0
answerable	1.93	9
answerably	1.64	0
answerer	3.56	0
answerless	2.08	0
ant	4.8600000000000003	273
antacid	4.25	16
antagonism	2.33	11
antagonist	2.75	13
antagonistic	2.0699999999999998	22
antagonistically	2.19	0
antagonize	2.4300000000000002	27
antarctic	4.21	31
ante	3	111
anteater	4.8600000000000003	11
antelope	5	50
antenna	4.75	122
antennae	4.8499999999999996	28
anterior	3.5	48
anthem	3.36	96
anthill	4.8899999999999997	29
anthologist	3.52	0
anthology	3.07	14
anthrax	4.4400000000000004	66
anthropological	2.29	26
anthropologically	1.95	5
anthropologist	4	53
anthropology	2.41	67
anthropomorphic	2.5	0
anti	2.12	26
antiaircraft	3.48	25
antibacterial	3.17	17
antibiotic	4.43	33
antibiotics	4.45	187
antibody	3.48	13
antic	2.16	4
anticensorship	1.78	0
antichrist	2.93	49
antichristian	2	0
antichurch	2.5	0
anticipate	1.54	129
anticipation	1.93	127
anticipative	1.81	0
anticipator	2.52	0
anticipatory	1.69	6
anticlimactic	2	10
anticlimax	1.81	4
anticlockwise	2.96	2
anticoagulant	3.46	3
anticoagulation	2.76	2
anticommunism	1.63	1
anticommunist	2.46	1
anticonvulsive	2.78	0
anticorrosive	2.92	1
antics	2.6	50
antidemocratic	2.08	1
antidepressant	3.8	18
antidote	3.42	221
antiestablishment	2.2999999999999998	3
antifeminism	2	0
antifeminist	2.12	2
antifoaming	3.32	0
antifreeze	4.54	16
antifundamentalist	1.73	0
antifungal	3.55	1
antigambling	1.81	0
antiglare	3.09	0
antigovernment	1.85	4
antigravity	2.37	28
antigrowth	2.36	0
antihero	2.72	1
antiheroic	1.54	0
antihistamine	3.68	12
antihuman	1.58	1
antimatter	1.77	10
antimilitarist	2.74	0
antimilitary	1.7	1
antimonarchical	1.83	0
antinationalist	2.16	0
antioxidant	3.59	1
antipasto	3.96	8
antipathy	1.55	4
antipatriotic	1.9	0
antipersonnel	2.33	5
antiperspirant	4.25	7
antipoetic	1.62	0
antipollution	2.2200000000000002	0
antipoverty	1.9	0
antipsychotic	2.25	6
antiquate	1.8	0
antiquated	2.2200000000000002	28
antiquation	1.93	0
antique	3.75	309
antiquely	2.04	0
antiques	4.22	137
antiquing	3.29	10
antiquity	2.13	14
antirealism	1.46	0
antireligious	1.63	0
antirevolutionary	1.58	0
antirust	1.96	0
antisemitic	2.2000000000000002	0
antisemitism	1.83	0
antiseptic	3.85	44
antiseptically	2.2000000000000002	0
antiseptics	3.96	3
antislavery	2.2599999999999998	1
antismoking	2.86	0
antisocial	1.86	41
antisocialist	2.29	0
antitheft	2.56	0
antitheses	1.64	0
antithesis	2.27	16
antitoxic	3.15	0
antitoxin	3.16	18
antitrust	1.63	12
antiviral	3.17	1
antivirus	3.5	1
antiwar	2.2999999999999998	16
antler	4.8600000000000003	15
antlered	4.16	0
antlerless	3.81	0
antonym	2.81	0
antsy	2.5	32
anus	4.8600000000000003	56
anvil	4.96	32
anxiety	2.21	345
anxious	1.68	719
anxiously	2.08	31
anxiousness	2.08	0
any	1.72	56068
anybody	2.67	11573
anyhow	1.48	773
anymore	2.04	9597
anyone	2.7	13018
anyplace	2.4300000000000002	277
anything	1.38	46270
anytime	1.57	1248
anyway	1.68	12164
anyways	1.59	444
anywhere	2.21	4501
aorta	4.6100000000000003	78
apache	3.88	251
apart	3.15	2398
apartment	4.9000000000000004	4235
apartments	4.71	215
apartness	2.35	1
apathetic	1.62	18
apathetically	1.96	0
apathy	2.04	24
ape	4.79	493
apelike	2.86	2
apex	3.41	43
aphid	4.76	4
aphrodisiac	3.19	82
aphrodisiacal	2.33	0
aplenty	2.56	11
apnea	3.12	8
apocalypse	2.21	126
apocalyptic	1.83	18
apocalyptical	1.89	0
apocalyptically	1.96	0
apolitical	1.47	6
apologetic	1.88	22
apologetically	1.66	0
apologetics	1.76	0
apologist	2.97	1
apologize	2.63	2518
apologizer	2.81	0
apology	2.86	804
apostle	3.22	71
apostolic	2.2599999999999998	0
apostrophe	3.88	12
apothecary	3.76	20
app	3.86	8
appall	1.81	0
appalled	2.19	59
appalling	2.0299999999999998	99
appallingly	2.11	3
apparatus	3.78	77
apparel	4.5999999999999996	35
apparent	1.73	215
apparently	1.75	2415
apparentness	2.04	0
apparition	2.46	39
apparitional	2	0
appeal	1.73	663
appealable	1.73	0
appealing	2.17	162
appealingly	2.14	0
appear	3.13	1192
appearance	2.57	591
appeasable	1.88	0
appease	1.93	25
appeasement	1.71	10
appeaser	1.93	2
appeasing	1.79	3
append	2.04	0
appendage	4.26	21
appendectomy	4.42	33
appendices	3.48	2
appendicitis	3.48	48
appendix	4.25	133
appetite	2.74	456
appetizer	4.71	61
appetizing	2.1	32
appetizingly	1.85	0
applaud	3.8	109
applaudable	1.97	0
applauder	3.91	0
applause	4.29	576
apple	5	1207
applecart	4.92	1
applesauce	4.96	30
appliance	4.57	41
applicability	1.69	2
applicable	2.2999999999999998	14
applicableness	1.35	0
applicably	1.54	0
applicant	4	31
application	3.4	510
applicator	4.26	10
applicatory	1.92	0
applied	1.96	314
applier	3.12	0
apply	2.5	638
appoint	2.2400000000000002	104
appointee	3.5	4
appointer	2.71	0
appointment	3	1559
appraisable	2.33	0
appraisal	3.11	39
appraise	1.73	10
appraisement	2.19	0
appraiser	3.62	11
appraising	1.83	4
appraisingly	1.72	0
appreciable	1.57	3
appreciably	1.69	1
appreciate	2.23	4373
appreciation	1.63	261
appreciative	1.93	41
appreciatively	1.86	6
appreciativeness	1.57	0
appreciator	3	3
appreciatory	1.7	0
apprehend	2.82	73
apprehender	3.3	0
apprehensibility	1.58	1
apprehensible	1.71	0
apprehension	1.68	39
apprehensive	1.97	28
apprehensively	1.72	0
apprehensiveness	1.77	0
apprentice	3.67	99
apprenticeship	2.7	7
apprise	1.78	7
approach	2.74	1070
approachability	1.9	0
approachable	2.1800000000000002	4
approachableness	1.96	0
approaching	2.63	653
appropriate	2	657
appropriately	1.79	55
appropriateness	2.0699999999999998	2
appropriation	1.96	8
appropriator	2.68	0
approvable	1.86	0
approval	2.33	428
approve	1.85	580
approver	2.67	0
approvingly	1.88	0
approximate	2.0299999999999998	64
approximately	2.54	380
approximation	1.85	3
approximatively	2.12	1
apricot	4.97	32
april	3.33	1053
apron	4.87	136
apt	1.78	89
aptitude	1.54	55
aptly	1.66	20
aptness	1.59	0
aqua	3.66	70
aquaculture	2.64	0
aquamarine	4.43	23
aquarian	3.62	4
aquarium	4.7699999999999996	141
aquarius	2.57	58
aquatic	3.44	28
aquatically	3.08	0
aquatics	3.43	3
aqueduct	4.62	17
aquifer	4.04	2
arabic	3.43	174
arachnid	4.6500000000000004	13
arachnophobia	2.59	6
arbitrarily	1.38	17
arbitrariness	1.56	0
arbitrary	1.62	52
arbitrate	2.1	2
arbitration	2	23
arbitrational	1.58	0
arbitrative	1.69	0
arbitrator	3.2	4
arbor	4	39
arc	4.1399999999999997	247
arcade	4.74	111
arch	4.59	188
archaeological	2.67	48
archaeologically	2.12	0
archaeologist	4.45	57
archaeology	3.08	39
archaic	2.23	35
archaically	1.32	0
archangel	2.93	22
archangelic	2.5	0
archbishop	4.1399999999999997	188
archdeacon	4	6
archduchess	3.5	2
archduke	3.93	46
arched	3.82	9
archenemy	3.11	13
archer	3.9	278
archery	3.93	40
arches	4.3	43
archetypal	1.83	7
archetypical	1.36	0
arching	3.25	6
archipelago	3.96	7
architect	3.74	334
architectural	3.14	65
architecturally	2.88	3
architecture	3.59	162
archive	3.58	67
archives	3.93	129
archivist	3.57	4
archway	4.28	12
arcing	3.05	7
arctic	3	100
ardent	1.64	30
ardently	1.66	1
arduously	1.46	0
arduousness	1.74	0
are	1.96	265672
area	3.72	3821
arena	4.83	185
areola	4.78	7
argon	3.2	9
arguable	1.84	0
arguably	1.79	19
argue	2.75	1007
arguer	3.04	0
argument	2.85	867
argumentation	2	0
argumentative	2.36	38
argumentatively	2.0699999999999998	0
argumentativeness	1.84	0
arid	2.96	16
aridity	3.14	1
aridness	2.85	0
arise	3.17	151
arisen	2.15	11
aristocracy	2.97	32
aristocrat	3.76	69
aristocratic	2.42	37
aristocratically	1.59	0
aristocratism	2.2000000000000002	0
arithmetic	2.74	78
arithmetically	2.2999999999999998	0
arithmetician	3.5	0
ark	4.67	199
arm	4.96	3336
armada	4.04	55
armadillo	4.9000000000000004	154
armageddon	2.9	88
armband	4.67	14
armchair	5	21
armed	3.6	1164
armful	3.43	12
armhole	4.24	0
arming	2.59	57
armless	3.71	4
armload	3.54	4
armoire	4.5199999999999996	8
armor	4.76	372
armored	3.59	166
armory	4.3600000000000003	95
armpit	4.8	64
armrest	4.76	8
arms	4.97	3050
army	4.7	4370
aroma	3.67	69
aromatherapy	3.21	16
aromatic	3.04	14
aromatically	2.54	0
aromatization	2.38	0
aromatize	2.82	0
arose	2.19	42
around	1.96	37573
arousal	2.83	19
arouse	2.85	62
arouser	2.48	0
arraign	2.42	7
arraignment	2.58	71
arrange	2.79	791
arrangement	2.2999999999999998	482
arranger	2.81	11
array	2.54	108
arrest	3.93	3037
arrestee	4.04	2
arrester	3.29	0
arresting	2.84	192
arrestingly	1.89	0
arrhythmia	2.96	24
arrhythmic	2.54	2
arrival	3.07	422
arrive	3.22	953
arrogance	1.74	144
arrogant	2.0699999999999998	266
arrogantly	1.93	3
arrow	4.97	400
arrowed	2.71	0
arrowhead	4.7	21
arrowless	2.92	0
arsenal	3.86	102
arsenic	4.29	63
arson	3.66	153
arsonist	3.96	52
art	4.17	3611
artbook	4.4000000000000004	0
arterially	3.12	0
arteriolosclerosis	3.35	0
artery	4.4800000000000004	271
artesian	2.92	0
artful	2.42	9
artfully	1.81	7
artfulness	1.9	0
arthritic	3.35	13
arthritis	3.5	99
artichoke	4.63	28
article	4.33	998
articled	2.33	0
articulate	2.2000000000000002	85
articulated	2.08	10
articulately	1.5	0
articulateness	2.0699999999999998	0
articulation	2.65	8
artifact	4.5	56
artifice	2.72	3
artificial	2.93	246
artificiality	2.27	5
artificially	1.81	36
artificialness	2.04	0
artillery	4.3099999999999996	280
artilleryman	4.2699999999999996	3
artisan	3.03	5
artisanship	1.74	0
artist	4.24	1460
artistic	2.14	251
artistically	2.13	14
artistry	2	24
artless	1.89	3
artlessly	1.72	1
artlessness	1.79	0
arts	3.75	470
artsy	2.25	17
artwork	4.42	78
arugula	4.08	6
as	1.33	113068
asbestos	4.5199999999999996	66
ascend	2.66	47
ascendable	2.33	0
ascendant	2.2400000000000002	34
ascendency	1.92	0
ascender	2.65	0
ascending	2.66	35
ascension	2.37	44
ascent	2.61	16
ascertain	2.11	49
ascertainable	1.65	1
ascertainably	1.54	0
ascot	4.32	27
ascribe	2.44	5
aseptic	2.0699999999999998	2
asexual	2.4300000000000002	11
asexuality	2.67	0
asexualize	1.79	0
asexually	2.08	0
ash	4.96	469
ashamed	1.74	1396
ashamedly	1.56	0
ashamedness	2.0699999999999998	0
ashcan	4.78	7
ashen	3.12	9
ashes	4.92	503
ashore	3.42	317
ashtray	4.97	166
ashy	3.32	9
aside	2.21	1212
asinine	1.67	49
ask	2.52	24640
asker	3.13	3
askew	3.04	14
asleep	3.71	2541
asocial	1.96	0
asparagus	4.96	50
aspartame	4.5	0
aspect	1.82	197
aspen	4.59	96
asphalt	4.83	49
asphyxia	3.52	21
asphyxiate	3.74	8
asphyxiation	3.63	36
aspirate	3.3	10
aspiration	1.81	29
aspirator	3.36	0
aspire	1.53	55
aspirer	2	0
aspirin	4.76	395
aspiring	1.87	32
ass	4.67	11545
assail	2.68	5
assailant	3.96	75
assailer	3.24	0
assassin	4.43	302
assassinate	3	96
assassination	3.8	281
assassinator	3.31	1
assault	3.41	896
assaulter	3.58	0
assaying	2.39	1
assemblage	3	6
assemble	3.67	163
assembler	3.62	0
assembly	3.79	245
assemblyman	3.74	37
assent	2.64	4
assenting	2.15	0
assert	2.0299999999999998	43
asserter	2.2799999999999998	0
assertion	2.2000000000000002	14
assertive	2.0699999999999998	23
assertively	1.76	0
assertiveness	2.1	9
assess	2.2599999999999998	83
assessed	2	23
assessment	2.11	158
assessor	2.96	11
asset	2.92	193
assets	3.52	260
asshole	4.08	3142
assign	2.86	138
assignable	2.04	0
assigned	1.75	618
assigner	3.08	0
assignment	3.86	912
assimilate	2.17	26
assimilation	2.0299999999999998	10
assimilative	1.59	0
assimilator	2.83	0
assist	2.52	400
assistance	2.25	558
assistant	4.07	1643
assistantship	2.62	0
assister	2.48	0
assistive	2.04	0
associability	1.69	0
associate	3.41	458
associated	2.12	200
association	2.2999999999999998	414
associational	1.54	0
associative	1.93	13
associatively	1.88	0
assort	2.33	0
assorted	3.15	49
assortment	2.5	37
assumable	1.73	0
assume	1.75	1707
assumed	1.86	579
assumer	2.67	0
assuming	1.5	566
assumingly	1.68	0
assumption	1.84	170
assumptive	1.38	0
assurable	1.71	0
assurance	1.76	104
assure	2.4300000000000002	1021
assured	2.21	316
assuredly	1.82	16
assuredness	1.59	1
assurer	2.52	0
assuring	1.62	14
asterisk	4	23
asteroid	4.8600000000000003	86
asthma	3.71	197
asthmatic	2.96	20
asthmatically	2.48	0
astigmatism	3.15	10
astonish	1.7	23
astonished	2.15	48
astonisher	2.62	0
astonishing	1.68	87
astonishingly	1.55	13
astonishment	2.92	14
astound	1.93	22
astounded	1.71	12
astounding	1.69	66
astoundingly	1.61	1
astral	2.2599999999999998	49
astride	2.58	8
astringency	2	0
astringent	3.21	6
astrobiology	2.3199999999999998	1
astrologer	3.78	14
astrologic	2.2599999999999998	0
astrological	2.48	15
astrologically	2.0699999999999998	0
astrologist	3.87	2
astrology	2.48	47
astronaut	4.75	202
astronautics	2.5	3
astronomer	4.2699999999999996	36
astronomic	2.5299999999999998	3
astronomical	2.92	37
astronomically	1.86	3
astronomy	3.03	67
astrophotography	3.72	0
astrophysical	1.77	1
astrophysicist	4.07	8
astrophysics	3	18
astute	1.85	51
astutely	1.65	0
asylum	4.41	234
asymmetric	3.5	2
asymmetrical	3.21	6
asymmetrically	2.2999999999999998	0
asymmetry	2.89	3
asymptomatic	2.12	11
at	2.0699999999999998	164072
ate	3.74	1722
atheism	2.23	5
atheist	2.93	55
atheistic	1.67	2
athlete	4.3	235
athletic	2.69	197
athletically	2.2599999999999998	1
athleticism	1.97	11
athletics	3.65	32
atlantic	3.26	504
atlas	4.79	52
atmosphere	3.04	493
atmospheric	2.9	47
atmospherically	2.19	0
atmospherics	2.48	1
atom	3.34	140
atomic	2.93	249
atomically	1.92	0
atomics	2.3199999999999998	3
atomization	2.79	0
atomize	2.2400000000000002	3
atomizer	4.04	4
atonable	1.57	0
atone	1.88	43
atonement	1.44	18
atop	3.24	52
atrium	4.72	36
atrocious	1.69	35
atrociously	1.65	6
atrociousness	2.17	0
atrocity	2.15	32
atrophy	2.86	21
attach	3.33	126
attachable	2.9	0
attached	3.23	623
attachment	3.04	59
attack	3.71	3853
attackable	2.2000000000000002	0
attacker	4.04	73
attain	2.1800000000000002	47
attainability	2.08	0
attainable	2.19	7
attainment	2.13	3
attempt	2.2200000000000002	975
attemptable	2.08	0
attempted	2	392
attempter	2.81	0
attend	3.17	715
attendance	3.07	135
attendant	4.4400000000000004	158
attendee	3.79	1
attention	2.2999999999999998	5032
attentive	1.78	66
attentively	1.97	15
attentiveness	2.2400000000000002	3
attest	1.89	22
attestable	1.96	0
attic	4.53	400
attire	4.47	76
attitude	1.97	1330
attorney	4.5199999999999996	2060
attract	2.73	290
attraction	2.2400000000000002	348
attractive	2.64	1256
attractively	1.93	3
attractiveness	2.14	9
attractor	2.79	4
attributable	1.81	5
attribute	2.33	45
attributer	2.0699999999999998	0
attribution	2.04	4
attributive	1.71	0
attributively	2.04	0
attunement	1.77	1
atypical	1.93	19
auburn	3.72	29
auction	3.93	454
auctioneer	4.55	24
audacious	1.63	26
audaciously	1.5	0
audaciousness	1.67	0
audacity	1.62	48
audibility	1.96	0
audible	3.23	36
audibleness	3.04	0
audibly	2.93	3
audience	4.29	1294
audio	3.5	284
audiogram	3.74	0
audiologist	4	3
audiology	2.15	2
audiometric	2.2799999999999998	0
audiotape	4.79	9
audiovisual	2.97	11
audit	3.15	57
audition	3.66	705
auditor	3.38	24
auditorium	4.7	80
auditory	3.07	27
augment	2.81	19
augmentable	2.41	0
augmentation	2.74	9
augmentative	2	0
augmented	2.46	7
augmenter	2.16	0
august	3.04	520
aunt	4.17	2815
auntie	4.4800000000000004	401
aura	2.67	93
aural	2.52	4
aurora	3.48	125
auspices	1.86	6
auspicious	1.96	26
auspiciously	1.59	0
auspiciousness	1.67	0
austere	1.96	11
austerity	1.38	5
authentic	2.31	230
authentically	1.89	3
authenticate	2.2799999999999998	31
authentication	2	14
authenticator	3.11	6
authenticity	1.74	59
author	4.26	405
authoritarian	2.08	3
authoritarianism	1.67	1
authoritative	1.68	10
authoritatively	1.54	1
authoritativeness	2.23	0
authority	2.34	1082
authorization	2.4500000000000002	184
authorize	2.2200000000000002	105
authorized	2.2200000000000002	319
authorizer	2.48	0
authorless	2.2200000000000002	0
authorship	2.52	5
autism	2.69	36
autistic	2.89	58
auto	4	391
autobiographer	4.07	1
autobiographical	2.77	22
autobiographically	2.81	0
autobiography	3.74	41
autocracy	2.23	2
autocratic	1.74	4
autoeroticism	2.78	0
autograph	4.2300000000000004	416
autographed	3.83	60
autographic	2.65	0
autoimmune	2.64	9
autoimmunization	2.72	0
automaker	4.07	1
automate	2.71	4
automated	2.75	73
automatic	2.82	356
automatically	2.0299999999999998	213
automaticity	2.42	0
automation	2.48	9
automaton	3.46	11
automobile	4.96	291
automotive	4.1900000000000004	33
autonomous	2	11
autonomously	2.35	4
autonomy	2.04	27
autopilot	3.08	51
autopsy	4.29	489
autoregulation	1.93	0
autoworker	4.67	0
autumn	3.27	193
auxiliary	2.64	109
avail	1.33	43
availability	2.3199999999999998	30
available	2.11	1323
availableness	2.04	0
availably	1.64	0
avalanche	4.32	173
avatar	3.21	14
avenge	2.0699999999999998	154
avengement	1.73	0
avenger	3.08	120
avenging	2.0699999999999998	23
avenue	4	861
average	2.4	849
averagely	2.08	0
aversely	2	0
averseness	1.52	0
aversion	1.85	68
avert	2.41	30
averted	2.0299999999999998	35
avertedly	1.59	0
aviation	3.39	73
aviator	4.57	28
avid	1.72	25
avidly	1.88	5
avocado	4.8899999999999997	62
avoid	2.41	1239
avoidable	1.79	2
avoidably	1.57	0
avoidance	1.86	26
avoider	2.12	2
avowed	1.83	2
await	1.54	181
awake	3.32	1362
awaken	3.45	125
awakening	3.07	63
award	4.1399999999999997	657
awardable	1.76	0
awardee	3.87	1
awarder	3.5	0
aware	2	1818
awareness	1.84	115
awash	2.08	16
away	2.23	37276
awe	1.89	134
awed	1.78	6
awesome	1.83	1600
awesomely	1.69	5
awesomeness	1.57	7
awestruck	2.0299999999999998	3
awful	1.92	3234
awfully	1.67	1035
awfulness	2.2000000000000002	5
awhile	1.54	483
awkward	2	730
awkwardly	1.84	13
awkwardness	2.34	32
awl	3.81	2
awning	4.6100000000000003	24
awoke	3.76	67
awry	2.1	28
ax	4.9000000000000004	221
axe	5	249
axed	2.59	15
axel	4.5199999999999996	132
axes	4.68	35
axially	2.65	0
axiom	2	7
axis	3.57	81
axle	4.5	63
aye	2.09	2236
azalea	4.4000000000000004	6
babble	3.31	44
babbler	3.61	0
babbling	3.6	158
babe	3.67	1814
babied	2.31	5
baboon	4.92	87
baboonish	2.48	0
baby	5	25978
babycarriage	4.5999999999999996	0
babyface	3.5	0
babyhood	2.77	1
babyish	2.68	5
babyishly	2.12	0
babysit	3.45	104
babysitter	4.57	236
babytalk	3.62	0
bachelor	4.32	504
bachelordom	2.48	0
bachelorette	3.9	82
bachelorhood	2.68	11
bachelorism	1.71	0
bachelorship	2.56	0
back	4.33	102467
backache	4	13
backbend	3.92	2
backboard	4.93	24
backbone	4.1900000000000004	84
backboned	3.14	0
backboneless	1.96	0
backbreaker	2.88	1
backbreaking	3	6
backburner	3	0
backcountry	3.27	15
backcourt	3.39	5
backdate	2.56	0
backdoor	4.5	30
backdrop	4.4800000000000004	24
backed	2.4300000000000002	382
backer	2.8	54
backfield	4.1399999999999997	16
backfill	3.35	1
backfire	2.86	44
backfiring	3.17	10
backflow	3.04	1
backgammon	4.47	37
background	3.26	899
backhand	3.88	37
backhanded	2.76	7
backhandedly	1.71	0
backhandedness	2.46	0
backing	2.85	324
backlands	3.81	0
backlash	1.85	7
backless	3.74	15
backlight	4.4000000000000004	0
backlit	3.54	4
backlog	3.29	17
backpack	4.96	186
backpacker	4.8899999999999997	2
backpedal	3.81	2
backrest	4.5199999999999996	1
backroom	4.5	26
backscratcher	4.58	5
backseat	4.6100000000000003	117
backshift	2.84	0
backside	4.07	85
backslap	3.92	0
backslapping	3.36	1
backslash	3.83	4
backslid	2.78	3
backslide	2.93	1
backslider	2.72	0
backspace	4.0999999999999996	0
backspin	3.28	5
backstab	2.85	5
backstabber	3.14	7
backstage	4.3099999999999996	261
backstairs	4.33	10
backstop	4.17	11
backstreet	4.1900000000000004	14
backstretch	3.42	16
backstroke	4.46	14
backswept	2.6	1
backswing	3.88	12
backtalk	3.11	3
backtrack	2.59	38
backtracker	3.11	0
backup	3.2	862
backward	3.41	159
backwardly	2.21	0
backwardness	2	1
backwards	3.17	667
backwash	3.76	14
backwashing	3.73	1
backwater	3.04	31
backwoods	3.22	27
backwoodsman	4.18	0
backyard	4.57	369
bacon	4.9000000000000004	605
bacteria	4.1399999999999997	155
bacterial	3.54	37
bacterially	2.44	0
bactericide	3.62	0
bacteriologic	2.2799999999999998	0
bacteriologist	3.77	0
bacteriology	2.87	0
bacterium	3.69	9
bad	1.68	27804
badass	2.5	75
badge	4.93	778
badger	4.37	89
badland	3.77	1
badlands	3.05	12
badly	1.93	1336
badminton	4.7	19
badmouth	2.36	12
badness	2.2599999999999998	29
baffle	2.37	8
baffled	2.16	47
bafflement	2.0699999999999998	0
baffler	2.17	0
baffling	1.72	15
bafflingly	1.72	0
bag	4.9000000000000004	4796
bagel	5	156
bagful	3.62	5
baggage	4.43	318
bagged	3.77	95
baggie	4.59	21
bagginess	3.19	0
bagging	3.14	43
baggy	3.61	48
baglike	3.17	0
bagpipe	4.97	15
bagpiper	4.67	1
bagpipes	4.93	35
baguette	4.6399999999999997	14
bail	3.86	885
bailiff	4.5	110
bailsman	4.1500000000000004	0
bait	4.45	496
baits	3.62	9
bake	4.21	323
baked	4.1900000000000004	341
baker	4.71	698
bakery	4.83	179
bakeshop	4.93	2
baking	4.0999999999999996	177
baklava	4.32	15
balance	2.89	764
balanceable	2.85	0
balanced	2.79	121
balancer	2.89	2
balancing	3.17	41
balcony	4.68	373
bald	4.6900000000000004	496
balder	3.29	8
baldhead	4.4400000000000004	2
balding	3.93	28
baldish	2.57	0
baldly	2.83	0
baldness	3.96	12
bale	4.3	104
balk	2.76	3
ball	5	5353
ballad	3.88	72
ballast	3.14	60
balled	2.93	23
ballerina	4.6100000000000003	118
ballet	4.04	523
ballgame	4.3899999999999997	52
ballistic	2.61	59
ballistics	3.12	120
balloon	4.92	442
ballooner	4	0
ballooning	2.89	5
balloonist	4.5	3
ballot	4.7300000000000004	69
balloting	3.43	4
ballpark	4.43	89
ballplayer	4.68	32
ballpoint	4.41	20
ballroom	4.7	220
ballsy	2.04	20
balm	3.68	30
balminess	3.09	0
balmy	2.8	29
baloney	3.5	154
balsam	4.21	8
balsamic	3.54	8
balsawood	4.58	1
bambino	4.1900000000000004	25
bamboo	4.8600000000000003	80
bamboozle	2.25	3
bamboozled	2.36	16
bamboozlement	1.84	0
bamboozler	3.31	0
ban	2.37	160
banana	5	547
band	4.68	2724
bandage	4.8499999999999996	146
bandaid	4.62	0
bandanna	5	21
banded	3.12	9
banding	3.15	6
bandit	4.3600000000000003	191
bandleader	4.67	17
bandmaster	4.25	1
bandsman	3.96	0
bandstand	4.1900000000000004	41
bandwagon	3.29	24
bandwidth	3.19	25
baneful	1.83	1
bang	3.77	1019
banger	3.24	35
banging	3.38	436
bangle	4.38	5
banish	2.41	69
banisher	3.09	0
banishment	2.16	10
banister	4.75	67
banjo	4.9000000000000004	83
banjoist	4.04	0
bank	4.78	4334
bankable	2.14	8
bankbook	4.8099999999999996	8
banked	3.29	22
banker	4.43	243
banking	3.55	152
banknote	4.88	6
bankroll	3.75	56
bankrupt	3.24	143
bankruptcy	2.68	121
banner	4.8	302
bannered	3.58	0
banning	2.2799999999999998	53
bannister	4.32	219
banquet	4	263
banquette	4.08	1
banshee	3.12	57
banter	2.85	70
baptism	3.41	61
baptismal	3.04	6
baptize	3.83	37
baptizer	3.97	1
bar	4.67	4385
barb	4.5199999999999996	118
barbarian	3.52	92
barbarianism	2.2799999999999998	0
barbaric	2.5	72
barbarically	1.82	0
barbarism	2.41	15
barbarous	1.63	11
barbarously	1.7	0
barbecue	4.5199999999999996	456
barbed	3.81	67
barbedwire	5	0
barbell	4.79	18
barber	4.59	279
barbershop	4.8499999999999996	108
barbless	3.08	0
barbwire	4.68	2
barcode	4.74	0
bare	3.21	425
bareback	3.96	23
barebacked	3.52	4
barebone	3.11	0
barefaced	3.19	4
barefoot	4.62	121
barefooted	4.33	9
barehanded	4.0999999999999996	7
bareheaded	3.77	1
barelegged	4.07	0
barely	1.71	1482
bareness	3.15	0
barf	4.6100000000000003	100
barfly	4.17	6
bargain	2.59	612
bargainer	3.29	2
bargaining	2.76	106
barge	4.66	198
bargraph	4.32	0
barista	4.68	4
baritone	3.67	21
bark	4.5199999999999996	280
barkeep	4.22	50
barkeeper	4.6100000000000003	3
barker	4.12	149
barking	4.1900000000000004	459
barley	4.59	46
barmaid	4.17	35
barman	4.46	28
barn	4.79	693
barnacle	4.92	32
barnyard	4.79	45
barometer	4.57	36
barometric	2.76	12
barometrically	2.78	0
baron	4.1399999999999997	687
baroness	3.92	134
baroque	2.62	16
barrack	4.78	18
barracuda	5	35
barred	3.11	64
barrel	4.8600000000000003	542
barreled	2.85	3
barrelful	3.38	7
barrelhead	2.82	16
barren	3.2	75
barrenness	2.4700000000000002	3
barrette	4.12	8
barricade	4.57	75
barricader	3.61	0
barrier	4.41	173
barring	2.37	33
barstool	4.63	14
bartend	3.93	4
bartender	4.82	498
bartending	3.74	16
barter	2.96	46
barterer	3.42	0
base	3.86	1804
baseball	4.8600000000000003	1288
baseboard	4.9000000000000004	9
basecamp	4.1100000000000003	0
based	1.85	1357
baseless	2.11	17
baseline	2.86	38
baseman	4.1100000000000003	30
basement	4.8899999999999997	1074
baseness	2.11	2
bases	3.63	182
bash	3.52	167
basher	3.37	16
bashful	2.19	63
bashfully	2.1	1
bashfulness	2.0699999999999998	1
basic	2.2599999999999998	794
basically	1.32	1327
basics	2.27	114
basil	4.76	69
basin	4.63	96
basinet	4.4000000000000004	0
basis	1.83	609
bask	3.03	29
basket	5	672
basketball	4.97	1091
basketful	3.82	6
basketry	3.7	0
basketwork	4.4800000000000004	0
bass	4.3099999999999996	385
bassinet	4.71	18
bassist	4.17	6
bassoon	4.67	16
bassoonist	4.58	0
bastard	3.14	3348
bastardization	1.8	0
bastardize	1.93	1
bastardly	1.83	0
baste	4.07	18
basting	4.07	4
bat	5	1052
batboy	4.67	6
batch	3.8	212
bath	4.8499999999999996	1587
bathe	4.1900000000000004	128
bathhouse	4.6900000000000004	26
bathing	4.07	379
bathmat	4.8099999999999996	13
bathrobe	5	85
bathroom	4.5199999999999996	3145
bathtub	4.92	311
bathwater	4.83	9
bating	3.92	0
batman	4.5	239
baton	4.6399999999999997	145
bats	4.76	309
battalion	3.75	298
batter	4.41	203
battered	3.04	57
battering	2.82	28
battery	4.67	633
batting	4.1399999999999997	164
battle	4	2155
battleaxe	4.2300000000000004	1
battled	3.14	25
battlefield	4.54	165
battlefront	4	4
battleground	4.04	24
battleship	4.8099999999999996	87
battlewagon	4	2
batty	2	35
batwing	4.3899999999999997	2
bauble	3.23	22
bawl	3.52	28
bawler	3.78	0
bay	4.8099999999999996	1236
bayberry	4.3499999999999996	3
bayonet	4.7699999999999996	80
bayoneted	3.68	3
bayou	4.54	68
bazaar	3.63	58
bazooka	4.66	46
be	1.85	293085
beach	4.79	2888
beachball	4.97	0
beachcombing	3.04	1
beached	3.45	21
beachfront	4.46	18
beachside	4.04	1
beachwear	4.6399999999999997	2
beacon	4.38	197
bead	4.9000000000000004	57
beaded	4.41	11
beading	4.5199999999999996	3
beadlike	3.23	0
beadwork	4.46	2
beady	3.46	36
beagle	4.8099999999999996	64
beak	4.96	107
beaker	4.72	22
beaklike	3.12	0
beam	3.96	445
beamed	2.5	48
beaming	2.52	42
beamingly	2.27	0
beamlike	2.65	0
bean	5	349
beanbag	4.96	26
beanbags	4.8099999999999996	5
beanie	4.74	78
beanpole	4.79	10
beanstalk	4.7	18
bear	4.88	2928
bearable	2.25	34
bearably	2	0
beard	4.96	643
bearded	4.62	65
beardless	4.3600000000000003	8
bearer	3.58	92
bearing	2.82	486
bearings	3	85
bearish	2.48	2
bearishly	2.14	0
bearishness	2.29	0
bearlike	2.44	1
bearskin	4.7300000000000004	21
beast	4.63	1252
beastlike	3.12	0
beastliness	2.15	1
beastly	2.2599999999999998	34
beat	3.97	6716
beatable	1.76	2
beaten	3.21	611
beater	3.62	36
beating	3.76	1160
beau	3.73	298
beautician	4.6900000000000004	11
beautification	2.2200000000000002	7
beautifier	2.48	0
beautiful	2.16	14266
beautifully	1.72	357
beautifulness	1.89	0
beautify	2.5	8
beauty	2.93	2460
beaver	4.68	246
bebop	2.54	21
because	1.22	54622
beckon	3	10
beckoning	2.97	16
become	1.54	5894
becomes	1.61	1231
becoming	1.67	1167
becomingly	1.68	0
bed	5	9543
bedazzle	2.52	0
bedazzlement	2.12	0
bedazzling	2.36	0
bedbug	4.54	15
bedchamber	4.43	12
bedclothes	4.63	9
bedcover	4.63	0
bedded	2.7	18
bedding	4.6100000000000003	38
bedfellow	3.75	7
bedmate	4.2699999999999996	1
bedpan	5	48
bedpost	4.79	16
bedrail	4.67	0
bedridden	3.39	17
bedrock	4.46	16
bedroll	4.4000000000000004	8
bedroom	4.9000000000000004	1872
bedsheet	5	3
bedside	3.92	98
bedsore	4.6100000000000003	4
bedspread	4.8499999999999996	23
bedspring	4.72	1
bedtime	2.9	316
bee	4.88	528
beech	3.96	18
beechnut	4.46	0
beef	4.74	1005
beefburger	4.96	2
beefcake	3.9	9
beefiness	2.67	0
beefsteak	4.76	37
beefy	3.19	16
beehive	4.93	44
beekeeper	4.67	9
beekeeping	4.07	2
beelike	2.38	0
beeline	3.08	8
been	1.92	88573
beep	4	332
beeper	4.7699999999999996	144
beer	4.88	3850
beerhouse	4.2699999999999996	1
bees	4.72	272
beestings	4.3499999999999996	0
beeswax	4.88	23
beet	4.8	14
beetle	4.83	105
befall	1.72	30
befitting	2.04	21
befittingly	1.5	0
before	1.96	40501
beforehand	1.97	74
beforetime	1.67	1
befoul	2.08	2
befriend	2.36	22
befuddle	2.25	0
befuddled	2.29	8
befuddlement	1.84	0
beg	2.96	2600
beget	2.25	16
beggar	4.59	126
begging	3.22	766
begin	2.56	2906
beginner	2.73	99
beginning	2.5	3219
begone	1.85	26
begrudge	1.89	24
begrudgingly	1.89	3
beguile	1.76	10
beguilement	1.48	1
beguiling	1.62	8
begun	1.69	538
behalf	1.52	620
behave	1.78	828
behavior	2.19	1142
behavioral	1.48	79
behaviorism	1.85	0
behaviorist	2.83	1
behead	4.24	9
beheld	2.0699999999999998	24
behemoth	3.15	10
behind	3.48	9581
behold	1.67	303
beholden	1.69	31
beholder	3.04	15
beholding	1.79	6
behoove	1.56	15
behooves	1.58	7
beige	3.41	69
being	1.93	24781
bejewel	3.11	0
belated	1.89	22
belatedly	1.63	0
belatedness	1.72	0
belch	4.1399999999999997	37
belief	1.19	388
believability	1.79	4
believable	1.46	72
believe	1.55	31882
believer	2.73	174
believing	1.69	532
believingly	1.46	0
belittle	2.1	37
belittlement	1.87	0
bell	4.96	2006
bellboy	4.3899999999999997	63
belle	3.08	413
bellflower	4.26	3
bellhop	4.42	34
belligerence	2.33	1
belligerency	2.3199999999999998	3
belligerent	2.29	33
bellman	4.8899999999999997	55
bellow	3.42	23
belly	4.8	794
bellyache	3.72	15
bellybutton	5	33
bellyful	3.16	30
belong	1.43	2263
belonging	1.92	105
belongings	3.88	154
beloved	2.14	651
below	3.45	1430
belowground	4.04	0
belt	4.9000000000000004	1242
belted	4.04	26
belting	3.08	5
beltless	3.32	2
beltline	3.75	1
beltway	3.72	13
beluga	4.3899999999999997	28
bemuse	1.96	0
bemusedly	1.67	0
bench	4.87	493
benching	3.73	4
benchmark	2.48	3
benchmarking	2.65	3
benchwarmer	3.84	10
bend	3.88	768
bendable	3.23	0
bended	3.32	12
bender	2.62	211
bending	3.18	122
bendy	3.42	11
beneath	3.11	593
benediction	2	13
benefactor	3.36	86
beneficently	1.64	0
beneficial	1.77	40
beneficially	1.63	2
beneficiary	3	69
beneficiate	2.3199999999999998	0
benefit	2.25	732
benefiter	3.19	0
benevolence	1.63	21
benevolent	1.44	37
benevolently	1.59	1
benign	1.89	58
benignly	1.65	2
bent	3.62	368
benzene	4.2	22
bequeath	2	43
berate	2.5	13
bereave	1.96	0
bereaved	2	23
bereavement	2.33	23
beret	4.8	48
berry	4.93	178
berryless	3.88	0
berrylike	3.24	0
berserk	2.35	70
beseeching	1.88	2
beseechingly	1.83	0
beside	2.59	774
besides	2.25	4328
besiege	2.46	14
besieged	2.2799999999999998	13
besiegement	2.23	0
bespectacled	3.38	1
bespoke	1.75	3
bespoken	1.8	0
best	1.6	20623
bestiality	2.75	18
bestow	2.0699999999999998	56
bestowal	2.2400000000000002	0
bestowing	2.52	6
bestseller	2.59	35
bestselling	2.52	4
bet	3.1	8763
beta	2.84	175
betray	2.17	466
betrayal	1.76	216
betrayer	2.9	19
betrothal	2.67	11
betrothed	2.36	56
better	1.91	40494
bettering	1.84	4
betting	3.57	430
between	2.72	8932
bevel	4.22	4
beverage	4.5999999999999996	119
beware	2	292
bewilder	1.96	2
bewildered	1.8	52
bewilderedly	1.78	0
bewildering	1.76	11
bewilderingly	1.92	0
bewilderment	2.0299999999999998	4
bewitch	2.11	6
bewitcher	2.65	1
bewitchery	1.74	0
bewitching	2.25	15
bewitchingly	1.55	1
bewitchment	2.36	2
beyond	1.72	2200
biannual	2.27	7
biannually	2.54	3
bias	1.68	82
biased	1.52	47
bib	4.79	25
bible	4.6100000000000003	935
biblical	1.97	114
biblically	1.96	1
bibliographer	3.96	0
bibliographic	2.41	0
bibliographical	2.78	0
bibliographically	2.33	0
bibliography	3.96	3
bicarbonate	3.71	37
bicentennial	2.81	22
bicep	4.67	16
biceps	4.93	48
bicker	3.15	25
bickerer	3.07	0
bicultural	2.37	1
bicuspid	4.09	5
bicycle	4.8899999999999997	337
bicycler	4.63	0
bicyclist	4.6100000000000003	0
bid	2.71	642
bidder	3.4	88
bidding	2.69	234
biddy	2.48	12
bide	1.73	28
biding	2.48	11
bidirectional	2.3199999999999998	0
bifocal	4.0999999999999996	1
bifocals	4.6399999999999997	9
big	3.66	34824
bigamist	2.83	15
bigamy	2.64	26
bigger	3.53	2765
biggest	3.07	2085
biggie	2.41	105
bigheaded	2.36	3
bighearted	1.75	5
bigheartedness	1.64	0
bigmouth	3.13	27
bigmouthed	2.62	0
bigness	2.83	6
bigot	3.11	31
bigoted	1.96	10
bigotry	2.38	34
bigwig	2.92	10
bihourly	2.75	0
bike	5	1320
biker	4.7	79
bikini	4.96	188
bilateral	2.7	30
bilaterally	2.66	20
bile	4.46	40
bilinear	2.38	0
bilingual	3.28	19
bilingualism	2.21	0
bilingually	2.17	0
bill	4.68	6041
billboard	4.83	69
billed	2.96	36
billfold	4.71	12
billiard	4.55	42
billiards	4.6100000000000003	33
billing	3.54	101
billion	3.79	568
billionaire	3.22	98
billon	3.23	1
billowy	2.2599999999999998	3
bimbo	3.04	107
bimolecular	3.18	0
bimonthly	3.24	9
bin	4.72	274
binary	3	38
bind	3.4	171
binder	4.8899999999999997	39
binding	3.39	111
binge	3.1	47
bingo	4	640
binocular	4.5	1
binoculars	5	80
binomial	2.33	2
bio	2.57	88
bioactive	3.17	0
biochemical	2.84	38
biochemically	2.69	0
biochemist	3.81	21
biochemistry	3.4	29
biochip	4.33	0
biodegradable	3.11	10
biodiversity	2.19	2
bioelectricity	2.58	1
biofuel	3.45	0
biogenetic	2.46	4
biogenetically	1.92	0
biogenetics	2.62	4
biographer	4.41	22
biographic	2.1	0
biographical	2.1	12
biographically	2.12	1
biography	3.39	75
biohazard	3.03	10
biologic	2.96	7
biological	3.11	300
biologically	1.86	34
biologist	3.96	64
biology	3.48	250
bioluminescence	3.28	3
bioluminescent	4.05	3
biomathematics	2.39	0
biomechanical	3	5
biomechanics	3	0
biomedical	2.59	4
biometrical	2.1	0
biometrically	1.83	1
bionic	2.54	30
biopharmaceutical	2.35	0
biophysical	2.12	2
biophysicist	4.5599999999999996	1
biophysics	2.83	2
biopsy	3.89	79
bioreactor	3.35	0
biorhythm	2.48	2
bios	2.92	5
biosensor	3.63	0
biosphere	3.22	5
biostatistics	2.92	0
biosynthesis	2.75	9
biosynthetic	2.96	0
biotech	3	16
biotechnology	2.9	8
bipartisan	2	4
bipartisanship	2	0
bipedal	4	9
bipolar	2.64	42
bipolarity	2.04	0
biracial	3.08	9
birch	4.12	79
bird	5	2318
birdbath	4.96	10
birdbrain	2.0699999999999998	12
birdcage	4.6399999999999997	24
birdcall	3.75	0
birdhouse	4.96	13
birdie	3.79	253
birdlife	3.27	0
birdlike	3.21	0
birdseed	4.96	18
birdshot	4.05	6
birdsong	3.72	12
birdwatching	3.97	0
birth	4.46	1405
birthday	3.2	4958
birthing	3.42	28
birthmark	4.3499999999999996	85
birthplace	3.46	41
birthrate	2.63	1
birthright	2.34	46
birthstone	4.25	6
birthweight	3.7	0
biscuit	4.9000000000000004	191
bisect	3.48	2
bisection	3.29	1
bisectional	3.21	0
bisexual	2.65	54
bisexualism	2.8	0
bisexuality	2.68	2
bisexually	2.34	0
bishop	4.21	855
bison	4.68	17
bisque	4.08	20
bistro	4.4400000000000004	46
bisymmetric	2.83	0
bit	3.27	11987
bitch	3.72	8609
bitchiness	2.68	1
bitchy	2.3199999999999998	64
bite	4.4400000000000004	2080
biter	3.88	29
biting	3.93	250
bitmap	3.28	0
bitten	4.16	188
bitter	2.93	568
bitterly	1.81	39
bitterness	2.36	72
bitters	3.89	18
bittersweet	2.73	23
biweekly	3.1	6
biyearly	2.39	0
biz	2.38	95
bizarre	1.79	372
bizarrely	1.64	6
bizarreness	1.92	0
blab	2.5	29
blabber	2.92	8
blabbermouth	3.35	28
black	3.76	8565
blackball	3.12	8
blackberry	4.97	38
blackbird	5	42
blackboard	4.72	60
blacken	3.43	20
blackened	3.59	16
blackener	3.04	0
blackening	3.2	0
blacker	2.09	29
blackface	3.96	23
blackfish	4.41	1
blackhead	4.71	4
blackheads	4.79	5
blackheart	3.2	0
blackish	2.76	0
blackjack	3.93	208
blacklist	2.96	24
blackly	2.29	3
blackmail	2.78	394
blackmailer	3.21	54
blackness	3.54	45
blackout	3.73	225
blacksmith	4.38	107
blacksmithing	3.93	1
blacksnake	4.33	2
blacktop	4.6500000000000004	16
bladder	4.4800000000000004	202
bladderless	3.19	0
blade	4.93	663
bladed	3.71	6
bladelike	3.52	0
blah	1.4	686
blamable	1.76	0
blame	2.06	2998
blamed	1.68	287
blameful	2.0299999999999998	1
blamefully	1.58	0
blamefulness	1.56	0
blameless	1.67	21
blamelessly	1.6	0
blamelessness	1.4	0
blamer	2.78	1
blameworthiness	2.2799999999999998	0
blameworthy	1.93	0
blaming	2.21	354
blanching	3.39	3
bland	2.38	55
blandish	1.93	1
blandly	2.27	1
blandness	2.29	5
blank	3.12	495
blanked	2.21	13
blanket	5	662
blanketed	3.11	7
blanketing	2.83	1
blanking	2.12	8
blankly	1.7	4
blankness	2.74	1
blaspheme	2.31	14
blasphemer	2.58	14
blasphemous	1.52	22
blasphemously	1.77	0
blasphemousness	1.57	0
blasphemy	2.2200000000000002	75
blast	3.9	825
blasted	2.52	229
blaster	3.67	52
blasting	3.04	99
blastoff	3.19	32
blatancy	1.71	0
blatant	2.08	58
blatantly	1.67	24
blather	2.23	14
blaze	4.28	107
blazer	4.79	62
blazing	3.64	93
blazingly	2.2400000000000002	0
bleach	4.74	118
bleachable	2.88	0
bleached	3.72	49
bleacher	4.1399999999999997	3
bleaching	3.9	24
bleak	2.54	55
bleakly	1.68	0
bleakness	1.55	1
bleary	2	2
bleat	3.83	6
bleating	3.52	12
bleed	4.4000000000000004	515
bleeder	3.5	60
bleeding	4.3	1516
bleep	3.1	136
blemish	4.07	30
blend	3.7	218
blended	3.33	38
blender	5	85
blending	3.45	26
bless	2.68	1788
blessed	2.1	704
blessedly	1.91	3
blessedness	1.58	4
blessing	2.19	495
blessings	2.08	206
blight	2.81	29
blighted	2.3199999999999998	6
blimp	4.76	53
blind	4.03	2337
blinded	3.36	189
blinder	4.04	6
blindfold	4.57	88
blindfolded	4.55	61
blinding	3.17	75
blindingly	2.1	4
blindly	2.67	56
blindness	3.73	67
blindside	3.24	4
bling	4	61
blink	4.3899999999999997	258
blinked	4.03	65
blinker	4.45	12
blinking	4.8499999999999996	113
blinks	4.08	30
blip	3.19	41
bliss	1.37	160
blissful	2.15	27
blissfully	1.89	14
blissfulness	2.1	0
blister	4.71	48
blistered	4	12
blistering	2.93	24
blisteringly	2.19	0
blistery	3.52	0
blithely	1.55	13
blithering	2.19	18
blitz	2.85	64
blizzard	4.68	99
bloat	3.04	26
bloated	3.36	86
bloating	3.43	12
blob	4.0599999999999996	60
block	4.4800000000000004	2067
blockade	4.25	78
blockader	3.88	0
blockage	3.93	34
blockbuster	2.72	54
blocked	3.45	346
blocker	3.67	18
blockhead	2.68	41
blockheaded	1.96	1
blockheadedness	1.93	0
blocking	3.04	293
blockish	2.2599999999999998	0
blog	3.92	33
blogger	3.1	0
blogosphere	2.79	0
bloke	3.89	238
blond	4.41	533
blonde	4.5199999999999996	710
blondeness	2.88	1
blondish	3.3	4
blondness	3.07	1
blood	4.8600000000000003	9492
bloodbath	3.54	72
bloodcurdling	1.97	8
blooded	2.79	23
bloodhound	4.76	50
bloodied	3.93	28
bloodily	3.19	1
bloodiness	3.52	0
bloodless	3.15	4
bloodlessly	2.4	0
bloodlessness	2.92	0
bloodline	2.93	30
bloodlust	2.31	9
bloodmobile	3.82	2
bloodshed	3.83	100
bloodshot	4.26	26
bloodstain	4.67	12
bloodstained	4.37	16
bloodstream	4.04	88
bloodsucker	3.81	18
bloodsucking	3.31	13
bloodthirstily	1.88	0
bloodthirstiness	2.04	0
bloodthirsty	2.4500000000000002	49
bloodworm	4.3600000000000003	1
bloody	4.08	1962
bloom	4	281
bloomer	3.68	18
bloomers	4.26	24
blooming	4.07	81
bloomless	3.16	0
blooper	3.29	12
blossom	4.26	184
blossomed	3.25	18
blossomless	3.61	0
blot	3.44	48
blotch	3.86	10
blotched	3.17	2
blotchy	3.48	7
blotter	3.83	27
blotting	3.71	12
blouse	4.96	272
bloused	3.29	0
blow	3.74	4976
blower	4.07	17
blowfish	4.6900000000000004	31
blowgun	4.83	3
blowhard	2.31	19
blowhole	4.34	3
blowing	4.21	921
blowjob	4.33	82
blown	2.88	811
blowout	3.35	76
blowpipe	4.42	4
blowtorch	4.93	43
blowup	3.65	15
blubber	3.93	43
blubberer	3.35	0
blubbering	2.64	33
blubberingly	2.1800000000000002	0
blubbery	3.42	3
bludgeon	3.81	12
bludgeoned	3.27	24
blue	3.76	5222
bluebeard	3.35	12
blueberry	4.96	131
bluebird	4.97	39
blueblood	2	2
bluebonnet	4.3899999999999997	1
bluebook	4.4400000000000004	5
bluecoat	4.04	0
bluefin	4.96	4
bluefish	4.79	8
bluegrass	3.52	37
bluejay	4.97	18
blueness	3.22	9
blueprint	4.7699999999999996	63
bluer	3.25	25
blueray	4.1900000000000004	0
blues	2.31	523
bluesman	3.63	15
bluetooth	3.59	0
bluff	3	317
bluffer	2.21	5
bluish	2.68	7
bluishness	3	0
blunder	2.35	46
blunderer	3.12	2
blundering	2.2400000000000002	35
blunderingly	2.19	0
blunt	3.07	250
blunted	2.93	7
bluntly	2.0299999999999998	25
bluntness	2.11	11
blur	3.3	109
blurb	3.04	13
blurred	3.52	37
blurredness	2.5	0
blurriness	2.93	1
blurry	3.7	70
blurt	3.17	25
blush	4.41	136
blushing	3.72	102
blushingly	2.15	0
blushless	2.09	0
blustering	2.89	4
blusteringly	2.42	0
blusterous	2.08	0
blusterously	2.2200000000000002	0
blustery	2.89	11
boa	4.92	66
boar	4.8	111
board	4.57	3272
boarder	3.52	29
boarding	3.44	564
boardinghouse	4.5	6
boardroom	4.66	39
boardwalk	4.78	94
boast	2.3199999999999998	54
boaster	2.46	2
boastful	2.48	11
boastfully	2.34	0
boastfulness	2.2400000000000002	3
boasting	2.52	33
boat	4.93	4885
boatbuilding	3.87	0
boater	4.33	1
boathouse	4.78	39
boating	3.85	52
boatload	3.44	24
boatman	4.7300000000000004	30
boatmanship	2.3199999999999998	0
boatwoman	4.32	0
boatyard	4.59	13
bob	3.68	4666
bobbed	3.32	9
bobbing	3.54	31
bobble	3.24	4
bobcat	4.93	20
bobsled	4.9000000000000004	48
bobsledder	4.28	5
bobsleigh	4.7699999999999996	12
bobtail	4.59	5
bodacious	2.04	17
bode	1.88	24
bodice	4.78	11
bodied	2.52	2
bodiless	1.88	2
bodily	2.69	108
body	4.79	9972
bodybuilder	4.43	14
bodybuilding	3.93	16
bodyguard	4.75	292
bodysurf	4.5	4
bodywork	3.43	10
bog	4.08	49
bogey	3.69	127
bogeyman	3.12	44
bogginess	2.23	0
boggle	2	19
boggy	2.78	5
bogus	2.19	138
bogusness	1.69	0
bohemia	2.65	11
bohemian	2.73	48
boil	4.2	303
boilable	2.75	0
boiled	3.89	169
boiler	4.5199999999999996	144
boilermaker	4.2	6
boilerplate	4.16	19
boiling	4.3899999999999997	215
boisterous	2.59	12
boisterousness	1.93	0
bold	2.4300000000000002	385
boldface	2.96	2
boldfaced	2.61	1
boldly	1.67	33
boldness	2	11
bolero	4.5599999999999996	6
bologna	4.93	99
bolster	1.89	16
bolsterer	3	0
bolt	4.67	351
bolting	3.18	8
boltlike	2.6	0
bomb	4.84	2736
bombard	3	12
bombardier	3.81	35
bombardment	2.81	43
bombed	3.33	197
bomber	4.45	214
bombing	3.93	382
bombproof	3.5	6
bombshell	3.88	46
bombsite	4.13	0
bonanza	3.38	83
bonbon	4.6100000000000003	25
bond	3.62	1595
bondage	3.65	87
bonded	2.96	80
bondholder	3.38	0
bonding	2.48	155
bondless	2	0
bondman	3.81	0
bondsman	3.79	26
bondswoman	4.3099999999999996	0
bondwoman	3.67	0
bone	4.9000000000000004	1329
boned	3.5	41
bonefish	4.46	0
bonehead	3.29	60
boneheaded	2.56	7
boneless	3.72	15
bonelike	3.77	0
boner	4.34	119
boney	3.29	5
bonfire	4.83	89
bong	4.2699999999999996	142
bongo	4.7699999999999996	137
boniness	3.79	0
bonk	2.91	17
bonkers	1.76	57
bonnet	4.93	95
bonsai	4.03	50
bonus	3.04	469
bony	3.67	61
boo	2.48	596
boob	4.38	153
booby	4.21	129
booger	4.5	62
boogeyman	3.24	35
boogie	3.23	265
boogieman	2.76	3
boohoo	2.63	5
book	4.9000000000000004	9026
bookbag	4.8600000000000003	0
bookbinder	4.93	3
bookbinding	4.46	0
bookcase	4.93	48
booked	2.5499999999999998	531
bookend	4.32	2
booker	3.79	102
bookie	3.92	130
booking	3	116
bookish	2.0699999999999998	9
bookishness	2.12	0
bookkeeper	4.6399999999999997	65
bookkeeping	3.43	38
bookless	2.72	1
booklet	4.72	28
booklist	4.5	0
booklover	3.16	0
bookmaker	3.97	24
bookmaking	3.63	10
bookman	3.65	8
bookmark	4.9000000000000004	21
bookmarker	4.62	1
bookrack	4.75	0
bookroom	4.68	0
bookseller	4.43	5
bookselling	3.62	0
bookshelf	4.93	17
bookshop	4.84	41
bookstall	4.21	0
bookstand	4.59	0
bookstore	4.8899999999999997	200
bookwork	3.93	1
bookworm	3.69	37
boom	3.66	1112
boomerang	4.7	47
booming	2.37	53
boomingly	1.92	0
boon	2.48	108
boondocks	3.71	19
boorishly	1.68	0
boorishness	2.2599999999999998	2
boost	2.89	230
booster	2.93	135
boot	4.96	568
booted	3.14	42
booth	4.42	1039
bootie	4.59	8
booting	2.96	9
bootlace	4.54	1
bootleg	2.92	42
bootlegger	3.86	33
bootlegging	2.5	16
bootless	3	3
bootlicker	3.5	3
boots	5	977
bootstrap	4.3099999999999996	3
booty	4.3600000000000003	313
booze	4.4800000000000004	558
boozer	3.37	18
booziness	2.23	0
boozy	2.46	8
bop	3.63	94
borax	4.1500000000000004	5
bordello	4.04	16
border	4.29	876
bordered	3.7	4
bordering	2.83	18
borderland	2.96	1
borderless	2.76	0
borderline	3	81
bore	2.96	395
bored	2.13	1029
boredom	1.96	109
borehole	4	3
boring	2.0699999999999998	1398
boringly	1.71	1
boringness	1.86	2
born	3.22	4268
borough	3.81	60
borrow	3.1	1495
borrowable	1.73	0
borrower	3.27	4
borrowing	2.9	147
bosom	4.63	159
boss	3.83	6339
bossed	2.23	6
bossiness	2.15	0
bossing	2.4	40
bossy	2.21	89
botanic	2.35	4
botanical	3.54	53
botanically	2.25	2
botanist	4.07	14
botany	2.97	20
botch	2.75	16
botched	2.48	58
botchy	2.52	0
both	2.97	15062
bother	2	3436
bothersome	1.85	16
bottle	4.91	2588
bottlebrush	4.62	0
bottled	4.3099999999999996	133
bottlelike	3.22	0
bottleneck	3.97	26
bottlenose	4.32	2
bottler	4	1
bottling	3.26	38
bottom	4.25	2546
bottomed	2.64	6
bottoming	2.17	6
bottomless	2.11	45
bottomline	2.3199999999999998	0
bottommost	3.3	0
botulism	3.52	28
bought	2.96	4362
bouillon	4.2	7
boulder	4.67	106
boulevard	4.7300000000000004	264
bounce	3.86	502
bouncer	4.38	81
bounciness	2.75	1
bouncing	3.93	217
bouncingly	2.29	0
bouncy	3.18	91
bound	3.43	940
boundary	3.04	69
bounded	2.83	9
bounding	3.24	10
boundless	2	15
boundlessly	2.04	0
boundlessness	1.44	0
bounteous	2.46	2
bountiful	2.0699999999999998	39
bountifully	1.79	1
bountifulness	1.85	0
bounty	3.41	366
bouquet	4.74	164
bourbon	4.93	319
bourgeois	1.97	60
bourgeoisie	2.42	15
bout	3	974
boutique	4.2699999999999996	55
bovine	3.93	22
bow	4.6100000000000003	1034
bowed	3.3	41
bowel	4.53	183
bowels	4.33	87
bower	4.08	13
bowing	3.67	64
bowl	4.87	1094
bowleg	4.12	0
bowlegged	4.1900000000000004	12
bowler	4.45	67
bowlful	3.64	3
bowlike	3.08	0
bowling	4.5599999999999996	545
bowls	4.7300000000000004	111
bowstring	4.6399999999999997	0
bowtie	4.8899999999999997	6
box	4.9000000000000004	4577
boxcar	4.83	33
boxer	4.63	196
boxing	4.55	370
boxingglove	4.6500000000000004	0
boxlike	3.57	0
boxy	3.2	9
boy	4.76	27021
boycott	2.76	49
boycotter	3.77	0
boyfriend	4.59	3684
boyhood	2.29	31
boyish	2.4300000000000002	31
boyishly	2.14	6
boyishness	2.37	0
boysenberry	4.75	22
bra	4.54	557
brace	3.96	319
braced	3	14
bracelet	4.96	398
bracer	2.86	5
braces	5	164
bracing	3.14	23
bracket	4.43	32
bracketing	3.31	0
brag	2.41	179
braggart	3.15	13
bragger	3	1
bragging	3.1	118
braggingly	1.92	0
braid	4.38	48
braided	4.3600000000000003	18
braiding	4.1100000000000003	5
braille	4.4400000000000004	28
brain	4.6900000000000004	3928
brainchild	2.5499999999999998	11
braininess	1.89	0
brainless	2.1800000000000002	45
brainlessly	1.89	0
brainlessness	2.08	0
brainpower	1.56	8
brains	3.96	1401
brainsickness	2.4300000000000002	0
brainstem	4.5999999999999996	11
brainstorm	2.5499999999999998	40
brainteaser	2.93	0
brainwash	2.21	22
brainwashed	2.04	85
brainwasher	2.96	1
brainwashing	2.4300000000000002	37
brainwave	3.3	5
brainwork	2.12	1
brainy	1.88	48
braise	3.09	0
braised	3.12	11
brake	4.4400000000000004	305
brakeless	3.43	0
braless	3.92	1
bramble	4.12	0
bran	4.4800000000000004	67
branch	4.9000000000000004	514
branched	3.14	7
branching	2.84	15
branchless	3	0
branchlike	2.88	0
branchy	3.54	1
brand	3.29	712
branded	3.52	79
brander	2.82	21
brandy	4.8099999999999996	567
brash	2.46	21
brashness	1.61	1
brass	4.7	618
brassiere	4.6399999999999997	27
brassiness	1.96	0
brasslike	3.3	0
brassware	4.68	0
brassy	3.36	6
brat	3.62	317
bratty	2.31	6
bratwurst	4.82	24
bravado	1.93	24
brave	2.2599999999999998	1617
bravely	1.93	78
braveness	1.92	3
braver	2	58
bravery	1.96	147
braving	2.12	8
bravo	1.86	970
brawl	3.63	108
brawler	4.04	10
brawling	3.37	28
brawn	2.79	29
brawniness	2.65	0
brawny	2.88	9
brazen	1.93	60
brazenfaced	2.7	0
brazenly	2.29	7
brazenness	1.82	0
brazier	3.87	2
brazil	4.1900000000000004	268
breach	2.48	317
bread	4.92	1445
breadbasket	4	10
breadbin	4.54	0
breadboard	4.7	1
breadbox	4.8899999999999997	6
breadcrumb	4.8899999999999997	0
breaded	4.07	11
breadfruit	4.79	6
breadstick	4.97	0
breadth	2.23	22
breadwinner	3.24	16
breadwinning	2	0
break	3.71	11275
breakable	3.03	8
breakage	3.44	11
breakaway	2.78	34
breakdance	4.54	0
breakdown	2.75	373
breaker	3.85	117
breakeven	2.1800000000000002	0
breakfast	4.43	3381
breaking	3.93	2155
breakneck	2.73	5
breakout	3.41	16
breakpoint	2.64	0
breakthrough	1.87	175
breakup	2	149
breakwater	4.17	5
breast	4.8899999999999997	457
breastbone	4.33	9
breasted	3.46	6
breastfeed	4.04	9
breastfeeding	4.22	13
breastmilk	4.83	0
breastplate	4.67	12
breasts	5	634
breaststroke	4.2699999999999996	10
breath	4.3600000000000003	2291
breathable	3.04	14
breathalyzer	4.63	3
breathe	4.07	2474
breathed	3.57	71
breather	3.44	62
breathiness	2.92	0
breathing	4.0999999999999996	1417
breathless	3.67	55
breathlessly	2.68	9
breathlessness	2.76	2
breathtaking	1.85	63
breathy	3.24	1
bred	3.38	125
breech	2.96	35
breeched	2.88	1
breeches	4.07	19
breeching	3.18	0
breed	2.85	323
breeder	3.13	40
breeding	2.96	186
breeze	3.62	410
breezeless	3.08	0
breezeway	4.04	2
breeziness	2.76	0
breezy	3.72	40
brethren	3.25	68
brevity	2.23	11
brew	4.07	128
brewer	4.33	45
brewery	4.62	92
brewing	3.07	48
briar	4.4400000000000004	39
bribable	1.92	1
bribe	3.44	308
briber	2.75	0
bribery	2.89	69
brick	4.83	519
bricklayer	4.42	10
bricklaying	3.92	1
bricklike	3.68	0
brickwork	4.4800000000000004	2
brickyard	4.79	3
bridal	3.25	133
bride	4.63	1235
bridegroom	4.3899999999999997	73
bridesmaid	4.41	125
bridge	4.97	2331
bridged	3.4	4
bridgeless	3.19	1
bridgework	4.3099999999999996	6
bridging	2.81	11
bridle	4.2699999999999996	15
bridled	3.44	3
brie	4.28	46
brief	2.38	732
briefcase	4.8600000000000003	438
briefing	2.79	233
briefly	1.9	163
briefness	2.11	0
briefs	4.33	42
brig	4.4800000000000004	155
brigade	4.3	163
bright	3.92	2265
brighten	3.41	70
brightener	3.3	0
brightening	3.04	6
brightly	2.73	38
brightness	3.43	30
brilliance	2.39	75
brilliancy	2.04	2
brilliant	2.0699999999999998	1826
brilliantly	1.97	63
brim	4.2300000000000004	45
brimless	3.48	0
brimmed	3.04	0
brimming	2.9	18
brimstone	3.83	71
brine	4.24	16
bring	2.5499999999999998	16685
brininess	2.17	0
brink	2.48	127
brisk	2.5	53
brisket	4.6100000000000003	47
briskly	2.83	12
briskness	2.4700000000000002	0
bristle	3.96	11
bristled	3.57	1
bristly	3.16	1
brittle	3.56	71
brittleness	2.86	0
bro	3.27	1270
broach	3.74	23
broad	2.4500000000000002	751
broadband	3.04	16
broadcast	3.46	457
broadcaster	4.3499999999999996	7
broadcasting	3.52	163
broaden	2.2999999999999998	50
broadleaf	3.7	0
broadly	1.68	9
broadminded	1.74	3
broadness	2.1	0
broadside	4	23
broadways	3.12	0
broccoli	4.87	116
brochure	4.76	97
broil	4.03	15
broiler	4.83	10
broiling	3.67	4
broke	3.29	5355
broken	4.1100000000000003	3634
brokenhearted	2.56	20
brokenheartedly	1.65	0
brokenness	2.48	0
broker	4.03	185
brokerage	3.61	28
bronchia	4.25	0
bronchial	3.73	17
bronchitis	3.52	18
bronchopneumonia	3.46	0
bronchoscope	4.5	0
bronco	4.75	72
brontosaur	4.58	0
brontosaurus	4.5199999999999996	11
bronze	4.47	143
bronzed	4.07	17
bronzer	4.43	1
bronzing	3.65	1
brooch	4.1900000000000004	67
brood	2.96	55
brooder	3.44	2
brooding	1.93	49
broodingly	2.0699999999999998	0
broody	1.5	8
brook	4.43	104
broom	4.8899999999999997	243
broomstick	4.8	43
broth	4.68	45
brothel	4.2300000000000004	82
brother	4.43	14481
brotherhood	2.58	212
brotherliness	1.86	0
brotherly	1.93	43
brought	2.23	8786
brow	4.3899999999999997	94
browbeat	2.38	3
browbeater	2.65	0
browed	2.75	0
brown	4.4800000000000004	3066
brownie	4.82	180
browning	3.08	123
brownish	3.24	12
brownness	3.11	0
brownnose	2.2400000000000002	7
brownnoser	2.73	1
brownstone	4.4000000000000004	25
browse	3.07	30
browser	4.26	9
browsing	3.22	52
bruise	4.7300000000000004	165
bruiser	2.89	77
bruising	3.6	86
brunch	4.41	189
brunette	4.57	178
brunt	2.21	25
brush	4.54	722
brushed	3.29	123
brusher	3.22	0
brushes	4.67	72
brushfire	4.4800000000000004	2
brushing	3.81	111
brushless	2.92	1
brushstroke	4.2699999999999996	1
brushwood	3.96	1
brushwork	3.3	1
brutal	2	375
brutalism	2	0
brutality	2.48	112
brutalization	2.31	0
brutalize	2.69	4
brutally	2.58	92
brute	3.31	162
brutish	2.4300000000000002	21
brutishly	1.96	0
brutishness	2.35	0
bubble	4.5999999999999996	408
bubblegum	4.6500000000000004	18
bubbler	3.88	0
bubbling	3.44	56
bubbly	3.52	70
bubonic	2.63	21
buccaneer	3.76	6
buccaneering	2.42	1
buck	4.67	1721
bucked	2.96	16
bucket	4.96	511
bucketful	4.45	4
buckeye	3.76	9
bucking	3.81	64
buckle	4.71	257
buckled	3.76	30
bucksaw	4.58	0
buckshot	4.78	52
buckskin	4.17	7
buckskinned	3.44	0
bucktooth	4.79	7
bucktoothed	4.18	8
buckwheat	4.54	24
bud	4.4800000000000004	1808
buddhism	2.2999999999999998	33
buddhist	3.92	121
budding	2.97	33
buddy	3.48	5247
budge	2.65	104
budget	3.14	513
budgetary	2.21	7
budgeter	3.62	0
budlike	3.36	0
buff	3.73	127
buffalo	4.83	607
buffed	3.32	15
buffer	2.89	85
buffet	4.67	226
buffing	3.28	18
buffoon	3.39	44
buffoonish	2.27	0
bug	5	1068
buggy	4.18	127
bughouse	3.88	11
bugle	4.84	88
bugler	4.58	58
build	3.71	2452
buildable	2.2799999999999998	0
builder	3.97	48
building	4.6399999999999997	5078
buildup	3.08	59
built	3.5	2099
bulb	4.93	200
bulblike	3.3	0
bulge	3.92	48
bulginess	3.59	0
bulimia	2.9	19
bulimic	2.96	29
bulk	3.24	97
bulked	2.38	3
bulkhead	4.17	48
bulkiness	2.71	0
bulky	3	26
bull	4.8499999999999996	1403
bulldog	4.71	232
bulldogged	2.5	0
bulldoze	3.83	14
bulldozer	4.9000000000000004	66
bullet	4.83	1950
bulleted	3.08	0
bulletin	4.72	183
bulletproof	3.89	130
bullfight	4.5199999999999996	15
bullfighter	4.7	34
bullfighting	4.5199999999999996	14
bullfrog	4.9000000000000004	26
bullheaded	2.46	20
bullheadedness	1.67	2
bullhorn	4.7	23
bullion	4.26	43
bullish	2.2999999999999998	1
bullishly	1.65	0
bullishness	2.2599999999999998	0
bullpen	4.5999999999999996	33
bullring	4.68	13
bullseye	4.4000000000000004	34
bullshit	2.96	3537
bullwhip	4.8499999999999996	11
bully	3.92	368
bullying	2.92	50
bum	4.21	787
bumble	2.44	12
bumblebee	4.96	33
bummed	2.37	119
bummer	1.97	212
bumming	2.12	32
bump	4.0999999999999996	630
bumper	4.96	181
bumpily	3.19	0
bumpiness	3.39	3
bumping	4	94
bumpkin	3.42	19
bumpy	3.76	190
bun	4.88	147
bunch	3.5	3003
bunchy	2.78	1
bundle	4.22	199
bundler	3.48	3
bungalow	4.63	84
bungee	4.3899999999999997	36
bunghole	3.96	33
bungle	1.84	9
bungler	2.67	6
bunion	4.6399999999999997	35
bunk	4.3	320
bunkbed	4.93	0
bunker	4.79	239
bunkhouse	4.37	41
bunkmate	4	11
bunny	4.97	946
bunt	3.61	41
bunted	3.24	1
bunting	4	11
buoy	4.57	60
buoyancy	3.48	18
buoyant	3.36	9
buoyantly	2.46	0
bur	3.88	6
burden	2.63	501
burdensome	2.0699999999999998	1
burdensomeness	1.7	0
bureau	4.04	568
bureaucracy	1.64	26
bureaucrat	3.86	29
bureaucratic	2.21	41
bureaucratically	2.04	0
bureaucratization	1.96	0
bureaucratize	1.85	0
burger	4.93	522
burglar	4.4400000000000004	282
burglarize	3.82	3
burglarproof	2.69	1
burglary	3.64	182
burgundy	4.04	137
burial	3.93	242
buried	3.93	1738
burlap	4.78	11
burlesque	3.12	36
burlesquer	3.4	0
burley	3.35	56
burliness	3.33	1
burly	3.04	17
burn	4.1100000000000003	2816
burnable	3.07	0
burned	3.72	1448
burner	4.78	93
burning	3.85	1561
burnout	2.44	12
burnt	3.93	488
burp	4.34	66
burr	3.93	35
burrito	5	84
burrow	3.67	28
burrower	3.4	3
burst	3.1	435
bury	3.82	1054
burying	3.57	119
bus	4.9000000000000004	3783
busboy	4.74	86
bush	4.9000000000000004	720
bushed	2.19	37
bushel	4.3	32
bushfire	4.75	0
bushiness	2.88	0
bushman	3.83	9
bushwhacking	3.15	4
bushy	3.75	25
busied	2.42	2
busily	2.2000000000000002	4
business	3.28	16371
businesslike	2.52	12
businessman	4.47	404
businesspeople	4.0999999999999996	0
businessperson	4.17	2
businesswoman	4.3499999999999996	25
busload	4.12	24
busman	3.91	3
bust	3.73	1406
busted	2.85	1168
buster	2.57	823
bustle	2.54	42
bustled	2.63	2
bustling	2.21	14
busty	3.56	12
busy	2.41	5433
busybody	2.96	31
busying	2.12	0
busywork	2.83	4
but	2.04	225291
butane	4.3099999999999996	15
butch	3.1	328
butcher	4.6500000000000004	434
butchering	3.36	16
butchery	3.16	13
butler	4.63	508
butt	4.75	1967
butter	4.9000000000000004	1042
butterball	4	17
buttercream	4.8499999999999996	0
buttercup	4.71	121
buttered	4.07	42
butterfat	4.4800000000000004	2
butterfingered	2.48	0
butterfingers	3.28	27
butterfly	4.93	281
buttermilk	4.68	62
butternut	4.5999999999999996	8
butterscotch	4.58	25
buttery	3.68	17
butting	2.86	74
buttock	4.79	17
buttocks	4.83	93
button	4.96	1441
buttoned	4.1100000000000003	38
buttonhole	4.7	11
buttonholer	3.73	0
buttonhook	4.04	3
buttons	4.8	444
buttress	4.25	2
buxom	3.46	5
buxomness	3.04	0
buy	3.35	9814
buyable	2.12	1
buyer	4.3600000000000003	264
buyout	2.4300000000000002	11
buzz	3.7	814
buzzard	4.74	93
buzzer	4.66	201
buzzing	3.5	221
buzzword	2.82	6
by	1.55	68364
bye	2.25	9184
bygone	1.69	13
bylaw	3	6
bypass	3.5	182
byproduct	3.16	13
bystander	4.17	45
byte	2.68	6
byway	3.32	7
cab	4.88	1826
cabana	4.79	46
cabbage	4.75	148
cabbie	4.42	71
cabby	3.91	38
cabdriver	4.79	14
cabin	4.92	1002
cabinet	4.8899999999999997	425
cabinetmaker	4.3899999999999997	0
cabinetmaking	4.04	0
cabinetry	4.4800000000000004	0
cabinetwork	4.26	0
cable	4.74	1108
cabled	3.67	19
cableway	4.22	0
cabling	3.39	3
caboose	4.96	30
cache	3.8	31
cackle	3.63	15
cackler	3.72	0
cacti	4.5	4
cactus	5	148
cadaver	4.4800000000000004	60
cadaverous	2.7	1
caddie	4.37	36
caddy	4.32	145
cadence	2.7	15
cadet	4.21	176
cadillac	4.93	292
cadmium	4.07	7
caesarean	3.08	10
caesarian	3.67	5
cafe	4.96	258
cafeteria	4.71	289
caffeine	4.04	150
cage	5	1034
caged	4.22	83
cagey	2.04	29
cahoots	1.96	32
cajoling	2.58	4
cake	4.8099999999999996	2298
cakewalk	2.64	21
calamari	4.79	31
calamitously	1.46	1
calamity	2	102
calcification	2.92	1
calcium	4.07	90
calculability	2.5	0
calculable	2.29	0
calculate	2.74	106
calculated	2.66	120
calculatedly	1.52	1
calculating	2.04	60
calculatingly	2.11	0
calculation	3	32
calculative	2.12	3
calculator	4.8600000000000003	66
calculus	2.2599999999999998	47
calendar	4.62	363
calender	4.82	3
calf	4.4800000000000004	151
calfskin	4.53	10
caliber	3	139
calibrate	3.24	12
calibration	3	11
calibrator	4.17	0
calico	4.04	16
calipers	4.78	1
call	4	43931
callback	3.27	44
caller	3.96	222
calligrapher	4.28	3
calligraphic	3.67	1
calligraphist	3.59	0
calligraphy	4.32	28
calling	2.85	6311
callous	2.44	50
callously	1.85	5
callousness	1.93	8
callus	3.27	11
calm	2.83	4541
calmer	2.19	36
calmingly	2	0
calmly	2.2999999999999998	124
calmness	1.83	5
caloric	2.56	4
calorie	3.44	12
calves	4.66	82
calzone	4.78	5
camaraderie	2.19	27
camcorder	5	32
came	1.85	23650
camel	4.93	256
camelback	3.67	2
cameo	3.19	24
camera	5	2907
cameraman	4.63	110
camerawork	3.31	2
camisole	4.8099999999999996	5
camouflage	4.24	94
camp	4.3499999999999996	2612
campaign	3	856
campaigner	3.52	8
camper	4.63	73
campfire	4.79	64
campground	4.7	9
camping	4	315
campout	3.82	8
campsite	4.55	30
campus	4.6399999999999997	546
campy	2.04	3
can	4.55	267620
canal	4.68	326
canary	4.63	149
cancel	2.41	933
cancelable	2.2599999999999998	0
cancelation	2.12	1
cancellation	2.1	65
cancer	3.86	1139
cancerous	3.1	13
candelabra	4.88	6
candid	1.81	102
candidacy	2.39	32
candidate	3.81	434
candidateship	1.92	0
candidly	1.67	26
candidness	1.61	1
candied	3.62	14
candle	4.8600000000000003	409
candleholder	4.8499999999999996	1
candlelight	4.4800000000000004	85
candlelit	3.6	12
candlepower	3.6	1
candlestick	4.93	25
candlewick	4.7	0
candlewood	3.86	0
candor	1.96	51
candy	4.83	1825
cane	4.87	425
canine	4.71	86
canister	4.93	73
cannabis	4.6900000000000004	23
canned	3.68	214
canner	4.24	4
cannery	3.88	13
cannibal	3.82	56
cannibalism	3.07	29
cannibalistic	2.5	6
cannibalistically	2.56	0
cannibalization	3.52	0
cannibalize	3.12	7
canning	3.74	10
cannon	4.79	444
cannonball	4.8	73
cannot	2.33	6465
canoe	4.8600000000000003	182
canoeing	4.21	9
canoeist	3.75	0
canola	4.1100000000000003	1
canon	4.5599999999999996	50
canonization	1.74	0
canopener	4.8099999999999996	0
canopy	4.5199999999999996	86
cant	2.0499999999999998	119
cantaloupe	4.76	38
cantankerously	1.96	0
canteen	4.88	87
canter	3.42	11
cantina	3.89	30
canvas	4.78	216
canvass	4.08	49
canyon	4.8099999999999996	418
cap	4.59	956
capability	1.93	70
capable	2.21	1062
capableness	1.56	0
capably	2.04	2
capacitor	3.96	14
capacity	3.1	413
cape	4.7699999999999996	420
caped	3.69	7
caper	3.74	90
capes	4.8099999999999996	16
capful	3.83	4
capillary	4.29	12
capital	4.0999999999999996	648
capitalism	1.96	51
capitalist	2.89	78
capitalistic	1.72	15
capitalistically	1.37	0
capitalization	3.25	11
capitalize	2.29	24
capitol	4.3099999999999996	122
capitulation	1.78	5
capped	2.96	62
capping	2.96	4
cappuccino	4.79	146
capricorn	3.17	93
capsize	3.57	11
capsule	4.5199999999999996	130
captain	4.1900000000000004	10622
caption	3.93	18
captivate	1.64	9
captivating	1.75	8
captivatingly	1.59	0
captivation	1.86	0
captivator	2.74	0
captive	3.03	116
captivity	2.76	64
captor	2.9	15
capture	3.21	540
capturer	3.5	0
car	4.8899999999999997	24636
carafe	4.5999999999999996	5
caramel	4.7300000000000004	63
caramelize	3.96	1
carat	3.93	18
caravan	4.37	74
carbohydrate	3.59	4
carbon	4.22	267
carbonate	3.43	10
carbonation	3.89	5
carbonator	3.79	0
carbonization	2.57	0
carbonize	2.85	0
carbonless	2.59	0
carburetor	4.68	55
carcass	4.46	79
carcinogen	3.34	6
carcinogenic	2.62	5
card	4.9000000000000004	4357
cardboard	4.9000000000000004	138
carded	2.96	11
cardholder	4.07	4
cardiac	2.81	202
cardigan	4.96	29
cardinal	4.74	208
cardinalship	2.38	0
carding	3.43	1
cardiogram	3.96	11
cardiograph	4.17	1
cardiologist	4.4800000000000004	36
cardiology	3.25	20
cardiopulmonary	3.28	6
cardiovascular	3.2	17
cardstock	4.46	0
care	2.33	24748
career	2.54	2305
careerist	2.48	0
carefree	1.88	69
careful	1.86	5550
carefully	2.15	1202
carefulness	1.68	0
caregiver	4.18	16
careless	1.78	251
carelessly	1.9	29
carelessness	1.76	33
caress	4.1399999999999997	69
caresser	3.83	0
caressing	3.36	19
caressingly	2.33	0
caretaker	4.24	125
caretaking	2.36	1
careworn	2.2799999999999998	2
cargo	4.62	459
caribou	4.92	15
caricature	3.89	15
caricaturist	3.81	3
caring	1.77	359
carjack	4.3899999999999997	26
carjacker	4.5199999999999996	5
carjacking	3.69	15
carless	2.81	1
carload	3.96	17
carmaker	4.37	1
carnage	3.48	57
carnal	2.72	61
carnality	2	3
carnation	3.93	43
carnival	4.68	363
carnivore	4.17	19
carnivorous	2.85	26
carnivorously	2.5	0
carnivorousness	2.64	0
carol	3.93	1465
caroling	3.52	15
carotene	3.62	7
carouse	2.42	6
carousel	4.93	73
carousing	2.29	8
carp	4.62	39
carpal	3.33	25
carpenter	4.41	306
carpentering	3.48	1
carpentry	3.48	23
carpet	4.96	594
carpetbag	4.5199999999999996	3
carpetbagger	3.69	5
carpetbaggery	2.1800000000000002	0
carpeting	4.21	29
carpool	3.9	36
carport	4.79	5
carriage	4.8600000000000003	381
carriageway	4.28	0
carried	3.48	1026
carrier	4.2	326
carrot	5	195
carrousel	4.8899999999999997	17
carry	4.04	3361
carryall	3.77	4
carrying	3.67	1451
carryover	2.44	0
carsick	3.75	31
carsickness	3.58	1
cart	4.8899999999999997	461
cartel	3.3	65
cartilage	4.71	37
cartload	4.07	1
cartographer	3.81	5
cartographic	3.43	2
cartography	3.52	10
carton	5	96
cartoon	4.33	192
cartoonist	3.93	17
cartridge	4.78	49
cartwheel	4.63	15
carve	3.69	158
carver	4.2699999999999996	161
carving	3.96	101
carwash	4.5199999999999996	8
casanova	2.84	184
cascade	3.83	32
case	3.93	14403
casebook	4.4800000000000004	2
cased	2.61	21
caseload	3.17	19
casework	3.03	3
caseworker	4.37	14
cash	4.4800000000000004	3694
cashable	2.29	0
cashback	3.84	0
cashbook	4.26	1
cashbox	4.6500000000000004	4
cashew	4.92	11
cashier	4.8899999999999997	167
cashmere	4.72	77
casing	4.28	96
casino	4.7699999999999996	1039
casket	4.8600000000000003	162
casserole	4.87	85
cassette	4.5999999999999996	93
cast	3.92	1180
castaway	3.48	32
caste	2.67	44
caster	3.96	4
casting	3.04	212
castle	4.96	1099
castled	2.93	0
castoff	2.67	3
castrate	3.82	31
castration	3.53	24
castrator	3.64	0
casual	2.0299999999999998	373
casually	1.63	94
casualness	2.2000000000000002	1
casualty	2.85	138
cat	4.8600000000000003	3383
cataclysm	2.57	11
cataclysmal	2.39	0
cataclysmic	2.04	17
cataclysmically	1.96	0
catacomb	4.67	5
catalog	4.68	149
cataloger	3.96	1
catalogue	4.3600000000000003	108
catalysis	2.62	0
catalyst	2.85	40
catalytic	2.58	7
catalyze	2.42	1
catapult	4.43	31
cataract	4.38	6
catastrophe	2.96	126
catastrophic	2.76	65
catastrophically	1.78	1
catatonic	2.92	40
catcall	3.96	0
catch	4.1100000000000003	6911
catchable	3.19	3
catchall	2.35	0
catcher	4.4400000000000004	191
catchiness	2.19	0
catching	3.42	648
catchphrase	3.17	21
catchword	3.12	0
catchy	1.79	109
catechism	2.57	15
categorical	2.0699999999999998	1
categorically	1.74	20
categoricalness	1.67	0
categorist	3.12	0
categorization	2.3199999999999998	1
categorize	2.6	8
category	2.82	207
cater	3.07	64
caterer	4.37	106
catering	3.81	138
caterpillar	4.87	57
catfight	3.48	10
catfish	4.8499999999999996	63
cathedral	4.8600000000000003	190
catheter	4.4800000000000004	55
catheterization	3.48	1
catheterize	3.42	0
catholic	2.93	636
catholicism	1.93	23
cathouse	4.4800000000000004	31
catlike	2.37	14
catnap	3.72	9
catnip	4.68	21
catsup	4.8499999999999996	3
cattail	4.93	0
cattiness	1.96	1
cattishly	2.33	0
cattle	4.6399999999999997	674
cattleman	4.24	8
catty	1.9	19
catwalk	4.1500000000000004	36
caucasian	4.1100000000000003	140
caucus	3.11	15
caught	3.27	4791
cauldron	4.6100000000000003	24
cauliflower	5	28
caulk	4.68	13
causable	1.74	1
causal	2.14	10
causality	2.04	7
causally	2.08	0
causation	1.81	9
causative	1.54	4
cause	2.4300000000000002	15812
causelessly	2	0
causer	2.23	4
causeway	4.3099999999999996	17
causing	1.55	502
caustic	2.6	7
caustically	2.19	0
cauterization	3.65	1
cauterize	3.63	15
caution	2.04	263
cautionary	2	18
cautioner	2.52	0
cautious	1.81	171
cautiously	2.63	20
cautiousness	2.11	1
cavalier	2.63	60
cavalierly	1.91	2
cavalry	4.08	317
cavalryman	4.46	5
cave	4.96	713
caveat	2	17
caveman	4.3	103
cavern	4.57	56
cavernous	3.37	3
caviar	4.7	195
caving	2.38	31
cavity	4.5	152
cayenne	4.22	38
cease	2.39	445
ceasefire	3.11	15
ceaseless	1.84	8
ceaselessly	1.86	7
cedar	4.83	127
ceiling	4.8499999999999996	426
celeb	3.72	17
celebrate	2.9	1268
celebrated	1.97	138
celebration	3.47	504
celebrative	1.93	0
celebrator	3.24	0
celebratory	1.87	14
celebrity	3.28	372
celery	4.8	95
celestial	2.86	55
celestially	2.35	0
celiac	3.32	1
celibacy	2.4	43
celibate	2.84	36
cell	4.4400000000000004	2772
cellar	4.68	478
cellblock	4	27
celled	3.12	0
cellist	4.3099999999999996	21
cellmate	4.54	40
cello	4.96	95
cellophane	4.54	42
cellphone	5	157
cellular	3.11	145
cellulite	4.55	38
celluloid	3.74	24
cellulose	4.33	6
celtic	2.96	28
cement	4.97	234
cemetery	4.93	443
censor	3	42
censorable	2.0699999999999998	1
censorship	1.79	54
censure	2.44	8
census	3.3	70
cent	4.1900000000000004	483
centaur	3.73	7
centenarian	3.61	0
centennial	2.57	20
center	3.85	2335
centered	3.31	49
centerfield	4.4400000000000004	0
centerfold	4.1500000000000004	34
centering	2.92	10
centerline	4	2
centermost	3.25	0
centerpiece	4.62	32
centerpieces	4.3	15
centerstage	4.3099999999999996	0
centigrade	3.08	11
centimeter	4.13	10
centipede	4.79	22
central	2.71	1262
centralism	2.33	0
centralist	2.42	0
centrality	2.35	0
centralization	2.11	1
centralize	2.15	1
centralized	2.2799999999999998	7
centralizer	2.21	0
centrally	2.74	5
centric	2.04	0
centrifugal	2.74	15
centrifuge	4.38	5
centripetal	2.74	2
century	2.83	1063
ceramic	4.04	62
ceramics	4.62	29
cereal	4.83	324
cereals	4.72	23
cerebellum	4.57	12
cerebral	2.2200000000000002	103
cerebrally	1.74	1
cerebrum	4.21	8
ceremonial	2.2400000000000002	70
ceremonialism	1.85	0
ceremonialist	2.76	0
ceremonially	2.11	1
ceremonious	2.14	3
ceremoniously	2.56	4
ceremoniousness	2.04	0
ceremony	3.57	807
certain	1.68	4354
certainly	1.86	6067
certainty	1.59	154
certifiable	2.0699999999999998	40
certifiably	2	8
certificate	4.59	458
certification	3.72	19
certified	2.52	138
certifier	2.78	0
certify	2.5499999999999998	25
cervical	3.59	35
cervix	4.62	21
cesspool	4.1900000000000004	63
chafe	3.42	13
chaffing	3.38	1
chagrined	1.58	8
chain	4.55	1082
chained	4.1399999999999997	171
chainless	3.57	0
chainmail	4.22	0
chainsaw	4.9000000000000004	55
chair	4.58	2511
chairlady	4.3099999999999996	7
chairlift	4.5199999999999996	3
chairman	4.3099999999999996	605
chairmanship	2.58	11
chairperson	4.58	6
chairwoman	4.41	10
chalet	4.3600000000000003	26
chalice	4.83	32
chaliced	2.72	0
chalk	4.9000000000000004	183
chalkboard	4.97	12
chalkiness	3.37	0
chalklike	2.58	0
chalkstone	4.22	0
chalky	4.1399999999999997	6
challenge	2.11	1013
challengeable	1.8	0
challenger	2.68	77
challengingly	1.68	0
chamber	4.59	650
chambered	2.5	3
chambermaid	4.4000000000000004	31
chameleon	4.68	37
chamomile	4.7	31
champ	3.29	771
champagne	4.82	1596
champion	3.82	1067
championess	3	0
championship	3.23	500
chance	1.64	12303
chancellery	3.04	7
chancellor	4.2	210
chancellorship	2.36	0
chandelier	4.79	72
change	2.89	12258
changeability	1.96	0
changeable	2.2000000000000002	13
changeableness	1.77	0
changeably	1.54	0
changeful	1.96	0
changeless	2.12	3
changelessly	1.46	0
changelessness	1.52	1
changeling	2.5	11
changer	3.41	23
channel	4.18	1245
channeled	2.35	5
channeling	2.37	25
channelization	1.87	0
chant	4	116
chanter	3.96	1
chanting	3.78	215
chaos	2.79	479
chaotic	2.08	57
chaotically	2.3199999999999998	0
chap	3.9	324
chapel	4.5999999999999996	406
chaperon	4	32
chaperone	4.28	100
chaplain	4.33	116
chapped	3.86	19
chapping	3.37	3
chaps	4.62	131
chapter	3.43	604
character	2.93	1946
characteristic	2.38	60
characteristically	1.48	3
characteristics	2.57	102
characterization	1.81	7
characterize	2	35
characterizer	2.75	0
characterless	1.72	0
charade	1.93	112
charbroil	4.3	1
charcoal	4.8499999999999996	90
chardonnay	4.5599999999999996	48
charge	2.96	4559
chargeability	2.27	0
chargeable	2.5	0
charger	4.3899999999999997	62
charging	3.34	320
chariot	4.8600000000000003	103
charisma	2.0699999999999998	50
charismatic	1.77	41
charitable	2.13	104
charitableness	1.96	0
charitably	1.96	5
charity	2.62	841
charlotte	2.96	1128
charm	2.76	794
charmer	2.54	63
charming	2.14	1434
charmingly	2.14	17
charmless	1.55	3
charred	3.63	38
chart	4.4800000000000004	483
charter	3.15	151
chartered	2.36	45
charterer	3.12	0
charting	3.75	17
chartreuse	3.92	27
chartroom	3.83	0
chase	3.48	1673
chaser	3.35	66
chasing	3.48	933
chasm	4.24	18
chaste	2.14	30
chasten	2.48	2
chastened	2.04	1
chastise	2.68	6
chastisement	2.11	4
chastiser	2.52	0
chastity	2	74
chat	3.66	830
chateau	4.3899999999999997	129
chatroom	3.96	0
chatter	3.33	238
chatterbox	3.04	23
chatterer	3.15	0
chattering	2.81	210
chattiness	2.85	0
chatting	3.08	171
chatty	2.76	51
chauffer	4.3899999999999997	8
chauffeur	4.43	287
chauvinism	1.86	12
chauvinist	2.75	30
chauvinistic	2.04	15
cheap	2.11	1848
cheapen	1.93	16
cheapish	2.2999999999999998	1
cheaply	2.14	32
cheapness	1.72	2
cheapo	2.15	7
cheapskate	3.26	28
cheat	2.23	901
cheater	2.1	109
cheating	2.5	948
cheatingly	2.58	0
check	4.1100000000000003	14228
checkable	2.81	0
checkbook	4.97	120
checkbox	4.8	0
checked	2.82	2382
checker	4.04	56
checkerboard	4.96	5
checkered	3.67	42
checkers	4.8899999999999997	96
checklist	4.6100000000000003	39
checkmark	4.4800000000000004	1
checkmate	3.36	90
checkout	3.96	64
checkpoint	3.62	95
checkroom	3.58	14
checkup	3.48	107
cheddar	4.46	91
cheek	4.83	365
cheekbone	4.71	14
cheekily	2.04	0
cheekiness	2.04	1
cheeky	2.0299999999999998	64
cheer	2.77	953
cheered	2.82	62
cheerer	3.4	0
cheerful	2.34	190
cheerfully	2.2000000000000002	25
cheerfulness	2.57	2
cheerily	2.14	2
cheeriness	2.37	0
cheering	3.63	690
cheeringly	2.3199999999999998	0
cheerio	4.3499999999999996	84
cheerleader	4.9000000000000004	329
cheerless	2.15	2
cheerlessly	1.9	0
cheerlessness	2.04	0
cheers	3.48	1158
cheery	2.64	54
cheese	4.7	1991
cheeseboard	4.76	2
cheeseburger	4.93	163
cheesecake	4.97	118
cheesecloth	4.8	2
cheesiness	2.14	0
cheesy	2.89	133
cheetah	4.7	117
chef	4.3	606
chemical	3.86	579
chemically	2.81	52
chemicals	4.1399999999999997	291
chemist	4.24	95
chemistry	3.64	442
chemo	3.19	89
chemotherapeutic	2.68	2
chemotherapist	3.79	0
chemotherapy	4.3499999999999996	59
cherish	1.73	227
cherisher	2.4300000000000002	0
cherishing	2.17	7
cherishingly	1.92	0
cherishment	1.71	0
cherry	4.62	693
cherub	3.85	31
chess	4.7	380
chessboard	4.68	17
chest	4.93	2090
chestnut	4.7	65
chesty	3.36	14
chevron	4.2699999999999996	16
chevy	4.4800000000000004	175
chew	3.93	462
chewable	3.61	4
chewer	3.72	4
chewy	3.19	35
chic	2.2599999999999998	119
chick	4.93	1334
chickadee	4.5199999999999996	12
chicken	4.8	3148
chickenfeed	4.78	3
chickenhearted	1.85	1
chickenpox	4.5599999999999996	23
chickpea	4.93	0
chicory	4.05	8
chiding	2.19	1
chidingly	1.68	0
chief	4.26	3973
chiefly	1.9	11
chieftain	3.44	15
chieftainship	2.2999999999999998	0
chiffon	4.45	25
chihuahua	4.38	72
child	4.78	8040
childbearing	3.57	12
childbed	4.26	2
childbirth	4.04	78
childcare	3.73	6
childhood	2.5299999999999998	723
childish	2.52	250
childishly	2.16	4
childishness	2.41	8
childless	3.07	30
childlessness	2.65	0
childlike	2.34	32
childlikeness	2.34	0
childproof	3.41	10
childrearing	2.59	0
children	4.8899999999999997	8930
chili	4.79	382
chill	2.89	828
chilled	3.22	71
chiller	3.21	3
chilliness	2.9	1
chilling	2.74	82
chillingly	2.1800000000000002	1
chillness	2.75	0
chilly	3.56	220
chime	4.4000000000000004	47
chimney	5	213
chimp	4.96	153
chimpanzee	4.96	62
chin	4.8899999999999997	647
china	4.79	1268
chinaware	4.82	2
chinchilla	4.72	27
chinless	3.41	1
chinstrap	4.74	0
chintzy	2.31	3
chip	4.71	1051
chipboard	4.5599999999999996	0
chipmaker	4.3600000000000003	0
chipmunk	4.97	42
chipped	3.89	124
chipper	3.22	66
chipping	3.65	30
chips	4.9000000000000004	828
chirographer	4	0
chiropractic	2.96	9
chiropractor	4.8600000000000003	45
chirp	4	30
chirpiness	2.38	0
chirping	3.88	50
chirpy	3	5
chisel	4.63	45
chiseled	3.5	19
chitchat	3.11	67
chitlins	4.17	24
chivalrous	2.04	18
chivalrously	2	0
chivalrousness	1.89	0
chivalry	1.88	61
chive	4.8099999999999996	0
chlamydia	3.4	42
chloride	3.74	46
chlorinate	3.07	2
chlorination	2.81	0
chlorine	4.5	38
chlorite	3.14	0
chloroform	3.78	51
chlorophyll	4.07	12
chloroplast	3.13	0
chocoholic	2.52	1
chocolate	4.72	1499
chocolaty	3.45	7
choice	1.9	4975
choir	4.34	271
choirboy	4.5599999999999996	11
choirmaster	4.26	0
choke	3.97	330
chokehold	3.93	0
choker	4.3099999999999996	15
choking	4.33	260
chokingly	2.5	0
cholera	3.26	56
cholesterol	3.4	95
chomp	3.75	13
choose	2.62	2451
chooser	3.25	2
choosing	2.17	276
choosy	1.6	30
chop	4.4800000000000004	694
chophouse	4.57	4
chopped	3.59	232
chopper	4.07	596
choppers	3.93	166
chopping	3.78	108
choppy	2.92	13
chopstick	4.93	13
chopsticks	5	93
choral	2.96	11
chord	4.29	93
chore	3.78	51
choreograph	3.16	11
choreographer	4.2300000000000004	53
choreographic	2.31	0
choreography	3.22	45
chorographical	2.52	0
chorus	4.03	310
chose	2.48	952
chosen	2.33	927
chow	4.47	350
chowder	4.7	82
chowtime	3.64	1
christen	2.79	32
christened	2.67	29
christening	2.72	38
christianity	2.5	56
christmas	3.41	6244
christmastree	4.84	0
chromatic	2.3199999999999998	3
chromatically	1.85	0
chrome	4.5	65
chromium	4.33	33
chromosome	4.1100000000000003	38
chronic	2.17	252
chronically	2.2799999999999998	11
chronicle	2.96	80
chronicler	3.21	10
chronogram	3.6	0
chronograph	4.1900000000000004	2
chronographer	3.52	0
chronographic	2.48	0
chronographically	2.19	0
chronologic	2.74	0
chronological	3.11	17
chronologically	2.17	11
chronologist	4.3099999999999996	0
chronology	2.29	10
chronometer	4.1100000000000003	11
chrysanthemum	4.57	12
chubbiness	3.39	0
chubby	3.76	213
chuck	3.82	1096
chuckle	3.82	81
chuckler	3.76	0
chug	3.68	119
chum	3.81	156
chummy	1.93	54
chump	3.19	209
chunk	3.86	211
chunkily	2.68	0
chunkiness	3.07	0
chunky	3.69	71
church	4.9000000000000004	3553
churchgoer	3.56	13
churchgoing	2.27	7
churchless	2.56	0
churchlike	2.63	0
churchman	4.1900000000000004	7
churchwoman	4.54	0
churchyard	4.93	16
churn	4	31
churning	3.08	25
chute	4.6100000000000003	184
cider	4.97	97
cigar	4.93	660
cigarette	4.88	1357
cilantro	4.45	24
cinch	3.07	182
cinder	4.54	39
cinema	4.6900000000000004	198
cinematic	2.92	26
cinematically	1.96	2
cinematize	2.33	0
cinematographer	4.32	17
cinematographically	2.54	1
cinematography	3.52	22
cinnamon	4.8499999999999996	152
cipher	3.58	76
circa	2.12	35
circle	4.4400000000000004	1097
circled	3.89	71
circler	3.09	0
circling	3.3	157
circuit	3.83	340
circuitous	2.29	2
circuitously	2	0
circuitry	3.85	44
circular	3.79	81
circularity	2.72	0
circularly	2.5	0
circulate	2.88	47
circulation	3.03	185
circulative	2.19	0
circulator	3.52	0
circulatory	3.43	23
circumcise	3.87	4
circumcised	4.33	42
circumciser	3.58	0
circumcision	4.13	34
circumference	3.96	38
circumferential	2.36	3
circumfluent	2.36	0
circumnavigator	3.17	0
circumscribe	2.62	0
circumscribed	1.74	2
circumscription	2.56	0
circumspect	1.81	10
circumspection	1.84	1
circumspectness	1.55	0
circumstance	1.77	105
circumstanced	1.43	0
circumstances	1.59	1170
circumstantial	1.96	85
circumstantially	1.77	1
circumvent	2.25	26
circumventor	2.89	0
circus	4.43	870
citable	2.04	0
citadel	4.6100000000000003	23
citation	3.66	81
cite	3.07	48
citied	2.19	0
citizen	4.43	680
citizenry	2.65	19
citizenship	2.96	68
citric	3.19	2
citronella	4.58	0
citrus	4.21	26
city	4.79	8624
cityscape	4.6900000000000004	2
citywide	2.82	25
civic	2.4500000000000002	110
civically	1.93	0
civics	2.21	20
civil	2.0699999999999998	813
civilian	4.25	479
civility	1.62	28
civilizable	1.89	0
civilization	3.32	425
civilize	1.9	8
civilized	1.93	315
civilizer	2.12	0
civilizing	2	5
civilly	1.73	3
clad	2.96	10
claim	2.96	1295
claimable	1.81	0
claimant	3.36	0
claimer	2.93	1
claimless	1.92	0
clairvoyance	1.69	10
clairvoyant	2.31	36
clairvoyantly	1.84	0
clam	4.8899999999999997	200
clambake	3.62	24
clammily	2.7	1
clamminess	3.1	0
clammy	3.03	30
clamor	2.8	7
clamorously	1.63	0
clamp	4.53	350
clampdown	3.12	2
clamshell	4.82	3
clan	3.46	209
clandestinely	1.69	1
clandestineness	1.7	0
clang	3.96	43
clank	2.84	16
clanking	3.78	55
clansman	3.52	3
clanswoman	3.58	0
clap	4.16	241
clapped	3.88	26
clapper	3.92	20
clapping	4.32	104
clarification	1.93	30
clarifier	2.56	2
clarify	2.0699999999999998	114
clarinet	4.92	80
clarinetist	4.42	1
clarity	2	107
clash	2.63	68
clasher	2.68	0
clasp	4.41	52
clasping	3.63	3
class	3.85	5985
classed	2.12	4
classes	3.74	812
classic	2	824
classical	2.1800000000000002	224
classicalism	2.11	0
classicalist	2.46	0
classically	1.85	18
classics	2.54	112
classifiable	1.89	0
classification	2.52	37
classified	2.21	345
classifier	2.66	0
classify	2.41	32
classism	1.81	2
classless	1.81	4
classman	4.04	0
classmate	4.32	78
classroom	4.76	227
classwork	4.1900000000000004	10
classy	2.12	294
clatter	3.19	36
clatteringly	2.37	0
clause	2.73	143
claustrophobia	2.52	23
claustrophobic	2	68
clavicle	4.5	50
claw	4.83	223
clawed	4.04	18
clawless	3.23	2
clay	4.93	612
claylike	3.48	0
clean	3.07	6183
cleanable	2.93	0
cleaner	3.78	353
cleaning	3.71	1157
cleanliness	2.63	31
cleanly	2.76	25
cleanness	3.61	2
cleanout	3.3	0
cleansable	2.86	0
cleanse	3.31	74
cleanser	4.59	22
cleansing	2.75	52
cleanup	3.04	100
clear	3.55	8763
clearable	2.15	0
clearance	2.19	350
clearcut	3.04	0
clearer	3.36	138
clearheaded	1.6	4
clearheadedly	1.56	0
clearing	3.79	331
clearinghouse	3.23	8
clearly	2.04	1529
clearness	2.48	3
cleat	4.5	22
cleavability	2.48	0
cleavage	4.6399999999999997	70
cleave	3.33	10
cleaver	4.7	68
cleavers	4.5599999999999996	2
clef	4.3499999999999996	6
cleft	4.3099999999999996	30
clementine	4.09	78
clench	4.25	20
clergy	4.03	48
clergyman	4.7300000000000004	17
clergywoman	4.59	0
cleric	4.3899999999999997	68
clerical	2.93	50
clerically	2.2400000000000002	0
clerk	4.28	658
clerking	3.52	15
clerkship	2.41	7
clever	1.79	1391
cleverly	2.14	45
cleverness	2.0699999999999998	26
cliche	2.33	41
click	4.03	327
clicker	4.32	21
client	3.9	2715
cliental	2.19	0
clientele	3.31	80
clientless	2.35	0
cliff	4.71	1100
cliffhanger	2.92	13
cliffy	2.75	2
climactic	2.29	11
climactically	2.04	0
climate	3.5	180
climatic	2.91	7
climatically	2.31	0
climatologic	2.2200000000000002	0
climatology	2.52	0
climax	2.86	99
climb	4.1100000000000003	1007
climbable	2.86	1
climber	4.5	40
climbing	4.07	402
clinch	2.92	34
clincher	2.15	17
cling	3.59	128
clinger	2.96	4
clinging	2.85	57
clingingly	2.2599999999999998	0
clingy	2.4500000000000002	30
clinic	4.24	714
clinical	2.52	149
clinically	2.1800000000000002	38
clinician	4.12	3
clink	3.2	66
clinking	3.74	44
clip	4.37	290
clipart	4.63	0
clipboard	4.93	38
clipped	3.41	113
clipper	4.3	59
clipping	4	59
clips	4.3	111
clique	2.68	39
clitoral	3.32	7
clitoris	4.93	54
cloak	4.71	153
cloaked	3.71	34
cloaking	3.28	42
cloakroom	4.4800000000000004	33
clobber	3.55	30
clock	5	2990
clocked	3	64
clocklike	2.68	0
clockmaker	4.34	1
clockwise	4.1399999999999997	26
clockwork	3.36	58
clog	3.47	41
cloistered	2.83	9
clone	4.34	128
cloning	2.69	57
closable	2.64	0
close	3.2	11191
closed	3.37	2758
closefisted	3.54	0
closely	2.46	468
closemouthed	2.96	0
closeness	2.39	36
closer	3	2329
closet	4.83	1381
closetful	3.21	3
closeup	3.42	6
closure	1.78	158
clot	4.2	92
cloth	4.9000000000000004	311
clothe	3.5	42
clothes	4.76	5158
clothesbasket	4.7699999999999996	0
clothesline	4.8600000000000003	21
clothespin	4.41	15
clothespress	4.6399999999999997	0
clothier	3.69	2
clothing	4.43	553
cloud	4.54	599
cloudburst	3.78	2
clouded	3.14	48
cloudily	3.27	0
cloudiness	3.68	4
clouding	3.42	31
cloudless	3.52	8
cloudlessly	2.96	0
cloudlessness	3.37	0
cloudlike	2.67	1
cloudy	4	110
clove	4.42	26
clover	4.6900000000000004	67
cloverleaf	4.8600000000000003	10
clown	4.9000000000000004	807
clownery	2.62	0
clownfish	4.93	0
clownish	2.54	2
clownishly	2.1	1
clownishness	2.2000000000000002	1
club	3.78	5038
clubbed	3.29	13
clubbing	3.12	34
clubfeet	4.7	0
clubfoot	4.46	9
clubfooted	4.29	0
clubhouse	4.6100000000000003	82
clubroom	4.3499999999999996	0
clubwoman	4.08	3
cluck	3.33	73
clue	2.93	898
clueless	1.97	94
clump	4	27
clumpy	3.63	15
clumsily	2.2999999999999998	8
clumsiness	2.39	15
clumsy	2.77	275
clunk	3.26	32
clunker	3.44	10
clunky	3.45	18
cluster	4.04	67
clustered	3.32	4
clustering	3.18	2
clutch	3.7	127
clutter	3.68	48
coach	4.12	2429
coachable	2.25	0
coaching	2.69	168
coachman	4.12	30
coachwork	2.64	0
coagulant	3.56	3
coagulate	3.3	6
coagulation	3.62	6
coagulator	2.85	1
coal	4.66	335
coalescent	2.0499999999999998	0
coalfield	4.5599999999999996	0
coalition	2.75	92
coalitional	1.88	0
coalitionist	2.76	0
coalmine	4.8	3
coarse	3.25	69
coarsely	2.81	0
coarseness	3.14	1
coast	4.21	1361
coastal	3.89	43
coastally	2.69	0
coaster	4.68	159
coastguard	4.45	13
coasting	3.14	16
coastland	4.33	0
coastline	4.54	36
coastward	2.89	0
coat	4.97	2146
coated	3.59	19
coathanger	4.96	0
coating	3.97	23
coatless	3.28	0
coatroom	4.83	16
coattail	4.41	3
coauthor	3.79	5
coax	2.7	41
coaxer	2.78	0
coaxial	3.76	7
coaxing	2.5	8
coaxingly	1.71	0
cob	4.79	35
cobalt	4.46	30
cobble	3.79	5
cobbler	4.53	119
cobblestone	4.79	8
cobbling	3.3	1
cobra	5	170
cobweb	4.92	10
cobwebby	3.62	0
cocaine	4.5199999999999996	421
cochairman	3.89	0
cock	4.79	580
cockatiel	4.88	2
cockatoo	4.7300000000000004	8
cocked	3.27	42
cockeye	3.35	4
cockeyed	3.76	77
cockfight	4.43	9
cockfighting	4.22	5
cockily	1.9	0
cockiness	2.04	3
cocking	3.65	25
cockish	2.64	0
cockpit	4.2699999999999996	164
cockroach	4.96	174
cocksucker	2.62	415
cocktail	4.4000000000000004	555
cocky	2.31	210
cocoa	4.8899999999999997	256
coconspirator	3	6
coconut	4.79	234
cocoon	4.83	57
cod	4.6100000000000003	114
coddle	2.74	18
code	3	2709
codebook	3.88	10
codefendant	2.81	3
codeine	4.08	23
codeless	1.93	0
codename	3.31	0
codependency	1.89	2
codependent	2	8
coder	3.42	6
codeword	3.44	9
codex	3.78	17
codfish	4.71	21
coding	3.03	37
codpiece	4.22	13
coed	3.08	30
coeditor	3.66	0
coeducation	2.56	0
coeducational	2.12	2
coeducationally	1.82	0
coefficient	1.85	8
coequality	1.48	0
coerce	2.04	21
coercer	2.61	0
coercible	1.85	0
coercion	1.71	22
coercive	2.0699999999999998	7
coercively	1.69	2
coerciveness	1.85	0
coexist	2.25	25
coexistence	2.36	10
coexistent	2.36	0
coffee	4.8099999999999996	7371
coffeecake	4.8600000000000003	5
coffeehouse	4.93	35
coffeemaker	4.93	19
coffeepot	4.6399999999999997	21
coffer	3.8	5
coffin	4.8600000000000003	461
cofounder	3.35	4
cog	4.46	27
cognac	4.54	135
cognition	1.79	1
cognitive	1.63	34
cognitively	1.64	2
cognizable	1.75	0
cogwheel	4.6900000000000004	2
cohabit	2.93	0
cohabitant	3.5	0
cohabitate	3.04	2
cohabitation	2.86	2
cohere	2.04	0
coherence	2.62	9
coherency	1.96	1
coherent	2	53
coherently	2.23	6
cohesion	2.16	5
cohesive	2.2200000000000002	7
cohesively	2.27	0
cohesiveness	2.62	0
cohort	2.75	10
coil	4.5599999999999996	82
coiled	3.83	12
coiler	3.92	0
coiling	3.45	2
coin	4.8899999999999997	497
coinable	2.2999999999999998	0
coinage	3.88	3
coincide	2.2599999999999998	40
coincidence	1.57	948
coincident	1.92	10
coincidental	1.7	42
coincidentally	1.48	30
coincidently	1.95	2
coiner	3.58	0
coinheritance	2.6	0
coining	2.61	4
coital	2.91	5
coitus	4.08	12
coke	4.83	948
cola	4.79	282
colander	4.21	6
cold	3.85	6638
coldblooded	2.33	3
colder	3.28	127
coldhearted	1.68	5
coldheartedly	1.97	0
coldish	2.64	0
coldly	2.56	7
coldness	3.33	17
coleslaw	4.67	63
colic	3.21	26
coliseum	4.93	44
collaborate	1.81	31
collaboration	2.59	58
collaborationist	2.56	1
collaborative	2.11	7
collaboratively	1.97	0
collaborator	3.46	32
collage	4.5999999999999996	37
collagen	3.67	39
collapse	3.67	283
collapsibility	2.58	0
collapsible	3.1	13
collar	4.6399999999999997	536
collarbone	4.8499999999999996	42
collard	3.96	17
collared	3.7	8
collarless	3.97	1
collate	2.44	16
collateral	2.2799999999999998	173
collaterally	1.92	1
collator	3.38	0
colleague	3.79	346
collect	3.34	1020
collectability	2.14	0
collectable	2.86	3
collected	2.96	293
collectedly	2.08	0
collectedness	1.58	0
collectible	2.88	10
collection	4.04	926
collective	2.52	122
collectively	2.31	33
collectiveness	1.96	0
collectivism	1.52	0
collectivist	2.64	0
collectivity	2.17	0
collector	4.0999999999999996	220
collectorship	2.17	0
college	4.62	4344
collegial	2.65	1
collegiate	3.32	25
collide	4	47
collie	4.7699999999999996	53
collision	3.61	137
colloquial	2	3
colloquialism	1.88	3
colloquially	1.77	0
cologne	4.76	161
colon	4.66	129
colonel	3.89	4909
colonial	2.75	105
colonialism	1.85	17
colonialist	3.38	2
colonially	2.15	0
colonic	2.56	24
colonist	3.8	3
colonization	2.69	12
colonize	2.54	13
colonoscopy	4.16	24
colony	3.77	302
color	4.08	2011
colorable	3.12	4
coloration	2.59	10
colorblind	3.54	17
colored	4	377
colorfast	2.65	1
colorful	3.78	163
colorfully	3.08	5
colorfulness	2.89	0
coloring	3.59	92
colorization	2.48	0
colorize	3	1
colorless	3.15	13
colorlessly	2.5	0
colorlessness	3.36	0
colors	4.17	528
colossal	2.69	72
colossally	2.15	4
colostomy	3.28	13
colt	4.96	267
columbine	3.68	60
column	4.4800000000000004	559
columnist	4.1399999999999997	51
coma	3.69	626
comatose	3.62	50
comatosely	2.58	0
comb	5	309
combat	3.67	706
combatable	1.64	0
combatant	3.72	10
combative	2.2799999999999998	27
combatively	1.97	0
combativeness	2.15	1
combed	3.88	55
combinable	2.27	0
combination	2.86	611
combinational	2.16	0
combine	3.41	113
combined	2.81	211
combiner	3.21	0
combing	3.72	59
combining	3.12	32
combo	3.37	125
combust	3.52	8
combustibility	2.59	0
combustible	3.21	18
combustion	3.86	64
combustive	2.81	0
combustor	3.9	0
come	2.72	160190
comeback	2.23	170
comedian	4.04	209
comedic	2.44	6
comedienne	3.92	6
comedy	3.1	602
comeliness	2.04	0
comes	2.27	11656
comet	4.67	157
comeuppance	2	9
comfort	2.89	878
comfortable	2.33	2408
comfortableness	1.97	0
comfortably	2.1	76
comforter	4.7	20
comforting	2.41	222
comfortingly	1.89	0
comfortless	1.31	2
comfortlessly	2.08	0
comfy	3.08	115
comic	4	552
comical	2.97	42
comically	2.52	7
comics	4.7699999999999996	221
coming	2.0699999999999998	26878
comingle	3.1	0
comma	4.6500000000000004	50
command	2.48	2225
commandant	3.77	131
commandeer	3.7	28
commander	4.3099999999999996	1887
commanding	2.31	352
commandingly	1.85	0
commandment	2.5299999999999998	83
commando	3.9	54
commemorate	2.2000000000000002	47
commemoration	2.6	5
commemorative	2.0299999999999998	21
commemoratively	1.67	0
commemorator	3.61	0
commence	2.83	235
commencement	3.18	15
commencer	3.22	0
commend	2.14	91
commendable	2.21	44
commendably	2.0699999999999998	1
commendation	2.44	46
commensurable	1.71	0
commensurate	2.04	8
comment	3.29	654
commentary	2.96	76
commentate	2.41	1
commentator	4.1500000000000004	139
commenter	3.69	0
commerce	2.76	177
commercial	3.24	829
commercialism	2.0699999999999998	9
commercialistic	2.2200000000000002	0
commerciality	1.85	0
commercialization	2.0699999999999998	4
commercialize	2.4	3
commercially	2.56	12
commiserate	1.9	9
commissary	3.58	29
commission	3.04	703
commissioner	3.64	624
commit	2.17	984
commitment	1.74	550
committable	1.81	2
committal	1.77	7
committee	4.1399999999999997	1123
committeeman	4.1500000000000004	0
committeewoman	4.33	2
commode	4.54	15
commodity	2.91	84
commodore	3.88	184
common	2.0699999999999998	2275
commonality	1.74	6
commonalty	1.69	0
commoner	3.79	36
commonly	1.73	64
commonness	1.74	1
commonplace	2.2000000000000002	40
commons	2.92	20
commonsense	1.87	3
commonwealth	3.38	340
commotion	2.71	106
communal	2.67	33
communalism	2.15	0
communalization	1.74	0
communally	1.88	2
commune	2.89	67
communicability	1.86	1
communicable	2.27	12
communicably	2.48	0
communicant	2.52	0
communicate	3.43	434
communicating	3.42	121
communication	2.9	528
communicational	2	1
communicative	2.41	6
communicatively	1.67	0
communicativeness	1.83	0
communicator	3.21	36
communicatory	1.89	0
communion	3.39	106
communism	1.86	107
communist	3.5	386
communistic	1.92	4
community	3.52	1486
communization	2.08	0
commutability	2.08	0
commutable	2.58	1
commute	3.79	45
commuter	3.03	30
commuting	3.07	21
compact	3.04	86
compacted	3.1	3
compacter	4.07	3
compactly	1.96	0
compactness	2.78	0
compactor	4.57	8
companion	3.75	323
companionability	1.7	0
companionable	2.17	4
companionably	2.08	0
companionless	2.65	0
companionship	2.4500000000000002	96
company	4.1100000000000003	7507
comparability	2.11	0
comparable	2.31	24
comparableness	1.54	0
comparably	1.9	0
comparative	1.74	41
comparatively	1.96	20
comparativeness	1.58	0
compare	2.52	426
comparison	2	187
compartment	3.57	304
compartmental	2.93	0
compartmentalization	2.39	2
compartmentalize	2.19	11
compartmentally	2.92	0
compass	4.66	207
compasses	4.3499999999999996	6
compassion	1.89	319
compassionate	1.79	91
compassionately	1.5	3
compassionateness	1.65	0
compassionless	1.78	0
compatibility	1.94	23
compatible	2.31	120
compatibly	1.64	1
compatriot	3.24	4
compel	1.83	52
compelling	1.81	97
compellingly	1.42	3
compensate	2.65	124
compensating	2.66	18
compensation	3.25	109
compensational	1.59	0
compensative	2.19	0
compensator	2.93	3
compensatory	2.19	11
compete	2.57	432
competence	1.78	45
competency	1.81	12
competent	1.93	124
competently	2.2200000000000002	2
competition	3.86	1066
competitive	1.89	214
competitively	2.5499999999999998	4
competitiveness	2.14	7
competitor	3.23	70
compilation	2.81	14
compile	2.64	27
compiler	2.46	7
complacence	2.15	0
complacency	1.59	14
complacent	2.17	22
complacently	1.63	1
complain	2.6	640
complainer	2.81	5
complainingly	1.73	0
complaint	2.69	518
complement	2	39
complementary	2.64	13
complete	2.7	2636
completely	2.1800000000000002	4303
completeness	2.2000000000000002	7
completer	2.78	0
completion	2.33	79
complex	1.96	669
complexion	3.36	98
complexioned	2.71	0
complexity	1.87	41
complexness	1.64	0
compliable	2.2200000000000002	0
compliance	1.96	50
compliancy	2	0
compliant	2.2799999999999998	8
compliantly	2	0
complicate	1.65	75
complicated	2.21	1385
complicatedly	2.04	0
complicatedness	2	0
complication	1.86	71
complicit	2.46	18
complicity	1.7	21
complier	3.14	0
compliment	2.82	523
complimentarily	2.12	0
complimentary	2.37	96
comply	2.19	118
component	3.04	81
compose	2.83	80
composed	2.57	97
composer	4.37	127
composite	3.29	64
compositely	2.17	0
composition	3.1	124
compositional	2.04	1
compositionally	1.96	0
compost	4.46	28
composure	2.4300000000000002	15
compound	3.03	361
compoundable	1.96	0
compounder	3.32	1
compounding	1.92	4
comprehend	1.86	94
comprehendible	1.92	0
comprehendingly	1.76	0
comprehensibility	1.67	0
comprehensible	1.82	10
comprehensibleness	1.91	0
comprehensibly	1.64	0
comprehension	1.78	55
comprehensive	1.82	58
comprehensively	2	0
comprehensiveness	1.71	1
compress	3.97	31
compressed	2.89	46
compressibility	2.1800000000000002	0
compressible	2.54	0
compression	3.07	63
compressive	2.2799999999999998	0
compressively	1.96	0
compressor	4.3899999999999997	25
comprise	1.89	9
comprised	2.2799999999999998	24
compromise	1.8	358
compromiser	2.78	1
compromising	1.83	75
compromisingly	1.44	0
compulsion	1.79	63
compulsive	1.93	98
compulsively	2.1800000000000002	8
compulsiveness	1.79	1
compulsivity	1.96	0
compulsorily	2.15	0
compulsory	1.96	37
computability	2.19	0
computable	2.04	0
computably	2.2999999999999998	0
computation	2.92	4
computational	1.59	1
compute	2.39	36
computer	4.93	3011
computerization	2.1800000000000002	1
computerize	2.39	1
computerized	3.08	35
computing	3.25	22
comrade	3.69	436
comradeship	2.2000000000000002	8
con	2.5	644
concave	3.53	9
concavely	2.78	0
concaveness	3.38	0
conceal	3.19	129
concealable	2.04	1
concealed	2.4300000000000002	116
concealment	2.52	26
concede	1.96	53
conceded	2.2200000000000002	9
conceit	2.1	24
conceited	1.62	94
conceitedly	1.72	0
conceitedness	2.04	0
conceivability	1.78	0
conceivable	1.69	61
conceivableness	1.92	0
conceivably	1.75	29
conceive	2.04	117
conceiver	2.46	0
concentrate	2.48	798
concentrated	2.38	99
concentration	2.1	282
concentrative	1.96	0
concentric	2.58	14
concentricity	2.04	0
concept	1.41	553
conception	2.2400000000000002	106
conceptual	1.26	12
conceptualism	1.91	0
conceptualist	2.1800000000000002	0
conceptualistic	1.18	0
conceptuality	1.74	0
conceptualization	1.64	0
conceptualize	1.85	3
conceptually	1.37	6
concern	1.7	1332
concerned	1.86	2261
concernedly	2	0
concernedness	2.04	0
concerning	1.55	250
concert	4.3499999999999996	895
concerted	2.17	3
concertedly	2.35	0
concertmaster	3.61	0
concerto	3.75	48
concession	2.71	69
concessional	2.17	0
concessionary	2.15	1
concessioner	3.7	0
conch	4.5199999999999996	20
concierge	3.89	73
conciliation	1.96	4
conciliatory	2.33	3
concise	1.88	22
concisely	1.79	3
conciseness	1.6	0
conclave	2.96	2
conclude	1.78	127
concluder	2.92	0
concluding	2.21	15
conclusion	2.11	465
conclusive	1.52	61
conclusively	1.9	19
conclusiveness	1.74	0
concoct	2.4	14
concoction	3.5	20
concord	2.76	26
concordance	1.58	1
concourse	3.96	34
concrete	4.59	379
concretely	2.04	1
concreteness	2.2400000000000002	0
concubine	3.36	64
concur	2.08	61
concurrence	2.08	2
concurrency	1.9	0
concurrent	2.19	11
concurrently	1.6	7
concurring	2.2999999999999998	0
concussion	3.19	229
condemn	1.96	121
condemnable	1.69	0
condemnation	2.04	24
condemned	2.27	232
condemner	2.4	0
condemning	2.04	46
condemningly	1.54	0
condensability	2.27	0
condensable	2.3199999999999998	0
condensate	3	0
condensates	3.38	1
condensation	4.24	17
condense	3.26	14
condensed	2.93	20
condenser	3.96	7
condescend	1.5	16
condescendence	1.48	0
condescending	2.19	66
condescendingly	2	2
condescension	2.2999999999999998	9
condiment	4.72	8
condition	2.15	1936
conditional	2.04	16
conditionality	1.44	0
conditionally	1.79	0
conditioned	2.2000000000000002	76
conditioner	4.21	110
conditioning	2.25	196
condo	4.76	215
condolence	2.19	17
condom	4.87	263
condominium	4.3499999999999996	17
condonable	1.57	0
condone	1.79	59
condor	4.46	60
conducive	2.61	23
conduciveness	2.0299999999999998	0
conduct	2.08	566
conductibility	2.19	0
conduction	2.65	6
conductive	2.63	13
conductively	1.78	0
conductivity	2.67	3
conductor	4.26	155
conductorship	2.76	0
conduit	3.58	53
cone	4.8600000000000003	149
coned	3	1
cones	4.57	61
confection	3.84	9
confectionary	3.33	16
confectioner	4.08	2
confectionery	3.75	2
confederacy	2.79	25
confederate	3.27	95
confederation	2.86	14
confer	2.35	66
conference	3.86	1296
conferencing	2.8	8
confess	2.57	808
confessable	1.48	0
confessing	2.52	74
confession	2.4	841
confessional	2.77	66
confessionary	2.75	0
confessor	3.04	12
confetti	4.93	46
confidant	3.03	31
confide	1.81	97
confidence	2.17	993
confident	2.62	543
confidential	2.08	342
confidentiality	2.4700000000000002	95
confidentially	1.9	55
confidentialness	2.15	0
confidently	2.11	12
confider	2.81	0
confiding	2.0699999999999998	11
configuration	2.54	48
configurative	1.88	0
configure	2.4	9
confinable	2.33	0
confine	3.07	50
confined	3.14	151
confinement	3.61	40
confining	2.79	18
confirm	2.15	736
confirmable	1.78	0
confirmation	2.39	280
confirmative	1.71	0
confirmatively	1.96	0
confirmatory	2.08	0
confirmed	1.96	689
confirmedly	1.8	0
confirmer	2.65	0
confirming	2.61	82
confiscate	3.13	50
confiscation	2.9	2
confiscator	3.41	0
conflict	2.21	444
conflicting	2	37
conflictingly	2	0
confliction	1.88	0
conflictive	2.04	0
confluence	2.2200000000000002	10
conform	1.83	44
conformability	2.15	0
conformable	2.21	3
conformant	2	0
conformation	2.04	5
conformational	1.9	1
conformer	2.16	0
conformism	1.93	1
conformist	1.93	6
conformity	1.79	19
confound	2.2200000000000002	59
confounded	1.81	54
confounding	1.54	8
confront	2.4300000000000002	218
confrontation	2.5299999999999998	98
confrontational	2.36	14
confronter	3.07	0
confusability	1.58	0
confusable	1.72	0
confuse	2.04	243
confused	2.33	1653
confusedly	1.67	0
confusedness	2.35	0
confuser	1.69	1
confusing	1.84	502
confusingly	2.0699999999999998	0
confusion	2.2400000000000002	363
congeal	3.77	5
congealment	2.82	0
congenial	2.04	11
congeniality	2	25
congenially	1.82	0
congenital	2.3199999999999998	28
congest	2.58	1
congested	3.24	18
congestible	2.2400000000000002	0
congestion	3.61	24
congestive	2.7	14
conglomerate	2.52	39
conglomeration	2.52	5
congrats	2.12	91
congratulate	3.04	358
congratulation	2.27	25
congratulations	2.44	3616
congratulator	3.43	0
congratulatory	2.2599999999999998	5
congregate	2.66	18
congregation	4.1500000000000004	117
congregational	2.5	0
congregationalism	2	0
congress	3.9	419
congressional	2.2200000000000002	105
congressionalist	3.35	0
congressionally	2.0299999999999998	0
congressman	4.58	325
congresswoman	4.4800000000000004	16
congruence	2.04	0
congruent	2.74	9
congruently	1.79	0
congruity	1.68	1
congruously	1.75	0
conical	3.24	7
conically	2.44	0
conifer	4.12	0
coniferous	3.26	0
conjecturable	1.65	0
conjectural	1.44	1
conjecture	1.75	42
conjoin	3.07	0
conjoined	3.59	12
conjoiner	2.36	0
conjugal	2.3199999999999998	40
conjugate	2	10
conjugated	2.93	2
conjugational	1.91	0
conjunction	2.15	66
conjunctive	1.58	0
conjunctively	1.68	0
conjunctivitis	3.75	6
conjuncture	1.82	0
conjure	2.2999999999999998	64
conjurer	2.83	5
conjuror	3	1
conman	3.46	4
connect	2.88	492
connectable	2.5	0
connected	2.68	881
connectedly	1.62	0
connectedness	1.85	2
connectible	3.07	1
connection	3	1386
connectional	2.17	0
connective	2.2599999999999998	2
connectively	2.17	0
connectivity	2.33	6
connector	4.18	8
connoisseur	2.7	31
connotation	2.0699999999999998	14
connotative	1.7	0
conquer	2.9	254
conquerable	2.33	0
conquerer	3.32	1
conquering	2.86	54
conqueror	3.54	57
conquest	2.54	96
conquistador	4.34	7
conscience	1.96	709
conscienceless	1.64	0
conscientious	1.88	62
conscientiously	1.56	4
conscientiousness	1.69	1
conscionable	1.57	0
conscionably	1.48	0
conscious	2.0299999999999998	347
consciously	2.0699999999999998	56
consciousness	2.3199999999999998	413
conscription	2.16	9
consecrate	1.77	8
consecrated	2.0699999999999998	30
consecration	2.0699999999999998	2
consecutive	2.48	83
consecutively	2.78	8
consecutiveness	1.93	0
consecutives	2.4	0
consensual	2.62	37
consensually	1.88	1
consensus	2.3199999999999998	83
consent	2.08	379
consenter	2.33	0
consenting	1.72	24
consentingly	1.48	0
consequence	2.64	160
consequent	1.83	5
consequential	1.86	2
consequentiality	2.04	0
consequentially	1.65	0
consequently	1.69	50
conservable	2	0
conservation	2.41	32
conservational	1.86	0
conservationist	3.17	3
conservatism	1.89	1
conservative	1.96	192
conservatively	1.63	10
conservativeness	1.58	0
conservator	3.44	8
conservatory	4.24	69
conserve	1.96	44
consider	1.68	2676
considerable	2.14	231
considerably	1.62	83
considerate	1.92	175
considerately	1.8	1
considerateness	1.68	0
consideration	1.86	334
considered	1.97	1182
considerer	2.35	0
considering	1.75	973
consign	2	10
consignment	2.63	29
consignor	3.44	1
consist	2.0699999999999998	22
consistence	2.11	1
consistency	2.5499999999999998	39
consistent	2.21	293
consistently	2.04	44
consolable	1.92	0
consolation	2.14	186
console	3.86	114
consoler	3.04	0
consolidate	2.72	23
consolidated	2.54	36
consolidation	2.79	10
consolidator	2.96	0
consoling	2.41	30
consolingly	1.92	0
consonance	2.2200000000000002	0
consonant	3.21	10
consort	2.67	32
consortium	2.52	35
conspicuous	1.89	75
conspicuously	1.86	3
conspicuousness	2.08	0
conspiracy	1.76	526
conspirator	2.37	11
conspiratorial	1.76	6
conspiratorially	1.46	0
conspire	2.67	31
conspirer	2.93	1
conspiring	2.11	53
conspiringly	1.65	0
constable	4.54	144
constancy	1.83	10
constant	2.04	506
constantly	2.21	450
constellation	4.3099999999999996	48
constestable	1.81	0
constipate	2.86	0
constipated	3.36	44
constipation	3.36	21
constituency	2.56	22
constituent	3.12	6
constitute	2.13	43
constitution	3.23	282
constitutional	1.93	112
constitutionalism	1.71	0
constitutionalist	3.32	0
constitutionality	1.7	6
constitutionally	1.86	10
constrain	2.57	2
constrainable	2.15	0
constrained	2.52	12
constraining	2.46	0
constraint	2.93	2
constrict	3.07	3
constricted	2.79	7
constriction	3	3
constrictive	2.2599999999999998	5
constrictor	3.93	12
constringent	1.58	0
construct	2.6	74
constructer	3.68	0
constructible	3.03	0
construction	3.72	706
constructional	2.33	0
constructionist	2.81	1
constructive	1.9	111
constructively	2	7
constructiveness	1.83	0
constructivism	1.42	0
constructor	3.86	2
construe	1.88	15
consul	3.36	184
consulate	3.6	249
consult	3.04	285
consultable	1.96	0
consultancy	2.04	0
consultant	3.97	187
consultation	2.19	64
consultative	1.96	0
consulting	2.14	146
consumable	2.63	0
consume	3.41	105
consumer	3.57	106
consumerism	2.08	9
consuming	3.33	54
consummate	2.08	50
consummately	1.48	1
consummation	2.96	10
consumption	3.16	94
consumptive	2.0499999999999998	1
consumptively	1.73	0
contact	3.86	3305
contactor	3.37	0
contagion	2.79	21
contagious	2.71	170
contagiously	1.74	1
contagiousness	1.96	0
contain	2.74	310
containable	3.04	4
container	4.8499999999999996	219
containment	3.33	107
contaminant	3.62	3
contaminate	3.1	36
contamination	2.7	60
contaminative	2.29	1
contaminator	3.19	0
contemplate	1.71	63
contemplation	1.83	12
contemplative	1.78	5
contemplatively	1.7	0
contemplativeness	1.65	0
contemplator	2.76	0
contemporarily	1.93	0
contemporariness	1.61	0
contemporary	1.96	99
contemporize	1.85	1
contempt	1.82	256
contemptibility	1.44	0
contemptibly	1.58	1
contemptuous	1.69	12
contemptuously	1.82	3
contemptuousness	1.62	0
contend	2.0699999999999998	48
contender	3	49
contending	1.67	4
content	2.59	389
contented	2.15	39
contentedly	1.96	5
contentedness	1.85	0
contention	1.75	41
contentious	1.78	9
contentiously	1.93	0
contentiousness	1.67	0
contently	1.96	2
contentment	2.25	21
contents	3.65	219
contest	3.52	958
contestable	2.38	1
contestant	4.17	136
contestation	1.68	2
contester	2.92	1
context	2.17	163
contextual	2.1800000000000002	2
contextually	1.88	1
contiguousness	2.2200000000000002	0
continence	2.5	0
continent	4.34	187
continental	2.48	168
continentally	2.4	0
contingence	1.69	0
contingency	2.0299999999999998	78
contingent	2.11	55
contingently	1.52	0
continual	2.2999999999999998	16
continually	1.76	55
continuance	2.12	57
continuation	2.36	24
continuative	2	0
continue	2.36	2527
continued	2.2000000000000002	370
continuingly	2.04	0
continuity	2.0299999999999998	35
continuous	2.11	98
continuously	2.5	50
continuousness	2.19	0
continuum	2.36	77
contort	3.35	5
contorted	2.89	5
contortion	3	4
contortionist	4.33	6
contour	3.24	14
contoured	2.96	4
contraband	3.33	48
contraception	3.29	23
contraceptive	3.89	17
contract	4.1500000000000004	1650
contracted	2.33	94
contractibility	2.21	0
contractible	1.96	0
contraction	3.53	55
contractor	4.2	160
contractual	2	10
contractually	2.2200000000000002	10
contradict	2.2400000000000002	69
contradictable	1.91	0
contradicter	2.2999999999999998	0
contradiction	2.11	75
contradictious	1.83	0
contradictive	1.75	0
contradictor	2.3199999999999998	0
contradictoriness	2.08	0
contradictory	2.31	32
contraption	3.66	75
contrarian	2.19	0
contrarily	1.81	0
contrary	1.56	454
contrast	2.64	107
contrastingly	1.97	0
contrastive	2.12	0
contributable	1.39	1
contribute	2.13	194
contribution	2.41	223
contributive	1.63	0
contributively	1.65	0
contributor	3.6	18
contributory	2.08	3
contrite	2.3199999999999998	11
contritely	1.83	1
contrive	1.96	5
control	1.93	6662
controllability	1.71	0
controllable	1.72	8
controllably	1.9	0
controller	4.33	66
controllership	2.41	0
controversial	1.53	109
controversialist	2.6	0
controversially	1.48	1
controversy	2.29	83
contusion	4.04	36
conundrum	1.93	25
convalesce	2.08	3
convalescent	2.46	17
convection	2.74	4
convectional	2.85	0
convene	2.79	39
convenience	2.04	245
convenient	1.85	436
conveniently	1.67	76
convent	3.96	170
convention	3.28	629
conventional	1.5	155
conventionalism	1.18	0
conventionalist	2.25	0
conventionality	1.96	4
conventionally	1.65	6
converge	2.65	32
convergence	2.2000000000000002	12
convergent	2.08	2
converging	2.59	21
conversable	2.04	1
conversation	3.28	2543
conversational	2.29	27
conversationalist	2.7	23
conversationally	1.77	0
converse	2.85	66
conversely	1.7	8
converser	2.54	0
conversion	2.46	66
convert	2.73	159
converted	2.2000000000000002	132
converter	3.61	11
convertibility	2.21	0
convertible	4.46	166
convertibly	2.0699999999999998	0
converting	2.19	41
convertor	3.85	0
convex	3.33	9
convey	1.72	136
conveyable	2.27	0
conveyance	2.85	11
conveyer	3.89	0
conveyor	4.22	43
convict	4.1100000000000003	324
convictable	2.15	0
conviction	2.0699999999999998	303
convictional	1.79	0
convince	1.85	955
convinced	2.0699999999999998	1061
convincer	2.4	2
convincible	1.78	0
convincing	1.85	353
convincingly	1.65	11
convolute	2.0499999999999998	0
convoluted	1.82	14
convolution	1.82	1
convoy	3.54	181
convulse	3.74	6
convulsion	3.62	10
convulsive	2.92	0
convulsively	2.46	2
convulsiveness	2.59	0
cooing	3.82	24
cook	4.32	2324
cookbook	4.9000000000000004	37
cooker	4.22	34
cookhouse	4.62	1
cookie	5	852
cooking	4.1900000000000004	1307
cookout	4.25	39
cookware	4.84	6
cool	3.53	9990
coolant	4.25	35
cooler	4.1399999999999997	360
coolheaded	2.2599999999999998	0
cooling	3.03	112
coolly	1.86	6
coolness	2.67	18
coonhound	4.29	3
coop	4.46	528
cooperate	1.87	528
cooperation	2.0299999999999998	407
cooperative	2.5	104
cooperator	3.32	1
coordinate	2.36	130
coordination	2.86	60
coordinator	3.52	81
coot	3.09	36
cootie	2.71	9
cop	4.3	4393
copartner	2.96	0
cope	1.78	166
copied	3.15	128
copier	4.72	32
copilot	4.59	54
coping	1.67	53
copious	2.38	9
copiously	1.58	9
copiousness	1.81	0
copout	1.7	1
copper	4.5199999999999996	336
copperhead	4.7300000000000004	7
copperplate	4.3600000000000003	1
coppersmith	4.5	0
copperware	4.6100000000000003	0
coppery	2.96	2
coproduce	2.8	0
copulate	3.13	13
copulation	3.28	8
copy	3.9	2666
copybook	4.67	4
copycat	3.65	44
copyholder	3.68	0
copyist	3.75	6
copyreader	4.08	0
copyright	3.04	31
copyrightable	2.54	0
copyrighter	4.08	0
copywriter	4.07	9
coral	4.4000000000000004	121
coralroot	4.38	0
cord	4.63	358
corded	4.1100000000000003	1
cordial	2.08	62
cordiality	1.44	2
cordially	1.71	19
cordialness	1.65	0
cording	3.67	1
cordless	3.83	20
corduroy	4.5599999999999996	34
core	3.96	501
coreless	2.79	0
cork	4.8600000000000003	146
corkboard	4.92	3
corked	3.59	13
corking	3.88	3
corkscrew	4.8499999999999996	57
corkwood	4.5999999999999996	0
corn	4.96	725
cornball	4.04	20
cornbread	4.79	46
corncob	4.71	11
cornea	4.8600000000000003	16
corneal	3.46	10
corner	4.6100000000000003	2679
cornered	2.66	117
cornerstone	4.04	34
cornfield	4.96	36
cornflake	4.74	0
cornflakes	4.82	25
cornflower	4.71	3
cornhusk	4.83	0
cornhusker	4.57	0
cornmeal	4.83	12
cornrow	4.5199999999999996	2
cornstalk	4.72	2
cornstarch	4.5599999999999996	9
cornucopia	4.1100000000000003	15
corny	2.1800000000000002	202
corona	3.46	58
coronary	3	101
coronation	3.23	107
coroner	4.34	458
corporal	2.8	802
corporality	2.23	0
corporate	2.27	521
corporately	2.17	0
corporation	2.79	393
corporeal	3.19	25
corps	3.43	555
corpse	4.8899999999999997	515
corral	4.54	119
correct	2.59	2292
correctable	2.15	5
corrected	2.41	134
correctible	2.31	0
correcting	2.88	41
correction	3	163
correctional	2.2400000000000002	74
corrective	2.52	26
correctively	1.76	0
correctly	2.0699999999999998	309
correctness	2.36	12
corrector	2.73	0
correlate	1.63	19
correlated	1.9	3
correlation	2.04	29
correlational	1.58	0
correlative	1.75	1
correlatively	1.54	0
correlativeness	1.8	0
correlativity	1.52	0
correspond	2.27	48
correspondence	3.35	115
correspondent	3.44	110
correspondently	1.88	0
corresponding	2.17	29
correspondingly	1.9	1
corridor	4.72	284
corroborate	1.76	56
corroboration	1.92	16
corroborative	2	2
corroboratively	2.12	0
corroborator	3.56	0
corroboratory	1.96	0
corrode	4.04	5
corrodible	2.61	0
corroding	3.1	3
corrosion	4.26	10
corrosive	3.3	19
corrosively	2.4300000000000002	0
corrosiveness	2.65	0
corrugate	3.17	0
corrugated	3.76	10
corrugation	3.32	0
corrupt	2.0299999999999998	271
corrupted	2.14	97
corrupter	2.96	2
corruptibility	1.5	0
corruptible	2.2999999999999998	10
corruptibleness	1.52	0
corrupting	2.21	40
corruption	2.39	218
corruptive	1.79	0
corruptly	1.79	1
corruptness	1.86	1
corruptor	2.4	1
corsage	4.38	48
corset	4.4800000000000004	45
corseted	3.77	1
cortex	3.79	57
cortisone	3.65	29
corvette	4.76	69
cosign	3.44	13
cosigner	3.61	0
cosmetic	2.96	92
cosmetically	2.52	2
cosmetician	4.1500000000000004	3
cosmetics	4.72	98
cosmetologist	4.22	7
cosmetology	3	9
cosmic	2.76	184
cosmically	1.96	9
cosmological	1.77	4
cosmologically	2.11	0
cosmologist	4.18	1
cosmology	2.52	6
cosmonaut	4.46	8
cosmopolitan	2.65	59
cosmopolitanism	1.56	0
cosmos	3.19	153
cosponsor	2.65	1
cost	2.5	2801
costar	3.74	13
costing	2.85	122
costless	2	0
costliness	2.31	0
costly	2.0699999999999998	79
costume	4.57	721
costumed	3.61	9
costumer	4.04	8
costuming	3.08	2
cot	4.67	102
cottage	4.8499999999999996	270
cotton	4.97	723
cottonmouth	3.75	2
cottonseed	4.7	0
cottontail	4.45	9
cottonweed	4.7300000000000004	0
cottonwood	4.33	15
cottony	2.61	3
couch	4.71	1197
couched	2.2999999999999998	2
cougar	4.82	102
cough	4.3600000000000003	448
could	1.34	83109
council	2.73	863
councilman	4.26	72
councilor	3.78	9
councilwoman	4.59	7
counsel	2.48	726
counseling	2.85	211
counselor	4.24	506
count	3	4588
countable	3	10
countdown	3.3	180
counter	4.17	709
counteraccusation	1.85	0
counteract	2.14	24
counteracting	2.2400000000000002	2
counteraction	2.2200000000000002	1
counteractive	2.04	8
counteragent	3.12	1
counterapproach	2.11	0
counterargument	2.17	1
counterattack	2.92	40
counterattraction	2.36	0
counterbalance	2.5499999999999998	11
counterbid	2.46	0
counterblast	2.62	0
counterblow	3.3	0
countercheck	3.12	0
counterclaim	2.4	0
counterclockwise	3.67	22
counterculture	1.97	9
countercurrent	2.44	0
counterdemonstration	3.67	0
counterespionage	2.17	8
counterevidence	2.85	0
counterfeit	3.64	157
counterfeiter	3.96	5
counterforce	2.38	1
counterhypothesis	1.92	0
counterintelligence	2.38	19
counterintuitive	1.76	3
counterirritant	2.68	1
countermeasure	2.93	10
countermotion	2.08	0
countermove	2.59	4
countermovement	2.48	0
counteroffensive	2.39	6
counteroffer	2.85	15
counterpart	2.63	25
counterplea	3.16	0
counterplot	2.8	0
counterpoint	2.38	20
counterproductive	2.36	14
counterproposal	2.5499999999999998	3
counterproposition	2.14	0
counterpunch	3.35	1
counterrevolution	2.2000000000000002	2
counterrevolutionary	2.33	6
countersecurity	1.8	0
countersense	1.78	0
countersign	2.83	8
countersignal	2.76	0
countersignature	3.44	2
counterstatement	2.3199999999999998	0
counterstrike	2.56	4
counterstroke	3.09	0
countersuit	2.11	2
countertendency	1.44	0
counterterrorism	2.0699999999999998	2
counterterrorist	3.07	5
counterturn	3	0
countertype	1.92	0
counterweigh	3.07	0
counterweight	4	8
counterweighted	3.03	2
countess	3.68	314
counting	3.57	1095
countless	1.72	121
country	4.17	8254
countryman	3.66	12
countryside	4.4800000000000004	180
countrywide	2.0699999999999998	0
countrywoman	4.25	5
county	4.04	1722
coup	3	133
coupe	3.17	31
couple	3.93	11394
coupled	3.31	39
coupler	3.6	4
coupling	3.29	26
coupon	4.79	111
courage	1.52	1207
courageous	2	161
courageously	1.76	11
courageousness	1.4	0
courier	4.58	168
course	3.82	24848
coursed	2	2
coursework	3.96	0
coursing	1.96	24
court	4.3099999999999996	5137
courteous	1.97	62
courteously	2.38	3
courteousness	1.83	0
courtesy	1.77	414
courthouse	4.8600000000000003	225
courtier	3.45	3
courtliness	1.82	0
courtly	1.64	9
courtroom	4.63	427
courtship	2.52	59
courtside	3.65	40
courtyard	4.57	109
cousin	3.7	2491
cousinhood	2.25	1
cousinship	2.08	0
couture	2.64	16
cove	4.57	166
coven	3.68	30
covenant	2.69	341
cover	4.2300000000000004	4808
coverage	2.7	318
coverall	4.3600000000000003	3
coveralls	4.7300000000000004	9
covered	3.41	1612
covering	3.46	634
coverless	2.79	1
covert	1.72	148
covertly	1.74	18
covertness	1.87	0
covet	1.93	48
covetable	1.81	0
coveted	1.89	39
coveting	2.36	15
cow	4.96	1301
coward	2.93	734
cowardice	2.1	91
cowardliness	2.04	0
cowardly	1.96	118
cowbell	4.8	10
cowboy	4.72	968
cowcatcher	4.33	0
cower	2.88	16
cowfish	4.1900000000000004	0
cowgirl	4.63	60
cowhand	4.29	21
cowhide	4.76	7
cowl	3.96	5
cowlick	4.04	4
cowlicks	4.5199999999999996	0
coworker	4.28	34
cowpoke	4.6500000000000004	2
cowpox	4.18	6
cowskin	4.8099999999999996	1
coy	1.89	88
coyly	1.92	3
coyness	2.04	2
coyote	4.96	185
cozier	2.38	8
cozily	2.31	1
coziness	2.52	0
cozy	2.61	288
crab	4.9000000000000004	352
crabber	3.09	2
crabbiness	2.04	2
crabbing	3	9
crabby	2.12	47
crabgrass	4.5199999999999996	6
crablike	2.97	0
crabmeat	4.8099999999999996	9
crack	4.53	1675
crackbrained	2.2000000000000002	2
crackdown	2.83	10
cracked	3.93	492
cracker	4.96	294
crackerjack	3.73	25
crackers	4.93	289
cracking	3.8	303
crackle	3.46	35
crackled	3.39	1
crackling	3.67	71
crackly	3.69	2
crackpot	3.26	49
crackup	2.96	7
cradle	4.93	145
cradler	3.16	0
cradling	3.9	8
craft	3.48	289
crafter	3.42	1
craftily	2.14	1
craftiness	2.4500000000000002	0
craftsman	4	47
craftsmanship	2.64	32
craftsperson	4.17	0
craftswoman	3.83	0
craftwork	3.39	0
crafty	2.4500000000000002	53
craggy	3.13	2
cram	2.71	77
crammer	3.12	0
cramp	4.09	143
cramped	3	73
cramping	3.89	45
cranberry	4.96	99
crane	4.68	1714
cranial	3.5	39
craniologist	3.84	0
cranium	4.5	40
crank	4.5	272
cranked	3.07	27
crankily	1.96	0
crankiness	1.9	5
crankshaft	4.7300000000000004	6
cranky	2.15	171
crap	3.67	3151
crappy	1.67	253
craps	3.48	155
crapshoot	2	0
crash	3.79	1461
crasher	3.28	14
crate	4.93	209
crateful	3.58	1
crater	4.6100000000000003	132
cratered	3.26	0
craterless	3.04	0
craterlike	3.18	0
crave	2.52	106
craver	2.84	0
craving	2.0699999999999998	109
cravingly	1.46	0
crawfish	5	13
crawl	4.2699999999999996	614
crawler	4	16
crawlers	4.12	10
crawling	4.47	462
crawlspace	4.96	13
crawly	2.83	6
crayfish	4.93	2
crayon	4.87	21
craze	2.04	52
crazed	2.33	107
crazily	1.85	5
craziness	2.36	64
crazy	2.37	13886
creak	3.61	26
creakily	2.48	0
creakiness	2.7	0
creaking	3.36	142
creakingly	2.04	0
creaky	4.07	12
cream	4.83	2484
creamed	3	82
creamer	4.66	36
creamery	4.03	6
creamily	2.2599999999999998	0
creaminess	3.19	0
creamlike	3.21	0
creamy	3.62	60
crease	4.45	69
creaseless	3.82	0
creaseproof	3.35	0
creasing	3.61	0
creatable	2.04	0
create	2.62	1289
creation	2.15	310
creational	1.72	0
creationism	1.69	16
creationist	2.46	2
creationistic	1.56	0
creative	1.93	548
creatively	2	24
creativeness	2.04	0
creativity	1.8	96
creator	3.07	142
creatorship	2.58	0
creature	4.07	1092
credence	1.92	21
credential	2.88	5
credentials	3.43	166
credibility	2.29	163
credible	1.72	84
credibleness	1.52	0
credibly	1.41	4
credit	2.71	2337
creditability	1.68	0
creditable	2.44	5
creditably	2.0499999999999998	0
creditcard	4.8899999999999997	0
creditor	3.37	7
creditworthy	1.88	0
credulously	1.5	0
creed	2.1	129
creek	4.87	454
creep	3.38	573
creeper	3.48	37
creepers	3.21	11
creepiness	1.61	0
creeping	3.04	140
creepy	2.33	568
cremate	4.0999999999999996	19
cremation	3.69	41
cremationist	3.38	0
cremator	4.1900000000000004	1
crematorium	4.43	19
crematory	4.5599999999999996	14
creole	3.7	55
crepe	4.5	42
crept	2.93	58
crescendo	3.04	25
crescent	4.04	72
crest	4.5199999999999996	107
crested	3.15	5
crestfallen	2.27	6
cresting	3.03	1
crestless	2.78	0
cretaceous	2.5	12
cretin	3.45	51
crevasse	4.6900000000000004	3
crevice	4.43	21
creviced	3.18	1
crew	4.3600000000000003	2424
crewless	2.86	0
crewman	4.3899999999999997	50
crewmate	4.38	0
crewmember	4.5	0
crib	4.8600000000000003	316
cribbage	3.58	13
cricket	4.7699999999999996	144
cried	3.93	662
crier	3.58	17
crime	3.03	3633
crimeless	1.96	0
crimelessness	1.96	0
criminal	3.48	1758
criminalist	2.92	7
criminality	1.87	6
criminalize	2.21	8
criminally	1.86	37
criminological	2	3
criminologist	3.6	5
criminology	2.83	15
crimp	4	22
crimper	3.76	0
crimping	3.71	3
crimson	4	67
cringe	3.34	23
cringing	2.82	10
cringingly	2.23	0
crinkle	3.7	10
crinkly	3.23	4
cripple	3.78	194
crippled	3.59	210
crippling	2.77	37
crises	2.11	27
crisis	2.33	849
crisp	3.69	161
crisped	3.58	0
crisper	3.85	9
crispiness	3.36	1
crisping	2.85	1
crisply	2.92	1
crispness	3.58	2
crisps	4.04	13
crispy	4.04	116
crisscross	3.77	9
criteria	2.5	91
critic	3.55	192
critical	2.14	625
critically	1.93	36
criticalness	1.88	0
criticism	2.0699999999999998	155
criticize	2.0299999999999998	110
criticizer	3.04	0
critique	2.5499999999999998	25
critter	4.1900000000000004	65
croak	3.82	59
croaker	3.57	18
crochet	4.6500000000000004	8
crocheting	4.33	5
crock	3.56	103
crockery	3.08	5
crocodile	4.83	115
croissant	4.96	45
crook	3.79	289
crooked	3.79	290
crookedly	2.93	0
crookedness	3.44	2
croon	3.19	12
crooner	3.48	14
crooning	3.12	9
crop	4.24	248
cropland	4.41	0
croquet	4.59	44
croquette	4.24	2
cross	4.4400000000000004	2807
crossable	2.56	0
crossbar	4.57	5
crossbeam	4.82	2
crossbones	4.07	5
crossbow	4.7699999999999996	56
crossbowman	4.2	0
crossbred	2.2200000000000002	0
crossbreed	3.04	2
crosscheck	2.89	4
crosscurrent	2.7	1
crosscut	3.63	6
crosscutting	3.78	1
crossed	3.45	874
crossfire	3.38	46
crosshair	4.3	0
crossing	3.42	444
crossly	1.92	3
crossness	1.78	1
crossover	2.65	20
crosspiece	3.69	0
crossroad	4.41	9
crossroads	4.67	109
crosstalk	2.92	0
crosswalk	4.62	21
crossway	3.77	1
crossways	3.67	3
crosswind	3.61	7
crossword	4.4800000000000004	89
crotch	4.7699999999999996	140
crotched	3.21	0
crotchet	4.12	2
crotchety	2.08	13
crouch	4.2699999999999996	38
crouched	3.48	12
crouching	4.03	26
crouton	4.9000000000000004	13
crow	4.93	227
crowbar	4.87	66
crowd	4.5199999999999996	1906
crowded	3.28	456
crowdedly	2.35	0
crowdedness	2.89	0
crowdsourcing	2.46	0
crowing	3.33	15
crown	4.8099999999999996	698
crowned	3.67	88
crownless	2.84	0
crownwork	3.29	0
crucial	2.08	234
crucially	1.76	2
crucible	3.48	9
crucified	3.04	79
crucifier	3.15	0
crucifix	4.45	60
crucifixion	4	38
crucify	3.45	111
crud	3.46	52
cruddy	2.46	15
crude	1.96	155
crudely	2.4300000000000002	9
crudeness	1.85	2
cruel	2.11	936
cruelly	1.7	24
cruelness	2.1800000000000002	0
cruelty	2.04	166
cruise	4.03	626
cruisecontrol	3.81	0
cruiser	3.78	162
crumb	4.8	92
crumble	4.04	71
crumbliness	3.25	0
crumbly	3.19	6
crummier	2.08	0
crummiest	1.79	3
crummy	2.57	171
crumpet	4.8099999999999996	17
crumple	3.88	8
crumpled	3.97	27
crumpling	3.96	0
crumply	3.35	0
crunch	3.36	179
crunchable	2.68	2
cruncher	3.31	4
crunchiness	2.97	1
crunching	4	48
crunchy	3.81	48
crusade	2.78	194
crusader	3.63	57
crush	3.9	857
crushability	2.48	0
crushable	2.73	0
crushed	4.21	431
crusher	4	56
crushing	3.71	139
crushingly	2.46	1
crust	4.59	166
crustacean	4.66	12
crustaceous	3.48	2
crusted	3.56	10
crustiness	3.83	0
crusty	4.1399999999999997	54
crutch	4.5	67
crutched	2.48	0
crux	2.69	15
cry	4	3348
crybaby	3.29	67
crying	4.4800000000000004	2709
cryogenic	2.33	17
cryogenics	3.7	9
crypt	4.75	70
cryptic	2.36	53
cryptically	1.67	0
cryptogenic	2.42	1
cryptogram	3.92	1
cryptograph	4.12	1
cryptographer	3.61	2
cryptographic	2.91	0
cryptographist	3.87	0
cryptography	3.54	11
cryptologist	4.1399999999999997	1
cryptology	3.08	2
crystal	4.58	823
crystalline	3.16	16
crystallization	3.46	7
crystallize	3.63	4
crystallized	3.84	19
crystallizer	2.87	0
crystalloid	3.77	2
cub	4.67	107
cubby	3.77	40
cubbyhole	4.1900000000000004	5
cube	4.62	152
cubic	2.97	44
cubical	4.21	1
cubically	2.9	0
cubicle	4.83	131
cubism	2.92	6
cubistic	2.39	1
cuckoo	4.42	151
cucumber	4.83	101
cuddle	3.83	110
cuddlesome	2.78	0
cuddly	2.93	71
cue	3.31	397
cuff	4.6100000000000003	291
cufflink	4.8600000000000003	5
cuisine	3.7	99
culinary	2.96	61
culminate	2.0299999999999998	6
culmination	1.96	21
culpability	2	6
culpable	1.61	10
culpably	1.35	0
culprit	3.39	55
cult	2.71	227
cultish	1.73	1
cultism	1.75	0
cultist	2.88	0
cultivatable	2.56	0
cultivate	3.14	48
cultivated	2.65	31
cultivation	3.13	8
cultivator	3.79	5
cultural	2.1	202
culturally	1.79	31
culture	2.04	711
cultured	2.2000000000000002	49
cultureless	1.62	3
culturist	2.64	0
culvert	3.67	19
cum	4.3099999999999996	104
cumbersome	2.5	15
cumbersomely	1.73	0
cumbersomeness	2.27	0
cumin	4.93	16
cummerbund	4.04	8
cumulate	2.65	0
cumulative	2.29	11
cumulatively	1.92	0
cumulativeness	1.52	0
cumulus	3.56	15
cunnilingus	3.7	11
cunning	2.12	207
cunningly	1.7	11
cunningness	1.6	1
cunt	4.21	350
cup	5	2634
cupbearer	4.07	0
cupboard	4.79	127
cupcake	5	167
cupful	4.04	1
cupid	3.56	128
cupped	3.48	5
cupping	3.74	9
curability	2	0
curable	2.5299999999999998	13
curate	2.42	5
curative	1.7	11
curator	3.81	47
curb	4.68	209
curbing	2.76	6
curbside	4.17	7
curbstone	4.16	3
curd	4.1900000000000004	22
curdle	3.65	9
curdled	3.85	8
cure	2.41	1063
cureless	2	1
curer	2.67	0
curfew	2.73	234
curing	2.64	48
curiosity	1.61	435
curious	1.75	1337
curiously	1.57	35
curiousness	1.78	0
curl	4.38	120
curled	3.67	47
curler	4.13	5
curliness	3.29	0
curling	4.04	49
curly	4.41	294
currant	3.74	2
currency	4.25	186
current	3.16	869
currently	2.14	351
curricular	2.77	3
curriculum	3.23	70
curried	3.19	3
curry	4.84	124
curse	2.39	929
cursed	1.96	377
cursedly	1.7	0
curser	4.21	0
cursive	3.96	4
cursor	4.33	3
cursory	2.12	15
curt	2.35	136
curtail	2.76	6
curtailed	2.65	4
curtailment	2.2000000000000002	1
curtain	4.82	525
curtly	2.48	0
curtness	2.23	0
curtsy	4.18	29
curvaceous	3.37	6
curvature	2.93	12
curve	4.41	235
curveball	4.26	17
curved	3.35	31
curvedness	3.12	0
curvy	3.33	10
cushion	4.68	110
cushioned	3.79	5
cushiony	3.15	0
cushy	2.34	36
cusp	2.74	14
cuss	3.14	54
cussed	3.31	8
custard	4.8499999999999996	64
custodial	2.12	20
custodian	4.6399999999999997	49
custodianship	2.41	2
custody	3.03	982
custom	2.68	316
customarily	1.58	3
customariness	1.39	0
customary	1.85	111
customer	3.82	775
customize	2.93	4
customized	2.81	31
customizer	2.69	1
customs	2.82	326
cut	4.55	11718
cutaway	2.88	4
cutback	2.88	17
cute	2.76	4475
cutely	2.1800000000000002	0
cuteness	2.59	18
cutesy	2.09	14
cuticle	4.9400000000000004	19
cutie	2.89	147
cutlass	4.2	26
cutlery	4.75	18
cutlet	4.5199999999999996	18
cutoff	3.62	30
cutout	3.81	15
cutter	4.07	239
cutthroat	2.5499999999999998	42
cutting	4.1100000000000003	1126
cuttingly	1.81	0
cuttlefish	4.2300000000000004	10
cyan	4.04	9
cyanide	4.32	92
cyberbullying	2.85	0
cybernetic	2.65	17
cybersex	3.21	7
cyberspace	2.54	24
cyborg	3.88	30
cycle	3.64	300
cyclic	2.7	9
cyclical	2.25	8
cyclically	2.61	0
cycling	4.24	20
cyclist	4.84	5
cyclone	4.4800000000000004	24
cyclonic	2.82	0
cylinder	4.6399999999999997	80
cylindrical	3.54	8
cylindrically	3.38	0
cymbal	4.92	13
cymbalist	4.3	0
cymbals	4.88	24
cynic	2.64	56
cynical	1.64	187
cynically	1.53	6
cynicism	1.78	46
cypress	4.76	38
cyst	4.2300000000000004	22
cytoplasm	3.64	4
cytoplast	3.65	0
czar	4.1399999999999997	35
dab	3.6	57
dabble	2.17	29
dabbler	2.68	1
dabbling	2.04	14
dachshund	4.67	18
dad	4.29	25870
daddy	4.24	9439
daffodil	4.96	10
daft	2.42	68
dagger	4.96	251
daggered	2.92	1
daggers	4.72	61
daily	3.15	797
daintily	2.75	3
daintiness	1.92	3
dainty	2.33	61
daiquiri	4.62	41
dairy	4.45	142
dairymaid	4.3499999999999996	0
dairyman	4.7	0
dairywoman	4.3600000000000003	0
daisy	5	689
dally	2.39	39
dallying	2.04	2
dalmatian	4.8099999999999996	37
dam	4.88	293
damage	3.2	1686
damageability	2.58	0
damageable	2.72	0
damages	3.12	203
damagingly	1.83	0
dame	3.73	702
damn	2	14460
damnable	1.88	15
damnably	1.6	3
damnation	1.56	67
damned	1.8	898
damningly	2	0
damp	3.81	149
damped	3.16	0
dampen	3.25	16
damper	3.13	43
damping	2.92	8
damply	3	0
dampness	4.1500000000000004	7
damsel	3.88	45
dance	4.32	7550
danceable	2.4	4
dancefloor	4.97	0
dancehall	4.3	0
dancer	4.75	831
dancing	4.3	2774
dancingly	2.67	0
dandelion	5	15
dander	4	15
dandily	1.82	0
dandruff	4.79	41
dandy	2.73	224
danger	2.68	2227
dangerous	2.13	3817
dangerously	2.2400000000000002	83
dangerousness	2.08	1
dangle	3.36	68
dangler	3.25	14
dangling	3.52	66
dankness	2.84	0
dapper	2.68	28
dare	2.2799999999999998	2826
daredevil	3.76	33
daredevilry	2.41	0
darer	3.38	1
dares	2.16	123
daresay	1.93	25
daring	1.71	214
daringly	1.8	3
daringness	1.79	0
dark	4.29	4519
darken	3.3	20
darkened	3.48	40
darkener	2.96	0
darkening	3	10
darkish	2.86	0
darkly	2.15	7
darkness	3.85	892
darkroom	4.45	44
darling	2.54	6613
darlingness	2	0
darn	3	709
darned	2.7	113
darning	3.5	5
dart	4.9000000000000004	98
dartboard	4.75	6
darting	2.72	11
dartingly	2.2799999999999998	0
darts	4.83	100
darwinism	2.39	16
dash	3.39	308
dashboard	4.6100000000000003	50
dashed	3.17	46
dashing	2.44	115
dashingly	1.92	1
dastardliness	2.17	0
dastardly	1.67	18
data	3.93	1306
databank	3.23	11
database	4	290
datable	2.04	2
dataflow	2.3199999999999998	0
dataset	3.74	0
datasheet	4.67	0
date	3.9	7218
datebook	4.7699999999999996	5
dateless	2.5	19
dateline	2.91	17
dating	2.3199999999999998	1689
daughter	4.79	8739
daughterhood	2.4300000000000002	0
daughterless	2.93	0
daughterly	2.27	1
daunt	1.83	2
daunting	2.11	16
dauntingly	2.04	1
dauntless	2.19	7
dauntlessly	2.21	0
dawdle	2.2200000000000002	30
dawdler	3.08	0
dawdling	2.89	20
dawn	4.46	1301
dawning	2.31	38
day	3.92	40893
daybed	4.41	1
daybook	4.8499999999999996	3
daybreak	4.21	70
daycare	3.93	77
daydream	2.79	49
daydreamer	3.1	4
daylight	4.0999999999999996	488
daylong	2.79	2
dayroom	4.29	0
days	3.36	15592
daytime	4.3099999999999996	193
daytimes	3.28	2
daze	2.52	28
dazed	2.44	38
dazedly	2.19	0
dazedness	1.93	0
dazzle	2.52	51
dazzler	2.97	1
dazzling	2.1	66
dazzlingly	2.44	1
deacon	3.52	146
deaconship	2.69	1
deactivate	3	58
deactivation	3.35	11
deactivator	3.29	1
dead	4.07	22898
deadbeat	2.46	88
deadbolt	4.5199999999999996	5
deaden	2.41	8
deadening	2.4300000000000002	1
deadfall	2.96	1
deadline	2.66	299
deadliness	2.54	1
deadlock	2.96	4
deadly	2.7	504
deadness	2.6	0
deadweight	2.65	5
deadwood	3.48	76
deaf	3.27	741
deafen	3.11	2
deafening	2.68	22
deafeningly	2.78	0
deafly	1.92	0
deafness	3.48	14
deal	3.1	13330
dealer	3.76	831
dealership	4.04	66
dealing	2.37	1440
dealmaker	3.21	0
dealt	2.95	379
dean	4.45	1974
dear	2.25	11395
dearly	1.6	249
dearness	1.52	0
death	3.73	11051
deathbed	3.83	68
deathblow	3.48	0
deathless	2	0
deathlessness	2	0
deathlike	2.2200000000000002	0
deathly	2	28
deathtrap	3.29	10
deathwatch	2.37	13
debacle	2.29	34
debark	2.57	3
debatable	2.04	23
debate	3.18	474
debater	3.67	2
debating	3.32	83
debauchery	2.2200000000000002	23
debilitate	2.42	0
debilitated	2.11	7
debilitating	1.97	29
debilitation	2.48	0
debilitative	2.0699999999999998	0
debit	3.66	8
debonair	2.13	17
debone	3.72	3
debrief	2.57	58
debriefing	3.21	54
debris	4.6900000000000004	159
debt	2.72	725
debtless	2	0
debtor	3.36	16
debug	2.66	10
debugger	3.04	3
debunk	2.0699999999999998	6
debut	1.83	132
debutant	3.58	0
debutante	3.54	68
decade	3.19	247
decadence	2.2200000000000002	29
decadency	1.69	0
decadent	2.21	60
decadently	2.17	0
decaf	3.67	122
decaffeinate	2.29	0
decaffeinated	2.78	8
decal	4.74	6
decalcification	2.82	0
decalcify	2.79	0
decameter	3.76	0
decant	3.43	0
decapitate	3.85	19
decapitation	4.25	18
decapitator	3.5	0
decathlon	4.08	20
decay	3.89	105
decayed	3.63	11
decaying	3.28	36
decease	2.77	2
deceased	3.97	321
deceit	2.37	95
deceitful	2.13	58
deceitfully	1.39	4
deceitfulness	2.14	2
deceivable	1.68	0
deceivableness	1.65	0
deceive	1.68	174
deceiver	2.66	9
deceiving	2.0699999999999998	89
deceivingly	1.4	0
decelerate	3.44	4
deceleration	2.83	6
december	3	387
decency	2	236
decent	2.04	1433
decently	1.66	21
decentness	1.62	0
decentralism	1.59	0
decentralization	2.0699999999999998	1
decentralize	1.84	0
deception	1.86	160
deceptive	1.78	26
deceptively	1.52	4
deceptiveness	1.89	0
decibel	2.9	10
decidable	1.69	0
decide	1.92	2571
decided	1.83	4521
decidedly	1.62	38
decidedness	1.96	0
decider	2.78	6
deciduously	2.41	0
decimal	4.29	42
decimally	2.25	0
decimate	2.65	9
decimeter	3.56	0
decipher	2.83	87
decipherability	2.08	0
decipherable	2	0
decipherer	2.54	0
decision	2.19	2808
decisional	1.65	0
decisive	2.16	66
decisively	2.23	6
decisiveness	1.9	1
deck	4.7699999999999996	1212
deckchair	4.6900000000000004	0
decked	3	31
deckhand	4.17	9
deckhouse	4.79	0
decking	4.04	4
declaim	2.2799999999999998	1
declarable	2	0
declaration	2.52	180
declarative	1.88	0
declaratively	1.89	0
declaratory	1.92	4
declare	2	386
declared	2.38	333
declarer	2.67	0
declassify	1.89	0
declinable	1.9	0
declination	2.52	5
decline	2.76	152
declined	2.04	80
decliner	2.25	0
decodable	2.62	1
decode	3	55
decoder	3.56	22
decolonization	2.59	0
decommission	2.11	5
decommissioning	2.0699999999999998	5
decomposability	2.57	0
decomposable	2.67	0
decompose	3	24
decomposed	3.78	24
decomposer	2.83	0
decomposition	3.1	26
decompress	2.59	27
decompressing	2.62	5
decompression	3.07	28
decongestant	3.31	1
decongestive	2.64	0
deconstruct	2.48	2
deconstruction	3.04	10
deconstructionist	2.35	1
decontaminate	2.93	1
decontamination	2.78	24
decor	3.77	52
decorate	3.4	118
decorated	3.44	144
decoration	3.53	94
decorative	2.59	44
decoratively	1.63	0
decorativeness	2.54	0
decorator	3.86	107
decorum	2.36	42
decoy	4.34	182
decrease	2.68	60
decreasing	2.82	25
decreasingly	2.21	0
decree	2.68	98
decrepit	3.17	25
decrepitly	2.4500000000000002	0
decrescendo	3.2	0
decrypt	2.52	17
decryption	2.83	29
dedicate	2.69	124
dedicated	1.76	416
dedication	2.16	173
dedicative	1.44	0
dedicator	2.58	0
deduce	1.61	29
deducibility	2	0
deducible	2.04	0
deduct	2.31	55
deductible	2.74	46
deduction	2.19	87
deductive	1.33	18
deductively	1.59	0
deed	3.86	475
deejay	4.4800000000000004	31
deem	2.1	30
deep	3.38	3896
deepen	3.2	13
deepening	2.2999999999999998	11
deepfreeze	3.71	0
deeply	2	736
deepness	2.78	1
deepwater	3.92	3
deer	4.8600000000000003	444
deerhound	4.7	0
deerskin	4.9000000000000004	1
deescalate	2.16	1
deface	3.03	5
defacement	3.24	1
defacer	2.81	0
defacing	2.31	10
defamation	2.25	29
defamatory	1.44	3
defame	1.81	1
defamed	2.17	8
default	2	51
defeat	2.96	580
defeated	2.59	284
defeater	2.62	0
defeatism	1.75	3
defeatist	2.08	21
defecate	4.21	15
defecation	4.16	3
defect	2.48	126
defection	2.3199999999999998	19
defective	2.56	110
defectively	1.9	0
defectiveness	1.92	0
defend	2.31	959
defendable	1.54	0
defendant	3.8	904
defender	3.19	152
defense	2.4500000000000002	1665
defenseless	2.4	68
defenselessly	1.93	0
defenselessness	2.15	0
defenseman	4.04	1
defensibility	1.81	0
defensible	2.3199999999999998	12
defensibly	2.2599999999999998	0
defensive	2.0699999999999998	278
defensively	2.29	12
defensiveness	1.74	1
defer	1.92	30
deference	1.92	19
deferential	2.2599999999999998	5
deferentially	1.96	1
deferment	2.12	7
deferrable	1.88	0
deferral	2.81	0
deferred	2	12
defiance	2.17	57
defiant	2.0699999999999998	47
defiantly	2.2200000000000002	3
defibrillate	2.93	8
defibrillation	3	2
defibrillator	4.68	24
deficiency	2.0699999999999998	53
deficient	1.89	28
deficiently	1.79	0
deficit	2.21	55
defile	2.4300000000000002	17
defiled	2.21	19
defilement	1.96	1
defiler	2.83	4
defiling	2.33	10
definability	1.92	0
definable	1.88	0
definably	1.81	0
define	2.15	318
defined	2.0699999999999998	88
definite	2.0699999999999998	314
definitely	1.74	3848
definiteness	2	0
definition	3.07	296
definitional	1.4	0
definitive	1.83	99
definitively	1.97	23
definitiveness	1.39	0
deflate	3.12	13
deflation	2.63	3
deflator	3.04	0
deflect	3.25	27
deflectable	2.69	0
deflected	2.63	18
deflection	3.07	15
deflective	2.62	0
deflector	3.5	17
deflower	2.2000000000000002	6
defog	3.39	0
defoliated	3.16	0
defoliation	2.85	0
deforest	3.17	7
deforestation	3.41	5
deform	3.28	6
deformation	3	3
deformed	3.64	66
deformity	3.59	21
defrag	2.46	0
defraud	1.82	19
defrauder	2.56	2
defray	1.84	4
defreeze	3.22	0
defrost	3.9	21
defroster	4.2300000000000004	4
deftly	1.96	8
defunct	2.16	17
defuse	2.54	38
defy	1.86	158
degeneracy	1.33	3
degenerate	2.04	93
degenerateness	1.92	0
degeneration	2.17	20
degenerative	2.15	12
degradable	2.58	1
degradation	2.23	39
degrade	1.64	34
degraded	2.35	46
degradedly	1.71	0
degrader	2.2799999999999998	0
degrading	2.2200000000000002	87
degradingly	2	0
degrease	3.68	0
degreaser	3.54	0
degree	3	759
dehorn	3.2	0
dehumanization	1.59	5
dehumanize	2.41	0
dehumidification	2.44	0
dehumidifier	4.67	0
dehumidify	2.81	0
dehydrate	3.31	6
dehydration	3.52	40
dehydrator	4.4800000000000004	0
deign	1.64	16
deinstitutionalization	1.7	1
deity	2.33	28
deject	1.73	1
dejected	1.89	11
dejectedly	1.62	0
dejection	1.87	0
delay	2.79	562
delayed	2.08	274
delayer	2.36	0
delaying	2	32
delectability	1.77	0
delectable	2.44	19
delectableness	2.33	0
delectably	1.96	0
delegate	3.07	73
delegation	2.7	70
delegator	3.66	0
delete	3.48	90
deletion	2.8	6
deli	4.57	108
deliberate	1.78	145
deliberately	2.86	319
deliberateness	2.0699999999999998	0
deliberation	2.19	20
deliberative	1.5	0
deliberatively	1.88	0
deliberator	2.66	0
delicacy	2.81	71
delicate	2.2999999999999998	485
delicately	1.44	48
delicateness	2	0
delicatessen	4.28	41
delicious	2.4300000000000002	1098
deliciously	2.04	18
deliciousness	2.48	9
delight	2.2999999999999998	288
delighted	2.86	660
delightedly	2	1
delightful	2.38	469
delightfully	1.96	28
delightfulness	1.93	0
delighting	2.21	5
delightsome	1.76	0
delineate	1.72	1
delinquency	2.3199999999999998	23
delinquent	2.17	71
delinquently	1.8	0
delirious	2.12	135
deliriously	1.83	17
deliriousness	2.04	0
delirium	1.97	36
deliver	3.12	1446
deliverable	2.89	1
deliverance	2.34	30
deliverer	3.72	4
delivery	3.69	1017
deliveryman	4.2300000000000004	7
dell	3.92	124
delocalize	1.84	0
delouse	3	4
delta	3.21	425
delude	2.11	22
deluding	1.81	10
deludingly	1.76	0
deluge	3.48	20
delusion	2.2999999999999998	138
delusional	1.68	142
delusionary	2	1
delusively	1.7	0
delusory	2.09	0
deluxe	2.13	98
delve	2.3199999999999998	14
demagnetization	2.4300000000000002	0
demagnetize	2.84	4
demagnetizer	3.62	0
demand	2.2000000000000002	873
demandable	2.04	0
demander	2.64	1
demanding	2.41	217
demandingly	2.3199999999999998	0
demark	2.58	0
dematerialization	2.38	0
dematerialize	2.14	3
demean	2	18
demeaning	1.85	44
demeanor	2.44	54
demented	1.69	91
dementedly	1.54	1
dementedness	1.71	0
dementia	2.23	66
demerit	2.19	10
demigod	2.57	5
demilitarization	2.04	0
demilitarize	2.2999999999999998	0
demilitarized	2.4300000000000002	6
demineralization	2.11	1
demise	2.31	87
demo	3.66	168
demobilization	2.19	1
demobilize	2.4300000000000002	0
democracy	1.78	337
democrat	3.96	86
democratic	1.74	181
democratically	1.92	6
democratization	1.37	0
democratize	1.8	1
demographer	3.13	0
demographic	2.48	44
demographical	2.3199999999999998	0
demographically	2.56	0
demographics	2.2799999999999998	24
demography	2.64	0
demolish	3.46	27
demolisher	2.92	0
demolishment	2.2200000000000002	0
demolition	3.38	144
demolitionist	3.56	0
demon	3.32	1593
demonetize	2.13	0
demonic	2.17	154
demonical	1.54	0
demonize	1.89	6
demonologist	3.62	2
demonstrability	2.12	0
demonstrable	2.2999999999999998	5
demonstrably	2	2
demonstrate	2.5299999999999998	238
demonstration	3.75	366
demonstrational	2.64	0
demonstrative	2.2999999999999998	18
demonstratively	2.04	1
demonstrativeness	2.25	0
demonstrator	4	8
demoralization	2.11	1
demoralize	1.86	3
demoralizer	2.48	1
demos	3.21	16
demote	2.72	2
demotion	2.31	16
demotivate	1.62	2
demount	3.08	1
demureness	1.7	0
demystify	1.56	3
den	4.57	312
denationalization	1.67	0
denaturalization	2	1
denaturalize	2.2999999999999998	0
denatured	2.67	4
deniability	1.69	29
deniable	1.46	8
denial	2.46	268
denier	2.48	0
denim	4.7699999999999996	33
denims	4.3600000000000003	5
denominate	2.36	0
denomination	2.77	18
denominational	1.72	1
denominator	3.36	28
denotation	2.35	0
denote	2.04	4
denounce	1.83	44
denouncement	2.36	0
denouncer	2.74	0
dense	3.14	108
densely	2.23	7
denseness	3.12	1
density	2.52	73
dent	4.63	180
dental	3.08	315
dentist	4.93	571
dentistry	3.64	19
denture	4.7	10
denunciate	2.04	0
denunciation	2.04	0
deny	2.2000000000000002	1091
deodorant	5	82
deodorization	2.4500000000000002	0
deodorize	2.93	2
deodorizer	4.07	2
deoxidization	2.89	0
deoxidize	2.52	0
deoxidizer	2.85	0
deoxygenate	2.4	0
depart	2.86	109
departed	2.57	138
department	3.3	3256
departmental	1.9	42
departmentalism	1.84	0
departmentalization	2.39	0
departmentalize	2.12	0
departmentally	2.11	1
departure	3.07	275
depend	1.89	504
dependability	1.97	4
dependable	1.86	85
dependableness	1.67	0
dependably	2.15	0
dependant	2.48	7
dependence	2.15	21
dependency	1.93	26
dependent	2.3199999999999998	114
dependently	2.04	0
depending	1.81	306
depersonalization	1.68	0
depersonalize	1.41	0
depict	2.13	27
depiction	2.31	16
depictive	1.93	0
deplete	2.89	7
depletion	2.38	13
depletive	1.74	0
deplorable	1.78	47
deplorableness	2.04	0
deplorably	1.83	1
deplore	1.93	12
deplored	1.97	0
deploringly	2.12	0
deploy	2.96	135
deployable	2.08	1
deployment	2.9	64
depolarize	1.8	0
depoliticize	1.71	0
depopulate	2.9	3
depopulation	2.44	1
deport	3.41	40
deportable	2.38	0
deportation	2.42	40
deportee	3.79	0
deportment	2.67	12
deposable	2.2400000000000002	0
depose	2.52	21
deposer	2.63	1
deposit	3.92	551
deposition	2.92	153
depositional	1.61	0
depositor	3.96	5
depository	3.37	50
depot	4.1399999999999997	150
depravation	2.3199999999999998	3
deprave	1.64	3
depraved	1.81	65
depravedness	1.68	0
depravity	2.17	34
deprecate	2.29	2
deprecation	1.75	0
depreciable	1.61	0
depreciate	1.89	8
depreciatingly	1.96	0
depreciation	2	18
depreciative	2	0
depreciatively	1.68	0
depreciatory	1.84	0
depress	2.29	36
depressant	3.43	5
depressed	1.93	830
depressible	2.35	0
depressing	1.79	324
depressingly	1.9	4
depression	2.39	406
depressive	2.19	22
depressively	1.52	0
depressiveness	1.58	0
depressor	3.4	6
depressurization	2.96	5
depressurize	3.26	2
deprival	2.48	0
deprivation	1.96	40
deprive	2.21	67
deprived	2.04	99
depth	3.11	421
deputize	2.52	18
deputy	4.07	798
deputyship	3.25	0
derail	3.55	29
derailment	2.67	11
derange	1.96	0
deranged	2.1800000000000002	115
derangement	2.1	7
derby	4.07	112
deregulate	2.1	1
deregulation	2	3
derelict	3.41	40
derisive	1.48	2
derisively	1.52	0
derisiveness	2.17	0
derivability	1.7	0
derivable	1.92	0
derivation	1.86	13
derivative	1.93	39
derivatively	1.61	0
derive	2	35
derived	2	53
derma	3.79	5
dermatitis	3.92	4
dermatologic	2.88	0
dermatological	2.4300000000000002	3
dermatologist	4.21	28
dermatology	2.92	9
derogative	1.81	0
derogatively	1.79	0
derogatory	2.15	31
derriere	4.6500000000000004	17
descend	3.18	98
descendant	3.53	55
descendent	2.62	6
descending	2.61	85
descent	3	132
describable	1.97	0
describe	2.1800000000000002	866
describer	2.81	0
description	2.4300000000000002	645
descriptive	2.2000000000000002	20
descriptively	1.74	0
descriptiveness	1.68	0
descriptor	2.0499999999999998	1
desecrate	2.56	20
desecration	2.46	23
desecrator	3	1
desegregation	2	2
deselect	2.6	0
desensitization	2.14	3
desensitize	1.89	4
desensitizer	2.12	0
desert	4.8600000000000003	1427
deserted	2.72	276
desertedness	1.96	0
deserter	3.32	37
desertion	1.93	38
deserve	1.69	2230
deserved	1.38	513
deservedly	1.56	6
deservedness	1.62	0
deserver	2.35	0
deserving	1.62	50
deservingly	1.7	2
deservingness	1.35	0
desexualize	1.71	0
design	3.27	826
designable	2.19	0
designate	3.14	31
designated	2.42	132
designation	1.85	11
designative	2.04	0
designator	2.66	2
designed	2.93	894
designedly	1.86	0
designer	3.78	267
designing	2.93	79
desirability	1.89	5
desirable	1.92	99
desirableness	1.92	0
desirably	1.54	0
desire	1.7	1034
desired	1.93	115
desirous	1.5	12
desirously	1.75	0
desk	4.87	2239
deskbound	3.08	1
desktop	4.46	5
deskwork	4.04	0
desolate	2.17	50
desolateness	2.27	0
desolating	1.68	0
desolation	2.25	31
despair	2.21	299
despairing	2.0499999999999998	10
despairingly	1.82	0
desperado	3.44	22
desperate	1.73	1310
desperately	1.96	297
desperateness	1.68	1
desperation	1.9	154
despicable	1.43	107
despicableness	1.5	0
despicably	1.47	0
despise	2.12	230
despiser	1.83	0
despite	1.33	663
despond	1.6	1
despondency	1.41	3
despondent	2.2799999999999998	24
despondently	1.7	0
despot	3.05	11
dessert	4.93	715
dessertspoon	4.43	0
destabilization	1.97	1
destabilize	2.04	8
destination	3.82	300
destiny	1.67	1175
destitute	2.08	36
destituteness	1.92	0
destitution	2.08	2
destroy	3.08	2406
destroyable	2.2999999999999998	0
destroyer	3.59	185
destruct	2.96	31
destructibility	2.68	0
destructible	2.7	1
destruction	3.21	587
destructionist	2.1800000000000002	0
destructive	2.17	122
destructively	2.33	0
destructiveness	2.16	0
destructivity	2.69	0
destructor	3.48	5
detach	2.9	34
detachability	3.1	0
detachable	3.04	9
detachably	1.96	0
detached	2.56	79
detachedly	1.48	0
detachedness	1.66	0
detacher	2.77	0
detachment	2.48	65
detail	2.5	989
detailed	2.27	200
detailer	3.54	2
detain	2.74	93
detainable	2	0
detainee	3.76	11
detainer	2.96	0
detainment	2.74	6
detect	2.19	261
detectable	2.37	14
detectably	2.08	0
detectible	2.41	0
detection	2.57	85
detective	4.21	3117
detector	3.7	166
detention	3.26	333
deter	2.33	20
detergent	4.7699999999999996	52
deteriorate	3	27
deteriorating	3.38	33
deterioration	2.38	26
deteriorative	2.2599999999999998	0
determinability	1.45	0
determinable	1.93	0
determinably	1.56	1
determinate	1.71	1
determinately	1.63	0
determination	1.7	142
determinative	1.8	1
determinativeness	1.57	0
determine	2.13	428
determined	1.79	671
determinedly	1.93	1
determinedness	1.96	0
determiner	2.35	0
determinist	1.71	2
deterrence	2.08	2
deterrent	2.63	22
detest	2.36	73
detestability	1.75	0
detestable	2	10
detestably	1.52	0
detestation	1.92	0
dethrone	2.72	5
detonate	3.19	106
detonation	3.15	93
detonator	4.76	121
detour	3.66	107
detoured	2.74	3
detox	2.64	68
detoxification	2.5	1
detoxifier	2.77	1
detoxify	1.84	3
detract	1.73	7
detractingly	1.61	0
detraction	1.96	0
detractive	2	0
detractor	2.85	0
detriment	1.77	26
detrimental	2.17	19
detrimentally	1.54	0
deuce	3.04	146
devaluation	2.17	2
devalue	2.0699999999999998	5
devastate	2.29	19
devastating	2.1	139
devastatingly	1.71	9
devastation	2.76	49
devastative	1.8	0
devastator	3.2	3
develop	1.87	490
developable	1.79	0
developer	3.54	46
development	2.41	625
developmental	2.0699999999999998	19
developmentally	2.14	3
deviance	2.08	3
deviancy	1.46	2
deviant	2.04	54
deviate	2.1	38
deviation	2.96	37
deviator	2.78	0
device	3.97	926
devil	3.41	2108
deviled	2.23	29
devilfish	4.3	5
devilish	1.82	26
devilishly	1.72	12
devilishness	1.74	1
devilry	2.09	2
devious	2.1800000000000002	89
deviously	1.5	1
deviousness	1.46	2
devisable	2.08	0
devise	2	32
devitalized	1.84	0
devocalization	1.72	0
devoid	1.85	36
devolvement	2.2400000000000002	0
devote	2	100
devoted	1.88	409
devotedly	2.21	3
devotedness	1.63	0
devotee	2.86	7
devotion	2.36	211
devotional	2.35	2
devotionally	1.69	0
devour	3.14	54
devourer	3.07	8
devouring	3.26	39
devout	2.46	38
devoutly	1.55	7
devoutness	1.93	1
dew	4.38	109
dewdrop	4.6900000000000004	8
dewiness	2.92	0
dewy	4.1900000000000004	12
dexterity	2.72	21
dexterous	2.46	5
dexterously	2.59	0
diabetes	3.83	166
diabetic	3.38	113
diabolic	1.86	4
diabolical	1.5	55
diabolically	1.66	3
diabolicalness	1.85	0
diabolism	1.83	1
diagnosable	2.81	1
diagnose	1.92	53
diagnoses	2.4300000000000002	17
diagnosis	2.63	219
diagnostic	2.4700000000000002	72
diagnostically	2.04	1
diagnostician	3.89	12
diagnostics	2.96	22
diagonal	3.96	27
diagonally	3.38	7
diagram	4.3600000000000003	65
dial	4.5199999999999996	452
dialect	2.67	68
dialectically	1.84	0
dialer	4.16	2
dialing	3.86	63
dialogue	3	208
dialysis	3.54	77
diameter	4.03	53
diametric	2.19	1
diametrically	2.04	1
diamond	4.8899999999999997	1053
diamondback	3.85	5
diaper	4.82	218
diapering	3.79	4
diaphragm	3.93	105
diarrhea	4.5199999999999996	122
diary	4.5	458
diatribe	2.96	14
dibs	2.23	118
dice	4.8600000000000003	533
dicer	3.58	3
dicey	1.9	31
dicing	3.21	12
dick	4.3499999999999996	2703
dickhead	3.27	161
dictate	3.15	89
dictation	2.75	48
dictator	4.29	108
dictatorial	2.12	7
dictatorially	1.91	0
dictatorship	2.77	47
diction	2.64	25
dictionary	4.62	190
did	2.4500000000000002	119410
diddle	2.6	43
die	3.07	13318
diehard	2.04	5
diesel	3.88	135
diet	3.21	784
dietary	2.52	18
dieter	3.45	5
dietetics	2.68	0
dietician	4.1399999999999997	3
dietitian	4	3
differ	1.59	124
difference	2.15	4066
different	1.97	10686
differential	2.36	44
differentially	1.93	1
differentiate	1.54	17
differentiation	2.16	4
differentiator	2.7	0
differently	1.87	498
differentness	2.16	0
differing	1.93	10
difficult	2.21	3068
difficultly	2.04	0
difficultness	1.9	0
difficulty	1.9	285
diffuse	2.46	50
diffused	2.54	12
diffusedly	1.7	0
diffusely	1.5	0
diffuser	4.07	7
diffusible	2.35	0
diffusion	2.2400000000000002	11
diffusive	1.52	1
dig	4.33	2357
digest	3.07	168
digested	2.89	24
digester	2.5499999999999998	0
digestibility	2.35	0
digestible	2.85	4
digestibly	2.09	0
digestion	3.66	52
digestive	2.67	45
digestively	2.4300000000000002	0
digger	4.29	245
digging	3.93	676
diggings	3.46	15
digit	4.5199999999999996	30
digital	3.63	275
digitalization	2.64	1
digitalize	2.23	1
digitally	2.96	14
digitization	2.61	4
digitize	2.82	4
digitizer	3.71	0
digits	4.21	98
dignified	1.57	137
dignifiedly	2.15	0
dignify	1.71	30
dignitary	3.1	6
dignity	2.0299999999999998	551
digress	2	12
digression	1.81	3
digressively	1.65	0
digs	4.3600000000000003	151
dike	4.54	21
dilapidate	3.2	0
dilapidated	2.72	8
dilapidation	2.72	1
dilate	3.46	12
dilated	3.17	86
dilation	3.57	29
dildo	4.7	68
dilemma	2	133
diligence	1.97	39
diligent	1.69	40
diligently	1.77	18
dill	4.07	90
dillydally	2.08	2
dilute	3.1	19
diluted	2.85	22
diluteness	2.39	0
diluter	3.26	0
dilution	2.2400000000000002	2
dim	3.31	243
dime	4.8499999999999996	615
dimension	2.5	236
dimensional	2.12	55
dimensionality	1.92	1
dimensionally	1.5	3
dimensioned	2.71	0
dimensionless	1.78	0
diminish	2.5	42
diminishable	2.1	0
diminishingly	2.2400000000000002	0
diminishment	2.2599999999999998	2
diminutive	2.57	20
diminutively	1.88	0
dimly	2.46	12
dimmed	3.23	13
dimmer	3.46	17
dimness	2.71	0
dimple	4.74	19
dimpled	3.89	10
dimwit	2.56	38
dimwitted	1.88	12
dimwittedness	2.25	1
dine	3.37	219
diner	4.82	632
dinette	4.54	9
ding	3.65	307
dingbat	2.67	7
dingdong	2.85	3
dinghy	4.2	36
dinginess	2.31	0
dingo	4.7300000000000004	66
dingy	3.63	31
dining	3.75	598
dinky	2.67	52
dinner	4.5	10336
dinnerless	3.07	0
dinnertime	3.62	91
dinnerware	4.79	7
dinosaur	4.87	203
diocese	3.04	41
diorama	4.5199999999999996	20
dioxide	2.81	52
dip	4.22	406
diphtheria	3.48	29
diploma	4.93	129
diplomacy	2.04	81
diplomat	3.67	109
diplomatic	1.86	256
diplomatically	1.74	6
dipped	3.48	94
dipper	4.21	33
dipping	4.08	66
dipshit	2.93	0
dipstick	3.81	25
dire	1.8	112
direct	2.15	1226
directed	2.39	308
direction	2.79	1228
directional	2.0699999999999998	19
directionality	1.83	6
directionally	2.12	0
directionless	1.65	4
directive	2.72	90
directivity	1.75	0
directly	2.37	1084
directness	2.0299999999999998	12
director	4.04	1834
directorial	2.23	6
directorially	1.65	0
directorship	2.15	3
directory	4.25	84
direful	1.73	0
direfully	1.73	0
direness	1.81	1
dirt	4.8600000000000003	1310
dirtily	2.41	1
dirtiness	3.48	4
dirty	4.2300000000000004	3389
disability	3.46	101
disable	3.42	79
disabled	3.21	177
disablement	2.29	0
disaccord	1.96	0
disaccustomed	1.61	0
disadvantage	1.96	57
disadvantaged	1.85	17
disadvantageous	1.72	1
disadvantageously	1.74	0
disadvantageousness	1.67	0
disaffected	1.74	7
disaffection	1.68	0
disaffiliate	1.62	0
disaffiliation	1.48	0
disagree	2.77	338
disagreeability	1.7	0
disagreeable	1.9	49
disagreeableness	2.38	0
disagreeably	1.77	0
disagreed	2.58	42
disagreement	2.97	78
disallow	2.2599999999999998	1
disallowable	1.52	0
disallowance	1.96	0
disappear	2.86	1069
disappearance	2.4	220
disappearing	2.56	215
disappoint	1.89	431
disappointed	1.92	1124
disappointedly	2.33	0
disappointer	2.4500000000000002	0
disappointing	1.81	175
disappointingly	1.83	0
disappointment	1.93	277
disapproval	2.3199999999999998	31
disapprove	1.89	58
disapprover	2.62	0
disapproving	2.0499999999999998	15
disapprovingly	2	2
disarm	3.55	109
disarmament	2.54	15
disarmed	2.57	47
disarmer	3.13	0
disarming	1.83	26
disarmingly	1.93	1
disarrange	2.33	1
disarrangement	2.65	0
disarray	2.4	17
disarticulate	1.67	0
disassemble	3.11	11
disassembly	2.75	3
disassociate	1.81	7
disassociation	1.7	0
disaster	3.07	881
disastrous	2.3199999999999998	85
disastrously	2.04	7
disband	2.62	27
disbandment	2.61	0
disbar	2.62	4
disbelief	1.89	25
disbelieve	2.19	8
disbeliever	2.39	4
disbelieving	1.34	1
disbelievingly	1.54	0
disbursable	1.96	0
disburse	2.68	2
disbursement	2.64	4
disc	4.8499999999999996	131
discard	3.04	55
discarder	3.08	0
discern	1.96	17
discernable	1.69	2
discerner	1.88	0
discernible	1.78	9
discernibleness	1.89	0
discernibly	2.04	0
discerning	1.46	30
discerningly	1.42	0
discernment	1.57	2
discharge	3.83	327
dischargeable	2.7	0
discharger	2.74	0
discharging	2.44	25
disciple	3.29	52
disciplinable	1.91	0
disciplinal	2.15	0
disciplinarian	3.33	10
disciplinarily	1.88	0
disciplinary	2	82
discipline	2.2400000000000002	462
disciplined	1.58	88
discipliner	2.88	0
disclaim	2.09	5
disclaimer	3.37	4
disclose	2.37	88
disclosed	1.76	41
discloser	2.54	2
disclosure	2.1800000000000002	51
disco	3.63	294
discography	3.28	0
discolor	3.34	0
discoloration	3.19	31
discolorations	3.59	1
discolored	2.76	7
discombobulate	2.3199999999999998	1
discomfort	2.2799999999999998	81
discomforting	2.1	2
discomfortingly	2.38	0
disconcerted	2.11	4
disconcertedly	1.52	0
disconcertedness	1.42	0
disconcerting	1.52	27
disconcertingly	1.56	0
disconcertment	1.96	0
disconfirm	1.61	1
disconnect	2.74	94
disconnected	2.79	159
disconnectedly	1.79	0
disconnectedness	2.0499999999999998	0
disconnection	2.2200000000000002	4
discontent	1.93	46
discontented	2	6
discontentedly	1.93	0
discontentedness	2.2599999999999998	0
discontenting	1.62	0
discontentment	1.93	0
discontinuance	2.14	0
discontinuation	1.96	1
discontinue	2.5	34
discontinuity	2.0699999999999998	0
discontinuous	2.4	0
discontinuously	2.04	0
discord	2.2599999999999998	52
discordance	1.46	4
discordant	2.3199999999999998	16
discount	2.79	243
discountable	1.89	0
discounter	2.36	0
discourage	1.9	68
discouragement	1.93	4
discourager	2.35	0
discouraging	1.83	41
discouragingly	1.52	0
discourse	2.87	20
discourteous	1.83	12
discourteously	1.86	2
discourteousness	1.72	0
discourtesy	1.96	6
discover	2.37	614
discoverability	1.79	0
discoverable	2.25	0
discovered	2.37	1467
discoverer	3.45	10
discovery	2.36	584
discredit	2.2799999999999998	46
discreditable	1.88	1
discreet	2.11	207
discreetly	2.14	41
discreetness	2.15	0
discrepancy	2.54	45
discrepantly	1.62	0
discrete	2.41	17
discretely	1.59	2
discreteness	2.0699999999999998	0
discretion	1.6	187
discretional	1.35	0
discretionally	1.44	0
discretionary	1.85	21
discriminate	2.54	41
discriminately	1.7	0
discriminating	1.54	25
discriminatingly	1.76	0
discrimination	2.29	111
discriminative	1.79	1
discriminatively	1.57	0
discriminator	2.2400000000000002	1
discriminatory	1.75	8
discuss	3.17	2329
discussable	1.75	1
discusser	2.64	0
discussible	1.61	0
discussion	3.07	619
disdain	1.83	27
disdainful	2.11	3
disdainfully	1.82	0
disdainfulness	1.85	0
disease	3.45	1335
diseased	3.36	58
disembark	2.57	18
disembodied	2.59	21
disembodiment	2.3199999999999998	1
disembody	2.66	1
disembowel	3.7	5
disembowelment	3.29	3
disenchant	1.76	0
disenchanted	1.41	6
disenchantment	1.55	4
disenfranchise	1.52	1
disenfranchised	1.62	18
disenfranchisement	1.65	1
disengage	2.69	54
disengaged	2.2400000000000002	20
disengagement	2.31	6
disentangle	3.03	3
disentanglement	2.2200000000000002	0
disestablish	1.88	0
disestablishment	1.69	0
disfavor	1.96	3
disfiguration	2.44	0
disfigure	2.78	4
disfigurement	3.52	7
disfigurer	3.08	0
disgrace	2.11	409
disgraceful	1.93	93
disgracefully	1.7	7
disgracefulness	1.62	0
disgracer	2.2400000000000002	0
disgruntle	2.67	0
disgruntled	1.4	53
disgruntlement	1.86	0
disguisable	2.0699999999999998	0
disguise	3.97	398
disguised	3	133
disguisedly	2.25	0
disguiser	2.46	1
disguising	2.57	17
disgust	2.19	141
disgusted	2.34	90
disgustedly	2.15	1
disgustful	2	0
disgustfully	1.72	0
disgusting	2.21	1357
disgustingly	2.04	15
disgustingness	2.14	2
dish	4.9000000000000004	584
disharmonic	1.96	0
disharmonize	1.87	0
disharmony	2.14	4
dishcloth	4.93	0
dishearten	1.68	1
disheartening	1.85	4
dishearteningly	1.93	0
disheartenment	1.69	0
dished	2.59	11
dishevel	2.46	0
disheveled	3.14	9
dishevelment	2.54	1
dishonest	1.89	132
dishonestly	2.12	1
dishonesty	1.9	29
dishonor	1.72	61
dishonorable	1.92	32
dishonorableness	1.48	0
dishonorably	1.44	9
dishpan	4.4400000000000004	8
dishrag	4.79	5
dishtowel	4.8600000000000003	2
dishware	4.82	1
dishwasher	4.8600000000000003	103
dishwashing	4.24	17
dishwater	4.6100000000000003	11
disillusion	1.43	12
disillusioned	1.79	29
disillusionment	1.68	14
disimpassioned	1.63	1
disincentive	2.0699999999999998	0
disinclination	1.65	2
disincline	1.88	0
disinclined	1.68	3
disinfect	3.4	20
disinfectant	4.1100000000000003	40
disinfection	2.67	4
disinfector	3.15	0
disinformation	1.87	12
disingenuous	1.62	7
disingenuously	1.43	0
disingenuousness	1.8	0
disinherit	1.71	14
disinheritance	2.35	1
disintegrate	2.68	26
disintegration	2.96	12
disintegrator	3.33	7
disinterest	2.2200000000000002	6
disinterested	1.85	18
disinterestedly	1.86	0
disinterestedness	1.76	1
disinteresting	1.73	0
disintoxication	2.3199999999999998	0
disjoin	2.96	1
disjoint	2.72	2
disjointed	2.48	8
disjointedly	1.97	0
disjointedness	2.25	0
disjunction	1.81	0
disk	4.8	338
diskette	4.04	15
diskless	3.09	0
dislikable	1.79	0
dislike	1.7	200
disliking	2.14	9
dislocate	2.85	10
dislocated	2.96	76
dislocation	3.18	15
dislodge	3.69	13
dislodgement	3.29	0
disloyal	1.64	49
disloyally	1.62	0
disloyalty	1.5	23
dismal	2.38	48
dismally	1.77	0
dismalness	1.65	0
dismantle	3.7	46
dismantler	3.16	0
dismay	2.29	23
dismayed	1.52	22
dismayingly	1.59	0
dismember	3	16
dismembered	3.86	30
dismemberment	3.61	18
dismiss	2.39	279
dismissal	2	57
dismissible	1.7	1
dismissingly	1.85	0
dismissive	2.41	23
dismissively	1.73	2
dismissiveness	1.83	0
dismount	3.72	73
dismountable	2	0
disobedience	2.52	39
disobedient	2.19	11
disobediently	2.14	0
disobey	2.42	84
disobeyer	2.2400000000000002	0
disorder	3.1	364
disordered	2.2799999999999998	7
disorderedly	2.2799999999999998	0
disorderliness	2.42	0
disorderly	2.71	69
disorganization	2.63	6
disorganize	2.44	2
disorganized	2.2400000000000002	53
disorganizer	2.62	0
disorient	2.12	4
disorientate	2.38	2
disorientated	2.5	4
disorientation	2.15	29
disoriented	2.21	62
disown	1.56	21
disownment	1.61	0
disparage	1.83	44
disparager	2.36	0
disparaging	1.85	16
disparagingly	1.73	2
disparate	1.86	7
disparity	1.78	10
dispassion	1.59	3
dispassionate	1.78	7
dispassionately	1.93	5
dispassionateness	1.77	0
dispatch	2.93	350
dispatcher	3.9	75
dispel	2.14	14
dispensable	2.2799999999999998	9
dispensary	3.41	21
dispensation	2	18
dispensational	1.7	0
dispensatory	2.68	0
dispense	3.26	69
dispenser	3.84	52
dispersal	2.78	23
disperse	2.85	91
dispersed	2.64	21
disperser	3.36	0
dispersible	2.4300000000000002	0
dispersion	2.2200000000000002	3
dispersive	1.81	0
dispirited	2.38	2
dispiritedly	1.8	0
dispiritedness	1.56	0
dispiriting	1.54	0
dispiritingly	1.52	0
displace	2.57	21
displacement	2.72	43
display	3.86	435
displayable	2.67	0
displayed	3.08	75
displayer	3.33	0
displease	1.71	22
displeased	2.0299999999999998	39
displeasing	1.86	6
displeasingly	1.85	0
displeasure	1.85	34
disposability	1.97	0
disposable	2.41	94
disposal	2.89	250
dispose	3.59	160
disposed	2.23	88
disposition	2.1	110
dispositional	1.88	2
dispossess	2.27	4
dispossession	2.04	0
dispraisingly	1.75	0
disproof	2.2000000000000002	0
disproportion	2.74	0
disproportionable	1.89	0
disproportional	2.62	0
disproportionally	2.23	0
disproportionate	1.87	13
disproportionately	2.1800000000000002	6
disprove	2.59	31
disproven	1.87	3
disputability	1.8	0
disputable	1.79	0
disputably	2.0299999999999998	0
disputative	1.78	0
dispute	2.9	160
disputer	2.8	0
disqualification	1.89	18
disqualify	2.39	33
disquieted	1.6	0
disquieting	1.75	6
disregard	1.9	179
disregardful	1.89	0
disrepair	3.09	8
disreputability	1.76	0
disreputable	2	8
disreputableness	1.4	0
disreputably	1.54	0
disrepute	1.65	7
disrespect	1.93	267
disrespectable	1.73	0
disrespectful	1.87	105
disrespectfully	1.67	9
disrespectfulness	1.81	0
disrobe	3.93	14
disrobement	3.58	1
disrupt	2.4500000000000002	65
disrupter	2.63	2
disruption	2.39	51
disruptive	1.81	22
disruptively	2	0
disruptiveness	2.4300000000000002	0
disruptor	2.85	3
diss	2.52	22
dissatisfaction	1.96	14
dissatisfactory	2.1	0
dissatisfied	2.2400000000000002	48
dissatisfiedly	1.81	0
dissatisfy	2.14	0
dissect	3.21	50
dissected	3.14	27
dissectible	3.08	0
dissecting	3.6	25
dissection	3.48	44
dissemble	2.63	6
dissembler	3.27	1
disseminate	2.19	4
dissemination	1.92	3
dissension	2.04	14
dissent	2.17	30
dissenter	2.48	1
dissenting	1.5	10
dissertation	2.81	61
disservice	1.77	18
disserviceable	1.86	0
dissident	2.5	9
dissimilar	2	13
dissimilarly	2.09	0
dissimilation	1.42	0
dissipate	3.07	11
dissipated	2.83	18
dissipation	2.52	12
dissociate	1.62	2
dissociation	1.96	2
dissociative	1.71	29
dissoluble	2.3199999999999998	0
dissolute	1.91	4
dissolution	1.82	5
dissolvable	3.19	0
dissolve	3.15	95
dissolver	2.77	0
dissolving	3.22	17
dissonance	1.74	3
dissuade	2.2400000000000002	27
distance	3.17	1306
distant	2.75	439
distantly	2.19	8
distantness	2.27	0
distaste	2.04	13
distasteful	1.83	60
distastefully	1.81	0
distastefulness	2	0
distemper	2.35	9
distempered	2.37	1
distension	2.67	5
distill	3.5	7
distillable	2.74	0
distillation	3.11	7
distilled	2.93	32
distiller	4.1500000000000004	3
distillery	4.41	14
distilling	2.61	7
distinct	2.11	155
distinction	2.08	150
distinctive	1.61	79
distinctively	1.79	1
distinctiveness	2.1800000000000002	1
distinctly	1.93	96
distinctness	2	0
distinguish	2.2000000000000002	91
distinguishable	2.48	1
distinguishableness	2	0
distinguishably	2	0
distinguished	2.14	315
distinguisher	1.87	0
distinguishing	1.75	28
distinguishingly	1.93	0
distort	2.66	20
distorted	2.57	103
distortedly	1.9	0
distortedness	1.81	0
distorter	3	0
distortion	2.2999999999999998	60
distortional	1.96	0
distortive	1.71	0
distract	2.33	249
distracted	2.46	377
distractedly	1.57	0
distractedness	1.83	0
distractibility	1.96	0
distractible	2.2799999999999998	0
distractingly	2.16	0
distraction	2.46	200
distractive	1.56	0
distractively	1.88	0
distractor	2.19	0
distraught	2.27	79
distress	2.66	371
distressed	2.21	71
distressful	2.3199999999999998	0
distressfully	2.15	0
distressfulness	1.76	0
distressing	1.89	42
distressingly	1.5	3
distributable	2	1
distribute	2.77	76
distributed	2.59	67
distributer	3.26	1
distribution	3.33	157
distributional	1.64	0
distributive	2.12	0
distributiveness	2.12	0
distributor	3.9	78
distributorship	2.64	1
district	3.29	1068
distrust	1.44	38
distrustful	1.55	5
distrustfully	1.93	0
distrustfulness	1.5	0
disturb	3.04	566
disturbance	2.7	201
disturbed	1.89	503
disturber	2.77	1
disturbing	2.48	463
disturbingly	1.85	10
disunion	1.92	0
disunite	2.04	0
ditch	4.5	401
ditcher	3.33	0
ditchwater	4.6100000000000003	0
ditsy	1.78	3
ditto	2.59	85
ditz	2.68	6
ditzy	2.4500000000000002	7
diuretic	2.95	9
diva	3.64	78
dive	4.03	654
diver	4.6900000000000004	124
diverge	2.21	1
divergence	2.15	3
divergent	2.38	4
divergently	2.23	0
diverging	2.4	2
divers	4.7	81
diverse	2.2400000000000002	39
diversely	1.93	0
diverseness	1.67	0
diversifiable	1.65	0
diversification	1.89	7
diversified	2.27	3
diversifier	2.13	0
diversify	1.97	15
diversion	2.67	158
diversionary	1.82	25
diversity	2.2799999999999998	56
divert	2.86	103
diverting	2.3199999999999998	22
dividable	3	0
divide	2.86	298
divided	3.27	227
dividedly	2.52	0
dividedness	1.85	0
dividend	2.76	19
divider	3.9	8
dividers	4.29	2
dividing	3.3	61
divinable	1.72	0
divination	1.85	5
divine	1.44	594
divinely	1.52	33
divineness	1.84	0
diving	4.13	321
divining	2	8
divinity	1.9	43
divisibility	1.81	1
divisible	2.37	4
divisibly	2.0699999999999998	0
division	2.8	946
divisional	2.04	16
divisionally	1.84	0
divisionary	2.0699999999999998	0
divisive	2.08	7
divisively	1.96	0
divisor	2.65	0
divorce	3.25	1669
divorcee	3.8	24
divorcer	3.08	2
divulge	2.23	65
divulgement	1.74	0
divulgence	1.73	0
divulger	2.17	1
dizzily	2.46	0
dizziness	3.07	47
dizzy	2.59	430
dizzying	2.77	7
do	2.46	312915
doable	2.0299999999999998	47
doc	3.68	4122
docile	2.21	27
docility	1.48	1
dock	4.6399999999999997	497
docket	3.56	61
dockhand	4.29	0
docking	3.25	108
dockside	4.1900000000000004	4
dockworker	4.55	1
dockyard	4.55	4
doctor	4.6900000000000004	13461
doctoral	2.48	19
doctorate	3.4	46
doctorial	1.85	0
doctrinal	2.33	4
doctrine	2.12	43
docudrama	3.04	3
document	4.41	515
documentarian	3.73	3
documentary	3.78	298
documentation	3.55	69
dodge	3.69	396
dodger	3.63	65
dodgy	2.04	22
doe	4.6399999999999997	221
doer	2.76	21
does	2.2400000000000002	34002
dog	4.8499999999999996	9835
dogcatcher	4.3499999999999996	18
dogface	3.15	24
dogfight	4.13	8
dogfood	4.93	0
dogged	2.2599999999999998	26
doggedly	1.93	3
doggedness	2.04	0
doggish	1.96	0
doggishly	2.17	1
doggone	1.8	148
doggy	4.26	225
doghouse	4.79	57
doglike	3.09	0
dogma	1.79	13
dogmatic	1.89	10
dogmatism	1.89	0
dogmatist	2.48	0
dogs	5	2704
dogsled	4.8899999999999997	2
dogwood	4.8499999999999996	10
doily	4.6100000000000003	15
doing	2.66	52492
doings	2.0699999999999998	24
dojo	3.96	46
dole	2.57	49
doleful	2.2400000000000002	0
dolefully	1.69	0
dolefulness	1.69	0
doll	5	1263
dollar	4.93	1410
dollarfish	4.62	0
dollhouse	4.8600000000000003	22
dollop	4.07	10
dolly	4.7300000000000004	306
dolphin	4.96	141
dolt	2.83	27
domain	3.4	132
dome	4.74	100
domelike	3.22	0
domestic	2.57	351
domestically	1.74	7
domesticate	2.19	3
domesticated	2.88	28
domestication	1.64	0
domesticator	2.86	0
dominance	2.5299999999999998	39
dominancy	1.93	0
dominant	1.66	82
dominantly	2.0699999999999998	0
dominate	2.12	95
dominated	2.1800000000000002	75
dominatingly	2	0
domination	2.81	79
dominative	2.48	0
dominator	2.82	9
dominatrix	3.75	22
domineer	2.12	2
domineering	2	17
dominion	1.96	58
domino	4.59	205
dominoes	4.66	45
donate	2.88	203
donated	3.15	136
donation	3.32	179
donator	3.68	0
done	2	24737
donkey	5	273
donor	3.54	208
donut	4.93	72
doodad	3.52	8
doodle	4.21	107
doodlebug	3.88	6
doodler	3.9	3
doohickey	2.67	17
doom	1.5	286
doomed	1.88	415
doomful	1.96	0
doomsayer	2.54	1
doomsday	2.36	41
door	4.8099999999999996	14895
doorbell	4.82	425
doorframe	4.79	3
doorhandle	4.82	0
doorjamb	4.5199999999999996	4
doorkeeper	4.38	3
doorknob	4.97	86
doorknocker	4.7	5
doorman	4.79	162
doormat	4.83	28
doornail	4.9000000000000004	36
doorplate	4.67	0
doorpost	4.7	1
doorsill	4.79	0
doorstep	5	172
doorstop	4.82	13
doorway	4.75	164
doozy	2.36	30
dopamine	3.67	77
dope	3	820
dopey	2.2999999999999998	72
doppelganger	3.92	18
dork	3.1	213
dorky	2.77	50
dorm	4.41	369
dormancy	1.76	1
dormant	2.4700000000000002	59
dormitory	4.6399999999999997	51
dorsal	4.07	27
dosage	4.07	102
dose	3.85	270
dossier	4.21	56
dot	4.12	338
dote	2.08	11
doted	2.56	6
doting	2.13	13
dotingly	2.04	0
dotted	3.81	51
dotting	2.92	5
double	3.37	3198
doubleclick	3.78	0
doubled	3.34	182
doubleheader	3.21	7
doublespeak	2.39	2
doubling	3.03	50
doubt	1.79	3205
doubtable	1.85	0
doubter	2.39	1
doubtful	1.73	83
doubtfully	1.93	1
doubtfulness	1.81	0
doubting	2.0699999999999998	65
doubtingly	1.96	0
doubtless	1.81	21
doubtlessly	1.56	2
doubtlessness	1.55	0
douche	4.13	120
dough	4.79	810
doughboy	3.91	40
doughnut	4.96	215
doughy	3.5	22
douse	3.27	41
dove	4.88	284
dovelike	2.08	0
dowel	4.2699999999999996	3
down	3.52	76004
downbeat	2.64	13
downcast	2.2599999999999998	7
downdraft	3.8	1
downer	2.71	42
downfall	2.31	64
downfallen	2.2400000000000002	0
downfield	3.72	20
downgrade	2.25	5
downhearted	2.19	15
downheartedly	1.9	0
downheartedness	2.12	0
downhill	3.97	126
download	3.12	168
downloadable	3.07	1
downplay	2.23	9
downpour	3.71	3
downrange	3.23	5
downright	1.72	121
downrightness	1.59	0
downriver	3.47	31
downshift	3.3	4
downside	2	66
downsize	2.68	8
downslide	3.31	0
downstage	4.07	7
downstairs	4.43	1985
downstream	4.1900000000000004	64
downswing	2.96	1
downtime	1.93	22
downtown	4.3899999999999997	1118
downtrodden	2.46	16
downturn	2.08	4
downward	3.16	60
downwardly	2.67	3
downwardness	2.83	0
downwind	3.39	28
dowry	3.29	75
dowse	3.18	2
doze	3.46	20
dozed	3.14	41
dozen	4.66	1231
dozily	1.82	0
drab	2.3199999999999998	41
drably	2.08	1
drabness	2.04	0
draconian	2.04	7
draft	3.15	371
draftee	3.48	5
drafter	3.2	0
draftiness	2	0
drafting	3.48	22
draftsman	4.1500000000000004	5
draftsmanship	2.2000000000000002	0
draftswoman	3.86	0
drafty	2.97	32
drag	4.17	1349
dragged	4.1100000000000003	589
dragging	3.71	335
dragon	4.3899999999999997	984
dragonfly	4.83	145
dragonish	2.58	0
dragster	3.68	0
drain	4.6100000000000003	440
drainable	2.72	0
drainage	3.96	46
drained	3.23	111
drainer	4.22	1
drainpipe	4.8600000000000003	28
drake	4.26	304
drama	2.34	1028
dramatic	2.12	499
dramatically	1.59	47
dramatics	2.0699999999999998	16
dramatist	3.21	5
dramatization	2.48	4
dramatize	2.46	11
drank	3.55	656
drape	4.5	53
drapery	4.32	3
drastic	1.58	128
drastically	1.78	16
draught	3.46	24
draughts	2.81	5
draw	3.97	2061
drawback	2.52	32
drawbridge	4.8899999999999997	27
drawer	4.67	663
drawers	4.96	218
drawing	4.5999999999999996	817
drawl	3.08	4
drawn	2.79	542
drawstring	4.74	3
dread	1.86	128
dreaded	2.11	69
dreadful	2.23	408
dreadfully	1.63	65
dreadfulness	1.59	0
dreadlock	4.59	0
dream	2.6	6798
dreamboat	2.78	21
dreamer	2.19	155
dreamful	1.77	0
dreamily	1.62	2
dreaminess	1.6	0
dreamingly	2.0699999999999998	0
dreamland	1.73	23
dreamless	2	6
dreamlessly	1.85	0
dreamlessness	1.96	0
dreamlike	2.2799999999999998	8
dreamt	2.39	339
dreamtime	2.2799999999999998	0
dreamworld	2.21	1
dreamy	2.21	80
drearily	1.79	0
dreariness	2.42	0
dreary	2.33	92
dredge	3.04	24
dredging	3.26	15
dregs	3.6	26
dreidel	4.88	14
drench	3.75	11
drencher	3.31	0
drenching	3.04	2
dress	4.93	4447
dressed	3.41	2394
dresser	4.96	182
dressiness	2.42	0
dressing	4.03	804
dressmaker	4.6399999999999997	28
dressmaking	3.85	4
dressy	2.75	32
drew	3.17	1277
dribble	3.83	68
dribbler	3.42	2
dried	3.54	258
drier	3.69	22
drift	3.07	327
drifter	3.54	54
drifting	2.93	162
driftwood	4.88	43
drifty	2.33	0
drill	4.4000000000000004	701
driller	4.4800000000000004	2
drillhole	4.5199999999999996	0
drilling	4.1399999999999997	117
drillmaster	3.68	2
drink	4.76	12617
drinkability	2.92	0
drinkable	3.59	4
drinker	3.32	95
drinking	4.1399999999999997	2685
drip	4.1399999999999997	261
dripper	3.46	2
dripping	3.89	172
drippy	3.37	10
drivable	2.67	1
drive	3.86	7810
drivel	2.38	36
driven	2.29	524
driver	4.71	2416
driverless	3.22	0
driveshaft	4.5	0
driveway	4.7699999999999996	343
driving	3.96	3780
drivingly	2.08	0
drizzle	4.21	22
drizzly	3.61	5
drollness	2	0
drone	3.93	144
droningly	1.91	0
drool	4.6100000000000003	110
droop	3.68	17
drooping	3.37	7
droopingly	2.75	0
droopy	3.32	26
drop	4.21	6661
dropbox	4.38	0
dropkick	4.41	3
droplet	4.45	2
dropout	3.52	43
dropper	3.79	20
dropping	3.67	826
droppings	4.4800000000000004	40
drought	3.74	70
droughty	2.44	0
drove	3.71	1472
drown	3.93	540
drowsily	2.52	1
drowsiness	3.04	5
drowsy	2.62	37
drudge	2.44	9
drudgery	2.14	9
drudgingly	1.96	0
drug	4.4800000000000004	2306
druggie	3.61	18
druggist	4.1900000000000004	26
druggy	2.88	4
drugless	2.67	0
drugmaker	3.96	0
drugs	4.63	2464
drugstore	4.82	219
drum	4.96	432
drumbeat	4.21	8
drumhead	4.3600000000000003	0
drummer	4.4400000000000004	187
drumming	4.21	57
drums	4.79	367
drumstick	4.96	18
drunk	3.48	3904
drunkard	3.77	62
drunken	3.3	315
drunkenly	3.4	5
drunkenness	3.16	36
dry	3.77	2184
dryclean	3.76	0
drycleaner	4.8099999999999996	0
dryer	4.79	231
drying	3.25	85
dryly	2.52	0
dryness	2.72	7
drywall	4.7	16
dual	3.07	57
dualism	2.19	1
dualist	2.19	0
dualistic	2	2
duality	1.93	14
dually	2.16	1
dub	3	55
dubbed	2.56	26
dubbing	3.04	6
dubious	1.52	73
dubiously	1.68	1
dubiousness	1.57	0
duchess	4.46	228
duck	4.8600000000000003	1263
duckbill	4.75	0
ducking	3.89	72
duckling	4.93	39
ducktail	4.2300000000000004	1
duckweed	4.29	1
ducky	3.03	100
duct	4.74	160
ducted	3.39	0
ductwork	4.8099999999999996	4
dud	2.78	64
dude	3.93	5071
due	3.21	2275
duel	3.79	120
dueler	4	1
dueling	3.88	23
duelist	3.19	2
duet	3.78	66
duffel	4.12	76
dug	4	455
dugout	4.68	46
duh	1.57	203
duke	4	1277
dull	2.37	616
duller	2.54	14
dullish	2.21	0
dullness	2.14	7
duly	1.68	69
dumb	2.36	2395
dumbass	2.75	0
dumbbell	4.6900000000000004	25
dumbfound	1.79	3
dumbly	2.19	2
dumbness	1.68	7
dumbstruck	2.12	3
dumbwaiter	4.55	16
dumdum	3.21	1
dumfound	1.73	0
dummy	3.96	500
dump	3.93	1470
dumpcart	3.79	0
dumper	3.48	8
dumpily	1.79	0
dumpiness	2.16	0
dumping	3.43	203
dumpling	4.6500000000000004	45
dumpster	4.68	203
dumpy	2.38	14
dunce	3.22	25
dune	4.46	51
dung	4.6399999999999997	90
dungeon	4.32	131
dunghill	4.33	4
dunk	4.5199999999999996	132
duo	3.7	77
dupe	2.23	33
duplex	4.18	24
duplicable	2.19	0
duplicate	3.46	117
duplication	3.3	7
duplicator	3.52	1
duplicitous	1.38	10
duplicity	2.12	11
durability	2.81	11
durable	3.03	18
durableness	2.36	0
durably	2.78	0
duration	2.08	81
durational	1.67	0
duress	2.27	59
during	1.48	3872
dusk	4.24	61
duskily	2.59	0
duskiness	2.58	0
dust	4.4000000000000004	1216
dustbin	4.54	7
duster	4.6399999999999997	20
dustily	2.2400000000000002	0
dustiness	3.18	0
dusting	4.4000000000000004	67
dustless	3.5	0
dustpan	5	13
dustproof	3.21	0
dusty	3.79	283
dutiful	1.82	15
dutifully	1.45	5
duty	2.19	2599
duvet	4.8499999999999996	12
dwarf	4.45	157
dwarfish	3.62	2
dwarfishly	2.75	0
dwarfishness	3.12	0
dwarfism	3.89	1
dweeb	2.77	28
dwell	2.62	142
dwelled	2.29	4
dweller	3.5	9
dwelling	4.1399999999999997	68
dwelt	2.12	5
dwindle	2.25	5
dwindling	2.4	13
dye	4.58	197
dyeing	3.67	11
dyer	3.52	24
dying	3.16	3416
dyke	4.24	132
dynamic	2.44	107
dynamically	1.9	0
dynamics	1.96	43
dynamistic	1.6	0
dynamite	4.68	515
dynamo	2.71	26
dynastically	1.56	0
dynasty	2.46	130
dysentery	3.45	46
dysfunction	1.88	61
dysfunctional	1.93	78
dyslexia	2.64	13
dyslexic	2.42	17
dysplasia	3.12	6
dystopia	1.92	1
each	2.0299999999999998	12916
eager	1.93	350
eagerly	1.6	33
eagerness	1.69	13
eagle	5	586
ear	5	1632
earache	3.56	15
eardrum	4.58	15
earflap	4.71	0
earful	1.96	22
earl	2.85	1042
earless	4.07	4
earlike	2.89	0
earlobe	4.96	17
early	2.25	5510
earmark	3.07	3
earmuff	4.8499999999999996	3
earn	2.39	783
earner	3.7	18
earnest	2.2400000000000002	80
earnestly	1.7	11
earnestness	1.66	3
earning	2.93	131
earnings	4.3899999999999997	48
earphone	4.74	6
earpiece	4.79	27
earplug	4.82	3
earplugs	4.9000000000000004	43
earring	4.96	138
earshot	2.96	19
earsplitting	2.5	0
earth	4.8	5074
earthborn	2.96	0
earthbound	2.71	16
earthed	2.64	1
earthen	2.81	3
earthiness	2.17	0
earthlike	3.27	0
earthliness	2.04	0
earthling	3.85	35
earthly	2.41	76
earthmover	3.39	0
earthquake	3.97	325
earthward	2.73	3
earthwards	2.92	0
earthwork	3.48	0
earthworm	4.8899999999999997	7
earthy	2.15	21
earwax	4.87	9
earwig	4.78	5
ease	2.3199999999999998	974
easeful	1.93	2
easefully	1.68	0
easel	4.97	14
easement	2.88	8
easier	1.62	2012
easiest	2.04	204
easily	1.8	1151
easiness	2.21	1
easing	2.29	30
east	3.04	2527
eastbound	3.22	40
eastcoast	3.92	0
easter	2.83	382
easterly	2.54	7
eastern	3.11	414
easterner	3.19	3
easternmost	2.96	1
eastward	4.1500000000000004	7
eastwardly	2.86	0
easy	2.0699999999999998	13551
easygoing	1.59	22
eat	4.4400000000000004	12846
eatable	3.11	3
eaten	3.61	927
eater	3.75	80
eatery	4.4800000000000004	10
eating	4.1399999999999997	3102
eats	3.79	645
eave	4.67	5
eaves	4.62	5
eavesdrop	2.85	40
eavesdropper	3.62	4
eavesdropping	3.04	53
ebay	4.17	0
ebony	4	44
ebook	4.6500000000000004	0
ecard	3.48	0
eccentric	1.81	179
eccentrically	1.78	2
eccentricity	1.84	10
echo	3.64	350
echocardiogram	4.3	2
echoer	3.44	0
echogram	3.56	2
echoless	3.17	0
eclair	4.75	10
eclectic	2.2599999999999998	20
eclectically	2.16	0
eclipse	4.17	144
ecologic	2.25	0
ecological	2.62	23
ecologically	2.37	2
ecologist	3.68	2
ecology	2.64	15
econometrics	2.15	0
economic	2.2000000000000002	253
economical	2.2200000000000002	17
economically	2.11	30
economics	1.77	126
economist	3.25	11
economize	1.82	12
economy	2.57	296
ecospecies	2.84	0
ecosphere	3.42	0
ecosystem	4.1100000000000003	32
ecotourism	2.2999999999999998	0
ecstasy	2.04	162
ecstatic	2.41	69
ecstatically	2.21	3
ectoplasm	3	19
eczema	4.2300000000000004	9
edema	3.92	54
edge	4.24	1199
edged	2.97	10
edgeless	2.56	0
edgeways	3.33	3
edginess	2.0699999999999998	1
edging	3.68	15
edgy	1.87	116
edibility	2.42	1
edible	3.55	70
edibleness	2.71	0
edibles	3.86	2
edict	2.63	16
edification	1.79	15
edifice	3.64	21
edit	3.28	77
editing	3.17	108
edition	3.21	249
editor	4.25	633
editorial	3.44	111
editorialize	2.29	4
editorially	2.2400000000000002	2
editorship	2.14	1
educability	2.04	0
educate	2.12	104
educated	2.19	282
education	2.93	996
educational	2.1	167
educationalist	3.54	0
educationally	2.0699999999999998	2
educator	4	24
educatory	2.2400000000000002	0
eel	4.6900000000000004	73
eelworm	4.45	0
eerie	1.63	89
eerily	1.85	10
eeriness	2	0
effect	1.8	1219
effectible	1.64	0
effective	2.04	536
effectively	2.04	116
effectiveness	2.0699999999999998	27
effects	2.83	649
effectual	1.74	3
effectually	1.8	0
effeminateness	2.23	0
effervescence	2.08	6
effervescent	2.67	10
efficiency	2.15	139
efficient	1.82	253
efficiently	1.78	33
effigy	3.79	14
efflorescent	2.79	0
effort	2.33	987
effortful	1.89	0
effortless	1.96	21
effortlessly	1.97	10
effusively	1.52	1
egg	4.97	1328
eggbeater	4.8899999999999997	12
egghead	3.17	57
egging	3.21	11
eggless	2.97	2
eggnog	5	79
eggplant	4.97	56
eggroll	4.9400000000000004	1
eggshell	4.7699999999999996	23
ego	1.74	382
egocentric	2.0699999999999998	12
egocentricity	1.81	0
egocentrism	1.59	0
egoism	1.48	2
egoist	2.52	5
egoistic	1.72	1
egoistical	1.44	0
egoistically	1.64	0
egomania	1.52	2
egomaniac	2.39	35
egomaniacal	1.7	9
egotism	1.9	8
egotist	2.15	7
egotistic	1.9	2
egotistical	1.76	35
egotistically	1.52	0
egregiously	2.1800000000000002	5
egregiousness	1.58	0
eh	1.04	2619
eight	4.04	5010
eighteen	3.96	310
eighteenth	3.64	23
eighth	3.62	350
eightieth	2.88	1
eighty	3.41	129
either	1.81	9308
ejaculate	4.3099999999999996	24
ejaculation	4.17	29
ejaculator	3.36	6
ejaculatory	2.58	2
eject	3.22	72
ejection	3.03	30
ejector	3.67	15
elaborate	2.68	242
elaborately	2.15	4
elaborateness	2.3199999999999998	0
elaboration	2.11	4
elaborative	2.19	0
elaborator	2.63	0
elapse	2.04	0
elastic	3.73	53
elastically	2.96	0
elasticity	2.92	18
elasticize	2.39	0
elate	2.0699999999999998	0
elated	2.2799999999999998	14
elatedly	1.96	0
elatedness	2.39	0
elation	2.08	18
elbow	5	313
elbowed	3.43	7
elbowroom	3.18	0
elder	3.59	359
eldercare	3.54	0
elderly	3.68	209
eldest	3.45	77
elect	2.41	72
electability	1.86	1
electable	2.14	0
election	3.17	560
electioneer	3.8	0
elective	2.38	52
electively	1.96	0
electiveness	1.54	0
electoral	2.2400000000000002	26
electorally	1.48	0
electorate	2.67	9
electric	3.56	874
electrical	3.39	440
electrically	3	22
electrician	4.21	76
electricity	3.9	584
electrics	3.32	13
electrifiable	2.2799999999999998	0
electrify	2.97	5
electrocardiogram	4.16	4
electrocardiograph	4.07	0
electrocardiography	3.92	0
electrochemical	2.76	3
electrochemically	2.75	0
electrochemist	3.83	1
electrochemistry	3.22	1
electrocute	3.82	29
electrocution	3.81	50
electrode	3.48	15
electroluminescent	3.04	0
electrolysis	3.67	8
electrolyte	3.37	11
electrolytic	2.62	0
electromagnet	4.22	5
electromagnetic	2.9	96
electromagnetically	2.93	1
electromagnetism	3	3
electromechanical	2.83	0
electrometer	3.96	6
electromotive	2.44	0
electron	2.96	37
electronegative	2.08	0
electronic	3.3	350
electronically	2.44	37
electronics	4.37	139
electrophysiology	2.92	0
electroplate	4.04	1
electroscope	4.6100000000000003	0
electroscopic	2.88	0
electroshock	3.89	19
electrostatic	3.36	10
electrostatics	2.85	1
electrosurgical	3.29	0
electrotherapeutic	2.38	0
electrotherapy	3.6	1
elegance	2.1800000000000002	65
elegancy	1.92	0
elegant	2.31	320
elegantly	2.15	13
element	3.63	338
elemental	2.08	34
elementally	1.71	1
elementary	2.2400000000000002	242
elephant	5	580
elevate	3.37	43
elevated	3.11	127
elevating	2.86	3
elevation	3.79	47
elevator	4.79	1245
eleven	3.93	662
eleventh	3.75	34
elf	4.3	193
elfish	2.11	0
elfishly	1.76	0
elfishness	1.62	0
elflike	3.12	0
elicit	1.73	25
eligibility	1.88	13
eligible	2.46	169
eligibly	1.77	0
eliminate	2.77	305
elimination	2	66
eliminator	2.79	3
eliminatory	1.96	0
elite	2.19	151
elitism	1.75	2
elitist	2.42	23
elixir	4.07	46
elk	4.93	306
ellipse	4	0
ellipsis	3.44	9
elliptic	2.89	1
elliptical	3.5	12
elliptically	2.79	0
elm	4.6900000000000004	73
elongate	3.42	1
elongated	3.45	16
elongation	2.68	2
elope	2.81	67
elopement	2.48	12
eloper	2.57	0
eloquence	1.88	27
eloquent	1.93	49
eloquently	1.7	21
else	1.63	22907
elsewhere	1.89	315
elude	2.65	21
eluder	2.4	0
elusive	1.9	72
elusively	1.96	0
elusiveness	1.71	0
elves	3.81	178
emaciate	2.52	0
emaciation	3.09	0
email	4.6900000000000004	106
emanate	2.52	12
emancipate	2.29	8
emancipation	2.37	24
emancipationist	2.85	1
emancipator	2.86	2
emasculate	2.37	8
emasculated	1.96	9
emasculation	1.96	1
emasculator	2.2200000000000002	0
embalm	3.71	4
embalmer	3.93	18
embalmment	3.89	0
embankment	4.07	24
embargo	3	24
embark	2.48	64
embarrass	2.14	450
embarrassed	2	1093
embarrassedly	1.85	0
embarrassing	2.11	1165
embarrassingly	2.08	8
embarrassment	2.4300000000000002	247
embassy	3.96	397
embattled	1.96	1
embattlement	2.9	0
embed	2.88	4
embellish	2.48	15
embellisher	2.88	0
embellishment	2.86	2
ember	4.3600000000000003	11
embezzle	2.69	8
embezzlement	2.67	48
embezzler	3.28	21
embitter	1.62	2
emblaze	2.76	0
emblem	4.3	33
emblematic	2.12	4
embodiment	2.14	29
embody	1.75	16
embolism	2.89	33
emboss	3.55	1
embosser	3.73	0
embossing	3.55	0
embossment	3.41	0
embrace	3.38	386
embraceable	2.48	2
embracing	3.45	41
embroider	4.22	12
embroiderer	4	0
embroidery	4.63	25
embroil	2.04	1
embryo	4.6100000000000003	39
embryological	2.64	0
embryology	2.23	1
embryonal	2.4500000000000002	0
embryonic	2.83	6
emcee	4.46	26
emerald	4.93	131
emerge	2.27	88
emergence	2.56	10
emergency	2.41	2776
emergent	2.0699999999999998	15
emergently	1.71	0
emersion	2.83	1
emigrant	3.72	0
emigration	2.7	13
eminence	1.95	96
eminent	2.0299999999999998	84
eminently	1.86	12
emissary	3.09	51
emission	3.33	25
emit	3.22	20
emitter	3.25	7
emote	2.59	3
emoticon	3.71	0
emotion	2.44	423
emotional	2	1081
emotionalism	1.92	4
emotionalist	1.62	0
emotionality	1.96	1
emotionalize	1.54	0
emotionally	1.72	354
emotionless	1.87	3
emotively	1.41	0
emotiveness	1.62	0
empathetic	1.93	11
empathic	1.7	11
empathically	1.86	0
empathize	2.23	32
empathy	1.63	58
emperor	4.3499999999999996	690
emperorship	2.96	0
emphases	1.96	0
emphasis	2.12	65
emphasize	2	56
emphatic	1.93	15
emphatically	1.74	18
emphysema	3.65	28
empire	3	646
empirical	1.96	23
empirically	1.67	8
employ	2.41	171
employability	1.85	0
employable	2.38	2
employed	2.8	209
employee	4.0999999999999996	590
employer	3.81	274
employment	3.3	272
emporium	3.86	44
empower	2	16
empowerment	2.36	5
emptier	3.04	7
emptily	1.81	1
emptiness	2.3199999999999998	92
empty	3.43	2409
emu	4.79	22
emulate	2.37	28
emulation	2.12	1
emulator	3.08	0
emulsifier	3.54	0
emulsify	2.72	2
emulsion	3.43	8
enable	2.0299999999999998	75
enablement	1.88	1
enabler	2.54	6
enact	2.2200000000000002	9
enactment	2.4500000000000002	1
enamel	4.21	29
enameling	3.38	0
enamor	2.04	0
enamored	1.62	17
encage	2.42	0
encamp	3.04	1
encampment	3.82	16
encapsulate	2.8	3
encapsulation	2.41	0
encase	2.59	2
encasement	3.33	2
encephalitis	3.13	11
enchant	1.75	19
enchanted	2.0699999999999998	141
enchanter	2.69	1
enchanting	2.0699999999999998	104
enchantingly	2.08	2
enchantment	1.63	29
enchantress	2.84	29
enchilada	4.67	34
encircle	2.84	7
encirclement	3.33	3
enclose	2.96	17
enclosure	4.04	20
encode	2.54	5
encoder	3.81	11
encompass	2.23	10
encompassment	2.3199999999999998	0
encore	2.81	126
encounter	2.93	284
encourage	2.61	308
encouragement	1.96	112
encourager	2.7	1
encouraging	2	165
encouragingly	1.86	0
encroach	1.86	3
encroachment	2.3199999999999998	2
encrust	3.22	1
encrypt	2.72	11
encryption	3.29	83
encumber	1.85	0
encumbrance	2.17	1
encyclopedia	4.79	81
encyclopedic	3.04	6
end	3.14	13559
endanger	1.96	85
endangerment	1.89	31
endear	1.69	6
endeared	1.78	3
endearing	1.9	44
endearingly	1.8	0
endearment	1.54	14
endeavor	2.21	76
ended	2.08	1511
ending	2.31	812
endless	1.82	338
endlessly	1.46	71
endlessness	1.46	1
endnote	3.66	0
endocrine	3.07	7
endocrinologist	3.86	2
endocrinology	2.76	4
endoplasmic	3.12	3
endorphin	3.62	5
endorsable	1.75	0
endorse	2.41	88
endorsed	1.93	26
endorsee	3.27	0
endorsement	2.5299999999999998	71
endorser	3.25	0
endoscopic	3.14	4
endoscopy	4.1500000000000004	13
endoskeleton	3.92	2
endow	2.68	11
endowment	2.89	28
endpoint	3.26	1
endurable	1.52	2
endurableness	1.65	0
endurance	2	68
endure	2	225
enduring	2.14	48
enduringly	1.54	0
enduringness	1.88	0
endways	1.91	0
enema	4.4400000000000004	72
enemy	2.83	2474
energetic	2.83	66
energetically	2.0699999999999998	2
energize	2.46	20
energizer	2.21	13
energy	3.11	1678
enforce	2.4	86
enforceability	1.86	0
enforceable	1.86	6
enforced	2.2200000000000002	42
enforcement	2.48	339
enforcer	3.23	34
enframe	2.15	0
enfranchisement	1.95	1
engage	2.0699999999999998	314
engaged	2.37	1327
engagement	2.75	666
engager	3.35	0
engaging	1.72	98
engagingly	1.73	0
engagingness	1.6	0
engine	4.8600000000000003	1626
engineer	4.6399999999999997	596
engineering	2.69	333
engineless	4.08	0
engorge	2.8	0
engorgement	2.73	1
engrain	2.1	0
engrained	2.08	1
engrave	4	15
engraved	4.22	85
engraver	4.43	10
engraving	4.28	23
engross	2.34	1
engrossed	2.62	7
engrossing	2	6
engrossingly	2.36	0
engrossment	2.35	0
engulf	2.88	5
engulfment	2.69	0
enhance	2.21	125
enhanced	2.21	49
enhancement	2.29	23
enhancer	2.15	9
enigma	1.79	47
enigmatic	1.62	11
enigmatically	1.52	0
enjoy	2.29	4222
enjoyable	2.04	99
enjoyableness	1.78	0
enjoyably	2.73	0
enjoyer	2.15	0
enjoying	2.2200000000000002	868
enjoyment	2.17	69
enlarge	3.17	45
enlargeable	3.04	0
enlarged	3.63	54
enlargement	3.38	21
enlarger	2.96	7
enlarging	3.07	8
enlighten	1.48	108
enlightened	1.52	87
enlightener	2.73	0
enlightening	1.19	37
enlightenment	1.5	74
enlist	2.71	80
enlisted	1.92	174
enlister	3.46	0
enlistment	2.2400000000000002	15
enmesh	2.52	1
enormity	2.37	13
enormous	2.9	526
enormously	2.04	50
enormousness	2.71	1
enough	1.33	25568
enquire	2.2799999999999998	16
enquirer	2.86	35
enquiry	2.77	9
enrage	2.69	14
enraged	2.58	35
enragement	2.0299999999999998	0
enrapture	2.08	1
enraptured	2	8
enrich	2	14
enriching	1.85	12
enrichment	1.83	7
enrobe	3.09	0
enroll	2.59	34
enrolled	2.4500000000000002	57
enrollee	3.32	0
enrollment	2.96	23
ensemble	3.7	57
enshrine	2.72	2
enshroud	3.58	1
enslave	2.36	34
enslavement	2.5	9
enslaver	3.07	3
ensnare	2.9	6
ensnarement	2.44	0
ensnaring	2.38	0
ensnarl	2.48	0
ensue	2.36	10
ensuing	1.42	10
ensure	1.68	253
entail	1.84	29
entangle	3.48	6
entangled	3.34	29
entanglement	2.76	8
entangling	2.38	0
enter	3.12	1516
entering	3.52	588
enterprise	2.04	413
enterpriser	3.32	3
enterprising	1.86	26
enterprisingly	2.04	0
entertain	2.5499999999999998	313
entertainer	4.17	84
entertaining	2.04	288
entertainingly	1.84	1
entertainment	2.92	640
enthrall	1.82	0
enthralling	1.88	7
enthrallingly	1.89	0
enthrallment	2.1800000000000002	0
enthralment	2.13	0
enthusiasm	2.34	229
enthusiast	2.23	29
enthusiastic	2.76	142
enthusiastically	2.52	12
entice	2	26
enticement	2.09	4
enticer	2.75	0
enticing	2.11	26
enticingly	1.76	0
entire	2.0299999999999998	4070
entirely	1.81	1026
entireness	2.12	0
entirety	3.07	24
entitle	2.25	22
entitlement	1.79	12
entity	2.68	86
entomb	3.5	5
entombment	3.44	3
entomologist	3.88	19
entomology	2.87	12
entourage	3.46	69
entrails	4.58	45
entrance	4.2300000000000004	800
entranced	1.92	6
entranceway	4.3	1
entrancing	2.15	12
entrancingly	1.62	0
entrap	2.56	9
entrapment	2.31	43
entree	4.28	42
entrench	2.65	0
entrenched	2.65	9
entrenchment	2.3199999999999998	0
entrepreneur	3.07	55
entrepreneurial	2.14	9
entrepreneurship	2	0
entrust	2.16	37
entrustment	2	0
entry	3.62	620
entryway	4.43	8
entwine	2.41	8
entwinement	3.26	0
enumerate	2	1
enumeration	2.83	1
enumerative	1.93	0
enunciate	2.63	7
enunciation	2.59	5
enunciator	2.75	0
envelop	3.56	4
envelope	4.93	513
envelopment	2.85	0
enviable	2.04	11
enviably	1.44	0
envied	1.74	51
envious	1.76	64
enviously	1.86	2
enviousness	1.69	0
environment	3.74	652
environmental	2.63	167
environmentalism	2.38	3
environmentalist	3.72	13
environmentally	1.69	16
envision	2.38	27
envoy	3.5	44
envy	1.69	487
envying	1.78	12
enzyme	3.57	54
enzymologist	3.62	0
ephedrine	3.08	7
epic	2.19	120
epicenter	3.11	16
epidemic	3.23	174
epidemical	2.12	0
epidemically	2.2599999999999998	0
epidemiologist	3.58	3
epidemiology	2.7	7
epidermal	3.56	10
epidermis	4.6900000000000004	15
epidural	3.41	28
epigram	3.08	3
epilepsy	3.29	53
epileptic	3.1	61
epilogue	3.23	6
epinephrine	4.33	59
epiphany	1.6	66
episcopal	2.23	10
episcopalian	2.2200000000000002	21
episode	3.22	627
episodic	2.27	1
episodically	1.85	0
epitaph	3.74	26
epitome	1.8	22
epitomize	1.62	2
equal	2.56	682
equaling	2.41	0
equalitarianism	2.08	0
equality	1.41	97
equalization	2.29	3
equalize	2.04	10
equalizer	2.54	21
equalizing	1.8	4
equally	1.59	274
equate	1.93	20
equation	3.65	178
equator	3.85	31
equatorial	2.59	17
equestrian	3.96	20
equidistance	3.08	0
equidistantly	2.29	0
equilateral	2.7	2
equilaterally	2.46	0
equilibrium	2.62	46
equinox	3.2	19
equip	2.81	17
equipment	4.83	1298
equipper	3.29	0
equitable	1.88	18
equitably	2.08	0
equity	2.2200000000000002	67
equivalence	1.92	0
equivalency	2.2400000000000002	11
equivalent	2.57	134
equivalently	2.42	0
equivocal	1.79	8
equivocally	1.85	0
equivocate	1.93	5
equivocator	2.15	0
era	2.2400000000000002	291
eradicate	3	27
eradication	2.2999999999999998	15
eradicator	2.72	3
erasable	2.9	1
erase	3.79	317
erased	3.6	199
eraser	4.74	51
erasure	2.48	3
erect	3.74	60
erectable	3	0
erectile	2.46	24
erecting	3.2	5
erection	4.22	111
erectly	2.93	1
erectness	3.23	0
ergonomic	2.52	5
ergonomics	2.35	0
erode	3.24	6
eroded	3.34	12
eroding	3.35	19
erogenous	1.96	17
erosion	3.83	28
erosive	3.04	1
erotic	2.2599999999999998	200
erotica	3.28	28
erotically	2.0699999999999998	3
eroticism	2.52	8
eroticize	2.12	1
errand	3.37	204
errant	2.04	25
errantly	1.6	1
erratic	1.73	85
erratically	2.3199999999999998	13
erring	2.2400000000000002	2
erroneous	1.68	27
erroneously	1.85	13
erroneousness	1.96	0
error	2.68	473
errorless	2.09	1
erupt	3.7	20
eruption	3.56	20
eruptive	2.36	1
escalate	2.39	36
escalating	2.2599999999999998	31
escalation	2.27	20
escalator	5	66
escapable	2.52	1
escapade	2.67	18
escape	3.34	2258
escapee	3.77	11
escaper	3.05	1
escapism	1.56	5
escapist	3.46	7
escargot	5	15
escort	4.3	749
escrow	2.71	79
eskimo	4.8899999999999997	84
esophageal	3.6	9
esophagi	3.76	1
esophagus	4.59	36
esoteric	1.59	19
esoterically	2	0
esotericism	1.63	0
especially	1.28	3428
espionage	2.5299999999999998	87
espresso	4.41	105
esquire	2.85	50
essay	3.97	313
essayist	3.32	0
essence	1.66	287
essential	1.52	247
essentialism	1.65	0
essentialist	2.04	0
essentiality	1.83	0
essentially	1.55	166
essentialness	1.04	0
establish	2	323
established	1.97	415
establisher	2.42	0
establishment	3.48	210
estate	4.1100000000000003	1076
esteem	1.83	86
esteemed	1.96	75
estimate	2.65	243
estimation	1.97	25
estimator	3.18	0
estrange	1.59	2
estranged	1.82	21
estrangement	1.84	10
estrogen	3.68	26
estuary	4.17	5
etcetera	1.6	62
etch	4.04	10
etching	4.1399999999999997	11
eternal	1.76	547
eternalize	1.57	0
eternally	1.71	94
eternity	1.46	407
ethanol	4.6100000000000003	15
ether	3.88	108
ethereally	1.76	0
etherealness	1.6	0
ethic	1.59	53
ethical	1.3	139
ethicality	1.67	0
ethically	1.59	34
ethicalness	1.79	0
ethicist	2.52	0
ethics	2.2799999999999998	273
ethnic	2.4700000000000002	91
ethnical	1.88	0
ethnically	1.81	5
ethnicity	2.6	11
ethnocentrism	1.64	0
ethnologically	1.52	0
ethnologist	3.5	0
ethnology	2.3199999999999998	0
ethological	1.61	0
ethos	1.58	7
ethyl	4.04	19
etiquette	2.15	96
etymologist	3.56	0
eucalyptus	4.7699999999999996	25
eugenic	1.55	0
eulogize	2.35	4
eulogy	3.48	84
euphemism	1.74	46
euphemistic	1.32	1
euphonic	1.59	0
euphonically	1.88	0
euphoria	1.47	25
euphoric	2.1800000000000002	21
eureka	1.62	75
euro	4.3	31
euthanasia	3.08	23
euthanize	2.93	11
evacuate	3.3	286
evacuation	3.44	169
evacuator	3.36	0
evacuee	3.68	0
evade	2.67	45
evader	3.04	1
evaluate	1.85	88
evaluation	3	225
evaluative	2	0
evaluator	2.96	1
evangelical	2.23	11
evangelicalism	1.5	0
evangelically	2	0
evangelism	1.93	4
evangelist	3.44	6
evangelistic	2.04	1
evangelistically	2	0
evangelization	2.12	0
evangelize	2.0699999999999998	0
evangelizer	3.31	0
evaporate	3.29	24
evaporation	3.03	2
evaporator	4	3
evasion	2.46	59
evasive	1.97	92
evasively	1.69	0
evasiveness	1.79	3
eve	2.7	1437
even	2.79	44672
evenhanded	2	1
evenhandedly	1.9	0
evenhandedness	2.34	0
evening	3.26	6155
evenly	2.63	38
evenness	2.4300000000000002	0
event	2.69	1345
eventful	1.79	18
eventfully	1.72	0
eventfulness	2.37	0
eventless	2.37	0
eventual	1.81	22
eventuality	1.57	9
eventually	1.75	1246
ever	1.48	36170
everblooming	2.67	0
everglade	3.7	3
evergreen	4	10
everlasting	1.89	130
everlastingly	1.61	5
everlastingness	1.84	0
evermore	1.74	34
every	2.2799999999999998	28007
everybody	3.13	17555
everyday	2.4300000000000002	555
everydayness	1.88	0
everyone	2.92	12324
everyplace	2.27	19
everything	2.2999999999999998	33399
everyway	1.91	2
everywhere	2	2641
evict	3.18	36
eviction	3.13	43
evictor	3.13	0
evidence	3.65	4335
evident	2.04	68
evidential	1.96	1
evidentially	1.43	2
evidently	1.38	298
evil	1.93	3731
evildoer	2.81	3
evildoing	2	1
evilness	2	3
evocative	1.42	14
evoke	2.36	15
evoker	2	0
evolution	2.61	272
evolutional	2	2
evolutionally	1.91	0
evolutionary	1.78	60
evolutionism	2.11	0
evolutionist	2.79	2
evolvable	1.96	0
evolve	1.96	83
evolvement	1.92	2
ex	2.58	640
exacerbate	2.17	7
exacerbation	1.88	2
exact	2.54	1154
exactable	2.19	0
exacting	2.04	23
exactitude	1.96	1
exactly	2.11	12607
exactness	2.0699999999999998	1
exaggerate	2.23	99
exaggerated	1.93	64
exaggeratedly	1.79	0
exaggerating	1.74	109
exaggeratingly	2.04	0
exaggeration	2.29	47
exaggerator	2.27	2
exaggeratory	1.71	0
exalt	2.12	10
exaltation	2.2999999999999998	3
exalted	2	35
exaltedly	1.83	0
exaltedness	1.88	0
exam	4.4800000000000004	684
examinable	2.41	0
examination	3.93	281
examine	2.86	504
examinee	3.36	0
examiner	3.57	130
examining	2.89	96
example	3.03	1527
exasperate	2.14	2
exasperated	2.1	8
exasperatedly	1.8	0
exasperating	1.93	12
exasperatingly	1.59	0
exasperation	2.48	1
excavate	3.79	10
excavation	3.23	32
excavator	4.07	4
exceed	1.76	64
exceeding	1.79	32
exceedingly	1.91	49
excel	2.15	37
excellence	2.2000000000000002	134
excellency	2.11	509
excellent	2.11	2688
excellently	1.53	11
excentricity	2.11	0
except	1.48	5696
excepting	1.44	16
exception	1.85	409
exceptionable	2	0
exceptional	2.34	149
exceptionality	1.59	0
exceptionally	1.57	77
exceptionalness	1.35	0
excerpt	3.45	5
excess	2.5	156
excessive	2.25	124
excessively	2.15	28
excessiveness	2.1800000000000002	0
exchange	2.74	1031
exchangeability	2.39	0
exchangeable	2.56	0
exchanger	2.86	1
excise	2.48	8
excitability	2.21	2
excitable	2.41	24
excitableness	1.84	0
excitation	2.21	3
excite	1.97	109
excited	2.3199999999999998	2479
excitedly	2.12	14
excitement	2.48	628
exciting	1.96	1776
excitingly	2.0699999999999998	3
exclaim	2.41	7
exclaimer	2.65	0
exclaiming	2.57	7
exclamation	2.48	28
exclamatory	2.21	1
excludable	2.08	0
exclude	2.62	51
excluder	2.92	0
excluding	2.41	26
exclusion	2.0699999999999998	12
exclusionary	1.7	2
exclusionist	2.09	0
exclusive	2.11	398
exclusively	1.92	92
exclusiveness	1.93	3
exclusivity	1.65	11
excommunicable	1.85	0
excommunicate	1.5	5
excommunication	2.2999999999999998	7
excommunicator	2.78	0
excrement	4.43	62
excrete	2.89	2
excretes	3.36	4
excretion	3.31	6
excretive	3	0
excretory	2.89	0
excruciate	2.17	1
excruciating	2.21	67
excruciatingly	2.2999999999999998	11
excursion	2.93	34
excusable	2	7
excusably	1.54	0
excusatory	1.48	0
excuse	2.29	18773
excuser	2.64	1
excusing	2	19
executable	1.93	1
execute	2.76	283
executed	2.77	381
executer	3.54	0
execution	3.93	497
executioner	4.17	69
executive	4	541
executively	1.43	0
executor	3.23	32
exemplarily	2.33	0
exemplary	1.64	44
exemplifier	2.23	0
exemplify	1.93	3
exempt	1.93	37
exemption	2.17	20
exercisable	2.21	0
exercise	3.87	904
exerciser	4.3	2
exert	2.4300000000000002	34
exertion	2.44	15
exes	3.07	14
exfoliate	3.67	6
exfoliating	3.11	6
exfoliation	3.2	6
exhalable	2.35	0
exhalant	2.42	0
exhalation	3.58	3
exhale	3.9	85
exhaust	2.96	109
exhausted	2.87	655
exhaustedly	2.0699999999999998	0
exhaustibility	1.91	0
exhaustible	1.83	0
exhausting	2.48	111
exhaustingly	2.46	0
exhaustion	3.04	82
exhaustive	2.2999999999999998	28
exhaustively	1.93	2
exhaustiveness	1.81	0
exhaustless	2	0
exhaustlessness	1.88	0
exhibit	3.5	388
exhibiter	3.4	0
exhibition	3.52	207
exhibitioner	3.07	0
exhibitionism	2.76	6
exhibitionist	3.67	10
exhibitionistic	2.39	0
exhibitive	2.16	0
exhibitor	3.36	2
exhibitory	2.6	0
exhilarant	1.97	0
exhilarate	2	2
exhilarated	2.2000000000000002	23
exhilarating	1.93	57
exhilaratingly	1.93	0
exhilaration	2.2599999999999998	13
exhilarative	1.65	0
exhilarator	2.92	0
exhortation	2.04	2
exhumation	3.33	22
exhume	3.85	24
exile	2.15	95
exist	2.38	1477
existence	1.54	596
existent	2.14	3
existential	1.73	37
existentialism	1.45	10
existentialist	2.2200000000000002	5
existentialistic	1.32	0
existentially	1.41	0
existing	2	98
exit	3.93	794
exobiology	2.84	3
exocentric	1.88	0
exodus	2.59	40
exonerate	1.75	36
exoneration	1.9	5
exonerator	2.68	0
exorbitantly	2	0
exorcise	2.77	19
exorciser	2.72	0
exorcism	2.86	95
exorcist	3.43	50
exorcize	2.33	2
exoskeleton	4.9000000000000004	13
exothermal	3.2	1
exotic	2.11	306
exotica	2.65	3
exotically	1.73	1
exoticism	2.08	0
exoticness	2	0
expand	3.36	178
expandable	2.74	5
expanded	2.41	55
expander	3.58	4
expanding	3.07	100
expanse	2.68	11
expansibility	2.0499999999999998	0
expansible	1.88	0
expansion	3	88
expansionary	1.73	0
expansionism	2.54	2
expansionist	2.54	3
expansive	2.27	12
expansively	1.77	0
expansiveness	2.04	1
expatriate	2.77	9
expect	1.89	5299
expectable	1.42	1
expectance	1.77	0
expectancy	1.85	32
expectant	2.76	16
expectantly	2.19	2
expectation	1.62	67
expectedly	1.66	0
expedience	1.96	6
expediency	2.19	10
expedient	2	22
expediential	2.2999999999999998	0
expediently	1.76	3
expedite	3.04	34
expedited	2.38	11
expediter	2.81	6
expedition	2.96	289
expeditious	2	7
expeditiously	2.2599999999999998	2
expeditiousness	1.91	0
expel	2.88	70
expellable	2.16	0
expeller	2.87	0
expend	1.73	4
expendability	1.46	0
expendable	1.4	77
expenditure	2.76	14
expense	2.57	380
expenses	3.59	393
expensive	3.13	1425
expensively	1.92	5
expensiveness	2	0
experience	1.8	3088
experienced	1.5	510
experiential	2	0
experiment	3.38	826
experimental	2.15	199
experimentalist	2.74	0
experimentally	1.6	4
experimentation	2.31	30
experimented	2.4700000000000002	31
experimenter	3.8	2
expert	2.85	1128
expertise	1.64	203
expertly	2.29	11
expertness	2.04	0
expiration	2.61	52
expire	2.73	46
expiree	2.96	0
expiring	2.35	7
explain	1.97	5670
explainable	2.14	10
explainer	2.78	1
explaining	2.2400000000000002	352
explanation	1.87	1023
explanative	1.59	0
explanatively	1.58	0
explanatory	1.71	2
expletive	2.35	13
expletory	1.58	0
explicable	1.58	1
explicative	2.86	0
explicatory	1.85	0
explicit	1.86	71
explicitly	2.0699999999999998	18
explicitness	1.88	0
explode	4.0999999999999996	499
exploded	3.28	198
exploder	3.16	8
exploit	1.68	125
exploitable	2	5
exploitation	1.7	51
exploitative	2.19	6
exploiter	2.35	3
exploitive	1.96	5
exploration	2.83	96
explorative	1.83	0
exploratory	1.9	25
explore	2.9	317
explorer	4.04	97
exploring	2.83	139
explosion	4.5199999999999996	841
explosive	3.74	271
explosively	2.58	1
explosiveness	2.63	1
expo	3.21	20
exponent	3.07	4
exponential	1.58	10
exponentially	2	19
export	2.76	65
exportability	2.09	0
exportable	2.2400000000000002	0
exportation	3	1
exporter	3.5	4
exposable	2.59	1
expose	3.46	360
exposed	2.71	538
exposedness	2.38	0
exposition	2.46	40
expository	2.29	0
exposure	2.39	291
express	2.21	914
expressed	2.0299999999999998	166
expresser	2.96	0
expressible	1.93	1
expression	2.54	651
expressional	1.64	1
expressionism	1.71	2
expressionist	2.68	4
expressionless	2.76	3
expressionlessly	2	0
expressive	2.0299999999999998	23
expressively	2	1
expressiveness	1.88	1
expressivity	1.56	0
expressly	1.75	57
expressway	4.03	49
expulsion	2.86	41
expulsive	2.13	1
exquisite	1.78	213
exquisitely	1.7	14
exquisiteness	1.69	0
extend	2.93	327
extendable	2.63	1
extended	2.34	213
extendedly	1.79	0
extendedness	2.15	0
extender	2.83	6
extendibility	1.89	0
extendible	2.71	0
extending	3.15	54
extensibility	1.62	0
extension	2.93	275
extensive	1.79	189
extensively	2.11	31
extensiveness	2.14	0
extent	1.44	207
extenuate	1.9	1
extenuating	1.89	33
extenuation	1.91	0
exterior	4	121
exterminate	2.86	57
extermination	2.37	52
exterminator	4.1399999999999997	102
external	2.82	126
externalism	1.56	0
externalist	2.46	0
externality	2.08	0
externalization	2.04	1
externalize	1.86	0
externally	2.59	10
externals	2.65	0
extinct	2.5299999999999998	128
extinction	2.4300000000000002	76
extinguish	3.47	43
extinguishable	2.63	0
extinguished	2.9	30
extinguisher	4.7	78
extort	2.59	33
extortion	2.69	131
extortionately	1.68	0
extortionist	3.17	10
extortive	1.92	0
extra	2.46	3017
extracellular	2.74	0
extract	3.56	150
extractable	2.4500000000000002	0
extracted	2.64	56
extractible	2.19	0
extraction	3.14	126
extractive	2.0499999999999998	0
extractor	3.69	5
extracurricular	2.0699999999999998	74
extraditable	1.86	0
extradite	2.67	13
extradition	2.29	66
extrajudicial	1.67	1
extramarital	2.92	15
extraneous	2.12	15
extraneously	1.33	0
extraneousness	1.44	0
extraordinaire	2	33
extraordinarily	1.63	58
extraordinariness	1.92	0
extraordinary	2.13	771
extrapolate	1.96	18
extras	2.89	105
extrasensory	1.44	10
extraterrestrial	2.5	102
extraterritorially	1.73	0
extravagance	1.73	27
extravagancy	2.2599999999999998	0
extravagant	2.2799999999999998	74
extravagantly	2.15	5
extravaganza	2.58	36
extravert	2.16	0
extreme	1.96	558
extremely	1.84	1210
extremeness	1.81	0
extremism	1.67	3
extremist	2.74	19
extremity	3.07	20
extricated	2.44	0
extrinsic	1.91	0
extrinsically	2	0
extrovert	2.23	5
extroverted	2.31	3
extrude	3	0
extruding	2.74	0
extrusion	2.61	1
extrusive	2.08	0
exuberance	1.66	17
exuberant	2.2799999999999998	12
exuberantly	2.12	1
exuberate	1.58	0
exude	2.3199999999999998	11
exultation	2.2000000000000002	6
eye	4.9000000000000004	5701
eyeball	4.92	94
eyebath	3.79	1
eyeblink	4.63	0
eyebrow	4.8499999999999996	71
eyed	2.79	38
eyedrop	4.8099999999999996	3
eyedropper	5	7
eyeful	3	22
eyeglass	4.7	3
eyeglasses	4.92	34
eyehole	4.5199999999999996	0
eyelash	5	44
eyeless	4.1100000000000003	3
eyelet	4.4400000000000004	0
eyelid	5	17
eyelike	2.96	0
eyeliner	4.83	52
eyepatch	4.75	0
eyepiece	4.74	2
eyes	4.8499999999999996	11299
eyeshade	4.2300000000000004	0
eyeshadow	4.8600000000000003	0
eyesight	3.59	99
eyesore	3.74	18
eyestrain	3.43	2
eyewash	4.7	7
eyewear	4.46	6
eyewink	4.75	0
eyewitness	3.61	202
fab	2.04	31
fable	3.07	20
fabled	2.11	23
fabric	4.63	245
fabricate	2.86	17
fabrication	2.86	43
fabricator	3.12	0
fabulous	2.12	1046
fabulously	1.62	15
fabulousness	1.58	3
facade	3.19	42
face	4.87	14747
facebook	4.38	0
facecloth	4.62	0
faced	2.6	320
facedown	3.72	18
faceless	3	37
facelift	3.73	7
faceplate	4.58	5
facet	2.88	13
faceted	2.92	0
facetious	1.93	6
facetiously	1.52	1
facetiousness	1.67	0
facial	3.62	293
facially	3.3	2
facilitate	1.5	50
facilitation	1.81	6
facilitative	1.77	0
facilitator	2.96	16
facilities	4.1399999999999997	232
facility	3.58	723
facing	3.46	548
facsimile	3.19	9
fact	2.72	8801
faction	2.85	58
factional	2.12	0
factionalism	1.46	0
factitiously	1.67	0
factoid	3.07	3
factor	2.79	370
factorability	2	0
factorable	1.93	0
factorial	2.25	0
factorization	2	0
factorize	1.91	0
factory	4.76	857
factsheet	4.4800000000000004	0
factual	2.41	27
factuality	1.96	0
factually	1.61	4
factualness	1.77	0
faculty	3.96	248
fad	2.36	39
fade	2.48	286
faded	3.07	153
fader	2.73	2
fading	2.86	125
fag	2.93	275
faggot	3.57	350
fagot	3.43	0
fail	3	1254
failing	2.52	275
failingly	2.0299999999999998	0
failsafe	2.37	12
failure	2.08	1021
faint	3.74	473
fainter	3.68	10
fainthearted	1.62	2
faintheartedly	1.85	0
faintheartedness	2.14	0
fainting	3.74	64
faintish	2.48	0
faintly	2.11	31
faintness	2.04	2
faints	3.56	17
fair	2.39	4832
fairer	2.11	24
fairground	4.7	10
fairly	2.0699999999999998	468
fairness	1.83	104
fairway	4.21	24
fairy	4.1100000000000003	851
fairyland	2.93	12
fairylike	2.38	0
fairytale	2.93	0
faith	1.63	2363
faithful	2.2000000000000002	465
faithfully	1.77	77
faithfulness	1.72	10
faithless	1.7	27
faithlessly	1.53	0
faithlessness	1.86	1
fake	1.97	1853
faker	2.89	88
fakery	1.59	9
falcon	4.9000000000000004	169
falconer	4.12	4
falconry	3.16	2
fall	4.04	6044
fallacious	1.71	1
fallacy	1.8	20
fallback	2.15	32
fallen	3.53	863
fallibility	1.58	2
fallible	1.96	12
falling	3.64	1837
fallopian	3.58	22
fallout	2.62	111
false	2.36	1078
falsehearted	1.82	0
falsehood	2	10
falsely	1.97	67
falseness	1.76	0
falsetto	3.15	15
falsifiable	2.04	0
falsification	2.08	3
falsify	2.33	12
falter	2.19	16
falterer	2.54	0
faltering	2.2000000000000002	10
fame	1.96	441
famed	1.81	42
familiar	2.0299999999999998	1760
familiarity	2.14	34
familiarization	1.9	1
familiarize	1.88	19
familiarly	1.69	0
family	4.2300000000000004	18067
famine	3.55	81
famish	2.82	3
famished	2.2999999999999998	73
famous	2.0699999999999998	2296
famously	2	32
famousness	2.16	0
fan	4.71	1792
fanatic	2.25	84
fanatical	2.17	27
fanatically	1.72	7
fanaticism	1.62	6
fanaticize	1.67	0
fancied	1.71	50
fancier	2.37	12
fanciful	1.8	25
fancifully	1.63	1
fancifulness	1.52	0
fanciness	2.5	1
fancy	2.5	1777
fancywork	2.77	0
fandom	2.46	2
fanfare	3.36	57
fang	4.26	98
fanged	3.46	0
fangless	4.07	0
fanlight	4.32	0
fanlike	2.65	0
fanning	3.64	20
fanny	4.33	262
fantail	3.69	10
fantasia	2.5	36
fantasist	2	0
fantasize	2.14	89
fantastic	1.78	2029
fantastical	1.28	14
fantasticality	1.5	0
fantastically	1.86	20
fantasy	1.59	828
far	2.71	11259
faraway	2.96	93
farce	2.3199999999999998	89
fare	4.1100000000000003	314
farewell	2.21	482
farfetched	1.5	4
farfetchedness	1.63	0
farm	4.59	1532
farmable	2.92	0
farmer	4.54	604
farmhand	4.5199999999999996	3
farmhouse	4.74	67
farming	3.46	82
farmland	4.8600000000000003	20
farmost	2.2599999999999998	0
farmworker	4.43	0
farmyard	4.47	10
farness	1.83	0
farseeing	2.2599999999999998	0
farsighted	2.38	6
farsightedly	1.92	0
farsightedness	2.72	0
fart	4.18	328
farther	2.7	287
farthermost	2.58	0
farthest	2.04	42
fascinate	1.75	26
fascinated	1.76	178
fascinating	1.93	769
fascinatingly	1.45	1
fascination	1.89	90
fascism	1.83	39
fascist	2.2599999999999998	125
fashion	3.43	957
fashionable	1.93	98
fashionably	2.37	20
fashioned	2.34	71
fashioner	3.32	0
fashionista	3.12	0
fashionmonger	2.65	0
fast	3.32	7010
fastball	3.79	59
fasten	4.1399999999999997	190
fastener	4.0999999999999996	1
fastening	2.97	6
faster	2.76	2233
fastidiously	1.77	0
fasting	2.72	29
fastness	2.75	0
fat	4.5199999999999996	4051
fatal	3.19	362
fatale	2.2799999999999998	13
fatalism	1.65	4
fatalistic	2.04	4
fatalistically	1.92	0
fatality	3.5	46
fatally	3.33	19
fatalness	2.16	0
fate	1.53	1375
fated	1.5	32
fateful	1.31	51
fatefully	1.66	0
fatefulness	1.9	0
fathead	3.11	33
fatheaded	2.31	3
father	4.5199999999999996	28279
fathered	3.21	27
fatherhood	2.76	23
fatherland	2.74	39
fatherless	2.67	16
fatherlessness	2.04	0
fatherliness	1.6	0
fatherly	2.56	31
fathom	2.0699999999999998	53
fathomable	1.52	0
fathomless	2.12	0
fatigue	3.14	93
fatigueless	2.5	0
fatiguing	2.19	3
fatless	2.78	0
fatness	3.18	6
fatso	2.86	161
fatten	3.23	23
fattener	2.44	0
fatter	3.19	72
fattiness	3.28	0
fatty	3.9	260
faucet	4.4800000000000004	73
fault	2.41	5310
faultfinding	1.79	0
faultily	1.5	0
faultiness	1.88	0
faulting	2.31	1
faultless	2.41	1
faultlessly	2.0299999999999998	1
faulty	2.1	83
fauna	3.96	27
faux	2.5	41
favor	2.0699999999999998	3609
favorable	2.3199999999999998	55
favorableness	1.92	0
favorably	1.7	20
favored	2.2400000000000002	49
favoring	2	21
favorite	2.71	3032
favoritism	1.93	21
fawn	4.3	36
fawning	2.23	13
fawningly	2.04	0
fawnlike	2.78	0
fax	4.4800000000000004	357
fear	2.57	3523
feared	2.1800000000000002	289
fearful	2.2000000000000002	110
fearfully	2.56	9
fearfulness	1.93	2
fearless	1.9	152
fearlessly	2.0299999999999998	8
fearlessness	2.0299999999999998	2
fearsome	2	39
fearsomely	1.69	0
fearsomeness	2.2000000000000002	0
feasibility	1.81	5
feasible	1.57	31
feasibleness	1.6	0
feasibly	1.76	0
feast	4.3	342
feat	2.44	78
feather	4.9000000000000004	338
featherbed	4.6900000000000004	8
featherbrain	2.29	1
featherbrained	1.92	1
feathered	3.96	34
featheriness	2.78	0
feathering	2.52	3
featherless	4	2
featherlike	2.44	0
featherweight	3.7	7
feathery	3.62	10
feature	2.96	298
featured	2.52	63
featureless	2.7	2
february	2.4	280
fecal	3.93	30
feces	4.96	38
fed	3.19	810
federacy	2.25	0
federal	2.41	1173
federalism	1.64	0
federalist	2.96	0
federalization	1.74	0
federalize	2.11	1
federally	2.04	10
federate	2.19	0
federation	2.2400000000000002	197
fedora	4.5	13
fee	3.89	494
feeble	2.59	86
feebleminded	2.2200000000000002	1
feebleness	2.2799999999999998	0
feebly	1.73	1
feed	4.17	2162
feedback	2.48	140
feedbag	4.72	10
feedbox	3.65	0
feeder	4.3600000000000003	35
feeding	4.1500000000000004	599
feel	2.2799999999999998	31989
feeler	3.54	7
feeling	1.68	8577
feelingly	1.84	2
feign	2.11	23
feigned	2.04	8
feigning	2.34	9
feisty	2	71
felicity	1.56	857
feline	4.38	46
felinely	2.04	0
fell	3.55	3723
fellow	3.67	2987
fellowman	3.62	0
fellowship	2.2799999999999998	150
felon	3.83	128
felonious	1.92	14
feloniously	1.89	1
felony	3.5	285
felt	3.04	6111
felted	3.39	0
female	4.57	1612
femaleness	3.11	1
feminine	2.41	233
femininely	2.04	0
feminineness	2.52	0
femininity	2.17	20
feminism	2.17	17
feminist	2.46	93
feministic	2.23	1
feminization	2.0699999999999998	2
feminize	2	0
femme	2.95	63
femur	4.88	58
fence	4.82	819
fenceless	3.5	0
fencepost	4.96	0
fencer	4.4400000000000004	2
fencing	4.45	70
fend	2.34	47
fender	4.54	130
feral	2.81	9
ferment	2.92	11
fermentable	2.83	0
fermentation	3.19	7
fern	5	163
fernlike	3.14	0
ferocious	2.96	79
ferociously	2.04	7
ferociousness	2.6	2
ferocity	1.76	10
ferret	4.97	83
ferry	4.83	273
ferryboat	4.7699999999999996	21
ferryman	4.67	6
fertile	2.96	80
fertileness	1.81	0
fertility	2.59	97
fertilizable	2.0499999999999998	0
fertilization	3.21	12
fertilize	3.72	21
fertilizer	4.76	100
fervent	2.44	18
fervently	1.87	8
ferventness	1.76	0
fervor	2.59	15
fest	3.68	69
fester	3.15	137
festival	4.33	505
festive	2.74	98
festively	2.04	0
festiveness	2.38	1
festivity	2.73	8
fetal	3.64	59
fetch	3.42	559
fetched	2.93	28
fetching	2.79	66
fetchingly	1.89	1
fetish	2.48	117
fettuccine	4.7	14
fetus	4.62	82
feud	3.18	66
feudal	2.1800000000000002	10
feudalism	2.08	2
feudalist	2.2999999999999998	0
feudality	1.96	0
feudalization	1.85	0
fever	3.27	1017
fevered	2.46	8
feverish	2.57	33
feverishly	2.0699999999999998	3
feverishness	2.69	0
feverously	2.12	0
few	2.48	15393
fiance	3.52	201
fiancee	3.86	154
fiasco	2.2799999999999998	83
fiat	3.57	9
fib	2.4700000000000002	65
fibber	2.44	8
fiber	4.5	156
fiberboard	4.29	0
fiberglass	4.9000000000000004	24
fibrous	3.19	13
fibrousness	3.19	0
fibula	4.76	10
fickle	2.2400000000000002	60
fickleness	1.75	0
fiction	2.14	310
fictional	2.11	71
fictionalize	2.12	1
fictionally	2.2799999999999998	1
fictitious	2.46	31
fictitiously	1.73	0
fictitiousness	1.81	0
fiddle	4.8099999999999996	185
fiddler	4.58	45
fiddlestick	3.85	1
fiddlesticks	2.68	30
fiddling	2.81	43
fidelity	1.87	101
fidget	3.07	4
fidgetiness	2.5	0
fidgeting	3.57	29
fidgety	2.93	18
fiduciary	2.38	12
field	4.26	3580
fielded	2.81	4
fielder	3.89	28
fieldsman	4.54	0
fieldstone	3.86	10
fieldwork	3.61	11
fieldworker	4.8	0
fiend	2.93	143
fiendish	1.79	30
fiendishly	1.6	14
fiendishness	2.04	0
fiendlike	2.17	0
fierce	2.62	244
fiercely	1.93	48
fierceness	2.11	2
fiery	3.23	103
fiesta	4.12	64
fifteen	3.37	895
fifteenth	3.37	27
fifth	3.81	979
fiftieth	3.04	7
fifty	3.48	960
fiftyfold	2.04	0
fig	4.97	62
fight	4.2	10255
fightable	2.44	1
fighter	3.96	652
fighting	3.78	3611
figment	2.04	55
figurative	1.38	4
figuratively	1.21	39
figurativeness	1.28	0
figure	3.63	6598
figured	2.46	3893
figurehead	3.3	14
figureless	2	1
figurine	4.8600000000000003	14
filament	4.2699999999999996	17
file	4.41	2246
filename	3.77	0
filer	3.88	1
filet	4.59	48
filetype	3.15	0
filibuster	2.41	11
filibusterer	3.29	0
filing	3.52	232
filings	4.21	16
fill	3.32	2241
filled	3.03	1386
filler	2.92	28
fillet	4.75	25
filleting	3.77	3
filling	3.84	494
film	4.71	3328
filmable	2.96	0
filmgoer	4	2
filminess	2.81	0
filmmaker	4.38	104
filmstrip	4.47	4
filmy	2.96	4
filter	4.59	162
filterable	2.04	0
filterer	3.15	0
filtering	3	25
filth	4.1399999999999997	231
filthily	2.52	0
filthiness	2.96	9
filthy	3.53	838
filtrate	3	0
filtration	3.5	23
fin	4.76	174
finagle	1.85	10
final	2.67	2533
finale	2.76	125
finalist	3.79	24
finality	1.67	20
finalization	1.88	0
finalize	2.14	26
finally	1.67	5989
finance	3.36	273
financial	2.52	777
financially	2.34	139
financier	3.46	17
finch	4.3	205
find	2.63	42379
findable	2.04	0
finder	3	85
finding	2.89	1935
fine	2.61	30502
finely	2.08	45
fineness	2.39	1
finer	2.08	132
finery	3.12	14
finesse	1.86	71
finger	5	1870
fingerboard	4.3499999999999996	4
fingered	3.59	39
fingerer	3.92	0
fingering	3.76	18
fingerless	3.66	0
fingerlike	3.07	0
fingernail	4.93	68
fingerprint	4.96	163
fingerprinting	4.04	16
fingertip	4.93	10
finicky	2.06	10
finish	2.89	5045
finished	2.78	4269
finisher	2.82	8
finishing	2.36	403
finite	1.74	33
finitely	2.11	0
finless	3.85	0
finlike	2.85	0
fir	4.58	22
fire	4.68	10990
firearm	4.6399999999999997	76
fireball	4.32	76
firebird	4.57	28
fireboat	4.62	0
firebomb	4.79	4
firebox	4.46	2
firebrand	2.8	1
firebrick	4.1399999999999997	0
firecracker	4.68	54
fired	2.48	3159
firefight	3.54	35
firefighter	4.87	52
firefly	4.9000000000000004	28
firehose	4.6399999999999997	0
firehouse	4.68	62
firehydrant	5	0
fireless	2.92	0
firelight	4.43	25
fireman	4.8	149
fireplace	4.68	259
fireplug	4.6399999999999997	10
firepower	3.67	98
fireproof	3.42	8
fireproofing	3.57	9
fireside	3.84	20
firestorm	3.56	6
firetrap	3.96	9
firetruck	5	3
firewall	3.82	55
firewater	3.82	19
firewood	4.93	77
firework	4.62	8
fireworks	4.8600000000000003	287
firing	3.64	937
firm	3.54	1799
firmer	3.04	15
firmly	2.33	136
firmness	3.92	12
firmware	3.32	3
first	2.76	42869
firstborn	4.04	40
firsthand	1.87	75
firstly	1.85	53
fiscal	1.85	39
fiscally	1.92	4
fish	5	4258
fishable	2.62	0
fishbone	4.57	4
fishbowl	4.8899999999999997	9
fished	3.41	62
fisher	4.22	432
fisherman	4.7300000000000004	221
fisherwoman	4.71	3
fishery	4.5199999999999996	11
fisheye	4.07	2
fishhook	4.87	2
fishhooks	4.93	5
fishily	2.21	0
fishiness	2.5499999999999998	0
fishing	4.3	1204
fishinghook	4.8600000000000003	0
fishingpole	4.96	0
fishingrod	4.4800000000000004	0
fishlike	3.21	0
fishmeal	4.5199999999999996	2
fishmonger	3.92	6
fishnet	4.72	11
fishpond	4.71	3
fishtail	4.59	2
fishtank	4.83	0
fishy	2.96	143
fissure	3.83	22
fist	4.93	375
fisted	3.15	1
fistfight	4.43	24
fistful	3.81	30
fisting	4.21	3
fit	2.7	2937
fitful	2.56	2
fitfulness	2.4500000000000002	0
fitness	3.11	89
fitted	2.73	89
fitting	2.76	285
fittingly	1.82	3
fittingness	2.04	0
five	3.87	14558
fives	3.59	67
fix	2.93	4426
fixable	2.59	20
fixate	2.31	7
fixation	1.67	35
fixed	2.89	1647
fixedly	1.78	0
fixedness	1.64	0
fixer	3.54	36
fixing	2.9	533
fixture	4.17	32
fizz	4.62	31
fizzle	3.89	10
fizzy	3.68	11
fjord	4.3600000000000003	24
flab	4.33	9
flabbergast	1.71	0
flabbergasted	1.96	15
flabbiness	3.07	0
flabby	3.3	41
flaccid	3.62	24
flaccidity	3.3	0
flaccidly	2.74	0
flaccidness	2.88	0
flag	4.79	892
flagging	3.16	9
flagless	2.84	0
flagman	4.5599999999999996	3
flagpole	4.8600000000000003	37
flagrance	2	0
flagrancy	1.69	0
flagrant	2.0699999999999998	29
flagrantly	1.91	4
flagship	3.89	49
flagstaff	4.41	42
flagstick	4.57	0
flagstone	4.82	8
flail	3.79	9
flair	2.46	116
flake	4.3600000000000003	89
flakily	2.5499999999999998	0
flakiness	3.04	1
flaky	2.93	45
flamboyance	2.23	1
flamboyancy	2.23	0
flamboyant	2.1800000000000002	23
flamboyantly	2.64	0
flame	4.67	461
flamed	3.17	8
flameless	2.8	0
flameproof	3.68	0
flamethrower	4.57	29
flaming	3.96	130
flamingly	2.15	0
flamingo	4.8099999999999996	60
flammability	2.37	0
flammable	3.61	36
flan	4.05	86
flank	4	236
flanked	3.08	16
flanking	2.89	20
flannel	4.43	70
flannels	4.57	2
flap	4.1399999999999997	135
flapjack	4.8899999999999997	13
flapper	3.9	10
flare	4.5	215
flares	4.5	72
flaring	3.12	16
flash	3.67	783
flashback	2.36	54
flashbulb	4.75	3
flashcard	4.8600000000000003	0
flasher	4.0999999999999996	17
flashily	2.79	0
flashiness	2.5	2
flashing	4.07	163
flashlight	5	302
flashpoint	2.92	4
flashy	2.86	97
flask	4.79	57
flat	4.07	1337
flatbed	4.37	21
flatboat	4.55	0
flatfoot	4.07	33
flathead	4.09	12
flatiron	4.24	6
flatland	4.08	2
flatly	2.16	9
flatness	3.29	4
flatscreen	4.68	0
flatten	3.86	63
flattener	3.33	0
flattening	3.37	10
flatter	2.14	200
flattered	2.15	398
flatterer	2.89	17
flattering	2.25	195
flatteringly	2.0299999999999998	0
flattery	2.71	70
flattish	2.4	0
flattop	4.4400000000000004	14
flatulence	3.88	28
flatulency	2.64	0
flatulent	3.81	11
flatulently	2.76	0
flatware	4.5199999999999996	16
flatworm	4.78	1
flaunt	2.27	50
flaunter	2.44	0
flaunting	2.19	26
flauntingly	2	0
flaunty	2.12	0
flavor	3.55	255
flavored	3.41	25
flavorful	2.5	3
flavoring	3.62	3
flavorings	4.0999999999999996	5
flavorless	2.62	3
flaw	2.86	155
flawed	2.2599999999999998	63
flawless	2.52	80
flawlessly	1.78	11
flawlessness	2.16	0
flaxseed	4.46	5
flea	4.8899999999999997	169
fleabag	3.27	25
fleabite	4.43	0
fleck	3.75	7
fled	3.14	224
fledgling	2.76	13
flee	3.67	233
fleece	4.75	59
fleeced	2.79	12
fleecy	3.54	3
fleet	3.81	540
fleeting	2.31	86
fleetingly	1.75	1
fleetingness	1.31	0
flesh	4.59	1125
fleshed	2.54	4
fleshiness	3.27	0
fleshless	3.92	6
fleshly	2.41	1
fleshy	3.56	29
flew	3.17	785
flex	3.88	50
flexed	3.04	13
flexibility	2.96	50
flexible	2.64	136
flexibleness	3.08	0
flexibly	2.85	1
flick	3.71	257
flicker	3.59	35
flickering	3.36	29
flickeringly	2.09	0
flier	4.3600000000000003	109
flight	3.9	3044
flightiness	1.97	0
flightless	2.83	7
flighty	2.08	27
flimflam	1.6	3
flimsily	2.83	0
flimsiness	3.14	0
flimsy	3.19	42
flinch	3.59	58
flincher	2.81	3
flinching	3.59	13
flinchingly	2.33	0
fling	3.14	180
flint	4.6399999999999997	222
flintstone	4.62	9
flip	3.97	728
flippantly	1.97	1
flipper	4.26	45
flipping	3.44	149
flipside	3.36	0
flirt	3.26	200
flirtation	2.19	36
flirtatious	2.72	14
flirtatiously	2.17	0
flirtatiousness	2.0699999999999998	0
flirter	3.2	1
flirting	2.46	271
flirtingly	1.92	0
flirty	2.81	26
flittingly	2.04	0
float	4.07	381
floatability	2.85	1
floatable	3.07	0
floatation	3.83	5
floater	4.07	50
floating	3.89	491
floatingly	1.42	0
flock	4.67	237
flocking	3.96	20
flockless	2.31	0
flog	4.04	15
flogger	3.48	4
flogging	3.83	25
flood	4.62	291
floodable	2.56	0
flooded	4.04	142
flooder	2.39	0
floodgate	4.43	2
flooding	4.38	86
floodless	2.2599999999999998	0
floodlight	4.67	5
floodlighting	4.22	0
floodplain	4.5	2
floodwater	4.46	3
floodway	3.96	0
floor	4.8	5132
floorboard	4.8899999999999997	13
flooring	4.43	22
floorless	3.46	0
floozy	3.42	39
flop	3.93	118
floppily	2.71	0
floppiness	3.11	0
floppy	3.81	58
floral	3.75	37
florally	2.84	0
florescence	3.12	1
florescent	3.86	5
florist	4.62	123
floristry	3	0
floss	4.41	100
flossing	4.07	26
flotation	3.81	20
flounder	3.92	43
floundering	2.4500000000000002	15
flour	4.97	161
flourish	2.1	41
flourisher	2.12	0
flourishing	2.0299999999999998	18
flourishingly	1.82	0
flourless	2.88	1
flourlike	3.6	0
floury	3.68	2
flow	3.72	701
flowchart	4.1399999999999997	0
flower	5	1161
flowerbed	4.71	6
flowered	3.79	17
floweriness	2.54	0
flowering	3.67	14
flowerless	3.36	1
flowerlike	2.83	0
flowerpot	4.8099999999999996	14
flowery	2.68	34
flowing	2.4300000000000002	217
flowingly	2.38	0
flown	3.46	232
flu	3.65	444
flub	2.54	3
fluctuant	2.42	1
fluctuate	2.44	11
fluctuating	2.6	15
fluctuation	2.36	17
fluency	2.19	0
fluent	1.93	59
fluently	2	21
fluff	3.8	72
fluffily	2.38	0
fluffiness	3.12	0
fluffy	3.86	185
fluid	4.7300000000000004	456
fluidity	2.5499999999999998	4
fluidization	2.48	0
fluidly	2.33	1
fluidness	2.44	0
fluke	2.34	89
flung	3.29	44
flunk	2.4	92
fluorescence	3.23	0
fluorescent	3.78	30
fluoride	4.37	12
fluorine	4.09	5
fluorite	3.92	3
fluoroscope	4.6500000000000004	13
flurried	2.68	0
flurry	3.38	24
flush	3.72	478
flusher	3.35	8
flushing	3.93	75
flushness	3.22	0
fluster	2.76	3
flute	5	108
fluted	3.14	0
flutelike	2.81	0
fluting	3.58	0
flutist	4.41	1
flutter	3.4	44
fluttering	3.19	37
fluttery	2.64	9
flux	2.54	53
fly	4.6399999999999997	4335
flyable	3.03	3
flyaway	3.52	5
flyboy	3.79	23
flyby	2.8	8
flycatcher	4.6100000000000003	2
flyer	4.1900000000000004	173
flying	4.0999999999999996	2579
flyover	3.67	4
flypaper	4.7699999999999996	14
flyswatter	5	2
flytrap	4.62	10
flyway	2.86	0
flywheel	4.6500000000000004	24
foal	4.32	14
foam	4.8499999999999996	179
foaminess	3.38	0
foaming	3.85	25
foamless	3.74	0
foamy	3.97	14
focal	2.09	29
focalization	2.04	0
focus	2.35	1499
focusable	2.2999999999999998	0
fodder	3	19
foe	2.96	94
fog	4.66	482
fogged	3.56	20
foggily	2.2000000000000002	0
fogginess	3.31	1
foggy	3.8	66
foghorn	4.96	12
fogless	3.43	0
foil	4.4800000000000004	62
fold	4.13	440
foldable	3.3	0
folded	4.1399999999999997	148
folder	4.93	83
folding	3.89	106
foldout	3.71	4
foliage	4.67	27
foliaged	3.35	0
foliated	3.19	0
folio	3.76	4
folk	3.57	365
folklore	2.5	45
folklorist	3.27	0
folkloristic	1.71	0
folks	3.52	3878
folksiness	2.08	0
folksong	4.13	1
folksy	1.93	8
folktale	3.26	5
follicle	4.4400000000000004	12
follow	3.26	6283
follower	3.15	34
following	2.83	2310
folly	1.92	74
fond	1.68	629
fondle	3.42	25
fondling	3.54	23
fondly	2.4500000000000002	35
fondness	1.66	26
fondue	4.79	47
font	3.93	48
fontsize	3.6	0
food	4.8	7876
foodlessness	2.35	0
foodstuff	4	2
fool	3.19	4556
foolery	2.14	4
foolhardily	2.04	0
foolhardiness	1.81	0
foolhardy	1.69	21
fooling	1.59	626
foolish	1.84	893
foolishly	2	33
foolishness	2.33	106
foolproof	1.79	94
foot	4.9000000000000004	3311
footage	3.42	422
football	4.7300000000000004	1914
footballer	4.5199999999999996	16
footbath	4.46	4
footboard	4.7699999999999996	1
footbridge	4.8099999999999996	6
footcloth	4.42	0
footed	3.85	3
footer	3.68	5
footgear	4.55	1
foothill	4.38	5
foothold	4.03	29
footing	3.57	52
footings	3.44	1
footless	4.18	0
footlocker	4.58	41
footloose	2.15	42
footman	4.55	4
footnote	3.88	18
footnoted	3.71	1
footpad	4.37	4
footpath	4.79	14
footplate	4.58	1
footprint	4.37	55
footrace	4	3
footrest	4.67	5
footsie	3.79	19
footsore	4.21	0
footsoreness	2.79	0
footstep	4.18	13
footsteps	3.96	322
footstool	4.96	8
footsy	2.62	2
footwear	4.66	40
footwork	3.32	47
for	1.63	351650
forage	3.12	16
forager	3.56	0
forbade	2.38	22
forbear	2.56	8
forbearance	1.92	15
forbearer	3.04	0
forbearing	1.74	1
forbearingly	1.58	0
forbid	1.96	436
forbiddance	2	0
forbidden	1.9	387
forbidding	2.2200000000000002	20
forbiddingly	1.72	0
forbiddingness	1.56	0
force	3	3604
forced	2.25	1349
forceful	2.0699999999999998	44
forcefully	2.68	8
forcefulness	2.2999999999999998	0
forceless	1.68	0
forceps	4.79	34
forcer	2.4	0
forces	2.69	1064
forcibility	2.04	0
forcible	2.4300000000000002	8
forcibleness	1.73	0
forcibly	2.68	36
forcing	2.31	276
ford	4.1900000000000004	587
fore	2.52	135
forearm	4.6900000000000004	50
forebear	1.85	3
forebode	1.96	0
foreboder	2.62	0
foreboding	1.54	23
forebodingly	1.42	0
forebrain	3.83	3
forecast	2.78	96
forecaster	4.5199999999999996	0
forecasting	2.6	9
foreclosable	2.2000000000000002	0
foreclose	3.04	34
foreclosure	3.3	26
forefather	3.33	1
forefinger	4.6399999999999997	14
forefront	3	20
forego	2.37	29
foregoing	1.92	6
foregone	1.52	21
foreground	2.93	22
forehand	4.17	5
forehanded	2.84	0
forehead	4.9000000000000004	400
foreign	2.5	1137
foreigner	3.32	150
foreignness	1.79	1
foreknowing	1.59	0
foreknowingly	1.73	0
foreknowledge	1.86	1
forelimb	4.2	1
forelock	3.28	2
foreman	4.37	283
foremanship	1.89	0
foremost	2	86
forename	2.58	0
forenoon	2.58	0
forensic	2.62	200
forensically	2.7	11
forensics	2.13	192
forepaw	4.4800000000000004	5
foreplay	3.22	128
forequarter	3.04	0
forerunner	2.85	4
foresee	2.08	50
foreseeable	1.62	19
foreseer	2.74	0
foreshadow	1.96	6
foreshadower	2.13	0
foresight	1.79	38
foresighted	1.96	0
foresightedness	1.93	2
foreskin	4.8899999999999997	18
forest	4.76	963
forestation	3.35	1
forestry	3.63	11
foretell	2.19	16
foreteller	2.62	1
forethought	2.12	9
forethoughtfully	1.76	0
forethoughtfulness	1.82	0
foretold	2.04	40
forever	1.34	4529
forevermore	1.69	27
forewarn	2.2000000000000002	1
forewarning	2	1
foreword	3.52	9
forfeit	2.63	158
forfeiter	2.88	0
forfeits	1.85	7
forfeiture	2.63	10
forge	4.04	166
forgeable	2.57	0
forged	3.22	216
forger	3.71	31
forgery	3.03	100
forget	2.04	14130
forgetful	2.2799999999999998	38
forgetfully	1.72	0
forgetfulness	1.82	27
forgettable	2.04	15
forgetting	1.96	627
forging	3.42	40
forgivable	1.59	6
forgivably	1.83	0
forgive	1.92	3917
forgiveness	1.44	405
forgiver	3.17	2
forgiving	1.78	127
forgivingly	1.79	0
forgivingness	1.6	0
forgo	1.68	15
forgot	2.1800000000000002	5045
forgotten	1.74	1771
fork	4.9000000000000004	450
forked	3.41	14
forkful	3.92	1
forklift	4.79	49
forklike	3.32	0
forlorn	1.76	21
forlornness	1.83	0
form	3.13	2180
formable	2.65	1
formal	2.7	424
formaldehyde	4.6100000000000003	34
formality	1.67	110
formalization	1.83	0
formalize	2.04	6
formally	1.86	106
formalness	1.6	0
format	2.9	54
formation	3.23	203
formative	1.57	15
formatively	2.2200000000000002	0
formativeness	1.95	0
formed	3.04	241
former	2.1800000000000002	932
formerly	1.9	123
formfitting	3.07	1
formidability	1.7	0
formidable	1.76	87
formidableness	1.58	0
formidably	1.89	1
forming	2.1	140
formless	2.5	4
formlessly	2.11	0
formlessness	2	0
formula	4.1100000000000003	401
formularization	2	0
formulary	2	2
formulate	2.59	30
formulation	1.92	13
formulator	3.11	0
formulization	2.31	0
formulize	1.84	0
fornicate	3.46	25
fornicated	3.27	5
fornication	3.66	44
fornicator	3.81	9
forsake	1.96	46
forsaken	1.61	77
forsakenly	1.5	0
forsakenness	1.62	0
fort	4.72	787
forte	2.39	30
forth	2.38	804
forthcoming	2.0299999999999998	70
forthright	1.53	34
forthrightly	1.86	3
forthrightness	1.72	2
forthwith	1.75	36
forties	2.9	26
fortifiable	2.25	0
fortification	3.22	5
fortifier	2.86	0
fortify	2.34	12
fortifying	2.63	5
fortitude	2.04	33
fortnight	2.71	46
fortress	4.8	172
fortuitous	1.67	20
fortuitousness	1.48	0
fortunate	2.04	419
fortunately	1.44	444
fortunateness	1.91	0
fortune	2.9	1518
fortuned	2.14	0
fortuneless	2.04	0
fortuneteller	4.17	13
fortunetelling	2.89	1
forty	4.1399999999999997	539
forum	4	104
forward	2.66	3689
forwarder	2.88	2
forwarding	2.41	56
forwardly	1.76	0
forwardness	1.81	0
forwards	3.08	71
fossil	4.9000000000000004	79
fossilization	3.03	1
fossilize	3.19	0
fossilized	3.79	11
foster	2.31	613
fosterer	3.24	0
fostering	2	7
fought	2.88	1362
foul	2.4	738
fouling	2.75	13
foulmouthed	2.7	0
foulness	1.84	2
found	2.5299999999999998	20196
foundation	3.74	740
foundational	2.0699999999999998	0
foundationally	1.67	0
foundationless	2.37	0
founder	3.66	108
founding	2.2999999999999998	89
fountain	4.7699999999999996	352
fountainhead	3.87	7
fountainless	2.67	0
four	3.37	13045
fourfold	2.68	0
fourscore	3.08	11
foursome	4	33
fourteen	3.04	333
fourteenth	4.21	53
fourth	3.39	1349
fourthly	2.68	1
fowl	4.6399999999999997	35
fox	4.97	1102
foxhole	4.5	48
foxhound	4.4800000000000004	2
foxhunt	4.17	3
foxhunting	4.17	3
foxily	1.88	0
foxiness	2.08	0
foxtail	4.59	0
foxtrot	4.25	55
foxy	2.19	156
foyer	4.5199999999999996	45
fraction	3.1	104
fractional	2.36	1
fractionalize	2.41	0
fractionally	1.93	0
fractionize	2	0
fractious	1.67	8
fractiously	1.82	0
fracture	4.03	264
fragile	2.86	262
fragileness	2.58	0
fragility	2.11	7
fragment	4.0999999999999996	96
fragmental	2.56	0
fragmentally	1.96	0
fragmentary	2.33	2
fragmentation	2.44	7
fragmented	3.41	13
fragmentize	2.68	0
fragrance	4.03	60
fragrant	3.35	36
fragrantly	2.78	0
frail	2.5499999999999998	81
frailness	2.48	0
frailty	2.62	18
frame	4.3	719
framed	3.96	284
frameless	3.54	0
framer	3.7	3
framework	3.24	20
framing	4.04	76
franchise	3.07	121
franchisee	3.72	1
franchiser	3.22	0
frank	2.54	8129
frankfurter	4.88	11
frankincense	4.71	12
frankly	1.6	992
frankness	1.9	16
frantic	2.1	116
frantically	2.48	24
franticly	1.79	0
frappe	4.09	5
frat	3.3	160
fraternal	1.93	17
fraternalism	1.92	0
fraternally	1.82	1
fraternity	2.46	171
fraternization	2.2400000000000002	3
fraternize	2.2200000000000002	16
fraternizer	2.93	0
fraud	1.68	512
fraudulence	2.38	0
fraudulency	2.04	0
fraudulent	1.93	18
fraudulently	2.35	2
fraught	2.2200000000000002	35
fray	3.18	48
frayed	3.79	23
fraying	3.6	2
frays	3.67	0
frazzle	2.2000000000000002	6
frazzling	1.83	0
freak	2.93	1874
freakily	1.75	0
freakiness	1.75	1
freaking	1.96	754
freakish	2.17	25
freakishly	1.92	16
freakishness	2.34	0
freaky	2	255
freckle	4.5599999999999996	30
freckled	3.86	6
freckles	4.6399999999999997	101
freckly	4	1
free	2.04	9054
freebase	3.12	5
freebee	3.54	3
freebie	2.67	41
freed	2.5	190
freedom	2.34	1688
freedwoman	3.07	0
freefall	3.03	0
freehand	3.2	4
freehanded	2.4300000000000002	0
freehandedly	2.2599999999999998	0
freehandedness	2.41	0
freehearted	2.27	0
freehold	2.16	0
freeing	1.64	46
freelance	1.92	108
freelancer	3.08	39
freeload	2.2400000000000002	0
freeloader	3.57	8
freely	2.2999999999999998	215
freeman	3.32	129
freemason	3.86	10
freemasonic	2.0699999999999998	0
freeness	2.12	0
freestanding	3.34	4
freestyle	2.73	56
freethinker	2.2599999999999998	1
freethinking	1.61	4
freeware	2.88	1
freeway	4.7	282
freewheeler	2.89	0
freewill	1.85	5
freezable	3.67	0
freeze	3.96	1640
freezer	4.87	263
freezing	4.04	680
freight	4.21	196
freighter	4.42	109
frenzied	2.42	16
frenziedly	1.73	0
frenzy	2.31	103
frequency	2.69	337
frequent	2.25	140
frequenter	2.8	2
frequently	1.88	167
fresh	1.97	2780
freshen	2.17	131
freshener	3.82	20
freshly	2.14	71
freshman	3.79	375
freshness	2.12	29
freshwater	4.29	35
fret	2.65	95
fretful	1.93	2
fretfully	1.93	0
fretfulness	1.92	1
fretless	2.59	0
fretted	2.3199999999999998	0
fretting	2.35	16
friar	3.88	88
friction	3	63
frictional	2.2999999999999998	0
frictionless	2.56	1
friday	3.28	2429
fridge	4.92	502
fried	4.1100000000000003	518
friend	3.07	21384
friendless	2.2999999999999998	24
friendlessness	2.2200000000000002	0
friendliness	2.36	6
friendly	2.3199999999999998	1328
friendship	2.39	1164
fright	2.52	141
frighten	3.07	324
frightened	2.27	1186
frightener	2.89	2
frightening	2.15	294
frighteningly	1.93	13
frightful	2.21	59
frightfully	1.81	54
frightfulness	1.93	0
frigid	3.28	71
frigidity	2.5	3
frigidly	1.96	0
frigidness	2.62	0
frill	3.13	1
frilled	2.95	0
frilliness	2.23	0
frilly	3.93	16
fringe	3.38	85
fringed	3.77	3
fringeless	3.04	0
fringy	3.4	0
frisbee	4.7	95
frisk	2.79	79
friskily	1.93	0
friskiness	2.38	1
frisking	3.27	7
frisky	2.4	86
fritter	4.1100000000000003	15
frivolous	2.4300000000000002	61
frivolously	2.2200000000000002	3
frivolousness	2.04	0
frizz	3.79	2
frizzy	3.83	18
fro	2.48	58
frog	5	603
frogfish	4.7	2
froglike	2.83	0
frolic	3.04	42
frolicker	2.2799999999999998	0
from	1.84	103992
front	3.77	9259
frontage	3.04	10
frontal	3.38	96
fronted	2.35	22
frontier	3.3	167
frontiersman	3.96	1
fronting	2.52	36
frontless	2.85	0
frontline	3.88	0
frontman	4.08	0
frontward	3.38	0
frost	4.5599999999999996	245
frostbite	4.33	45
frosted	4	41
frostily	2.25	0
frostiness	3.62	0
frosting	4.8600000000000003	72
frostless	3.65	0
frostlike	2.8	0
frosty	3.9	121
froth	4.1399999999999997	10
frothily	3.22	0
frothiness	3.52	0
frothing	3.68	13
frothy	3.88	12
frown	4.08	104
frowner	3.52	1
frowning	3.86	25
froze	3.96	216
frozen	4.34	782
frozenness	3.29	0
fructose	4.2300000000000004	3
frugal	1.93	9
frugality	2.21	0
frugally	2.17	0
frugalness	1.74	0
fruit	4.8099999999999996	1108
fruitcake	4.62	105
fruited	2.88	7
fruiter	3.58	4
fruitful	2.38	47
fruitfully	2.54	0
fruitiness	3.09	0
fruition	1.82	17
fruitless	2.0699999999999998	23
fruitlessly	2	1
fruitlessness	2	0
fruitwood	4.59	0
fruity	2.69	66
frumpily	2.13	0
frumpiness	2.68	0
frumpishly	1.76	0
frumpy	2.74	9
frustrate	1.82	14
frustrated	2.4700000000000002	255
frustrating	1.81	126
frustration	2.06	152
fry	4.37	428
fryer	4.5	33
fryingpan	4.8899999999999997	0
fuchsia	4.17	23
fuck	3.19	19307
fucker	2.61	671
fucking	3.43	16603
fuckup	2.58	0
fudge	4.8899999999999997	185
fuel	4.3	876
fugitive	3.93	264
fulcrum	3.86	10
fulfill	1.78	199
fulfillment	2.0699999999999998	52
full	3.59	8512
fullback	4	22
fuller	3.17	241
fullness	2.58	24
fullscreen	4.3	0
fulltime	3.14	2
fully	1.89	880
fumble	3.47	40
fumbler	3.2	1
fumbling	2.54	15
fume	3.58	12
fumeless	3.12	0
fumigant	3.3	3
fumigate	3.44	7
fumigation	3	5
fumigator	4.37	1
fuming	2.52	9
fun	1.97	12010
function	1.92	565
functional	2.5499999999999998	139
functionalism	1.48	0
functionalist	2.37	0
functionality	2.1	4
functionalize	2	0
functionally	1.96	4
functionary	2.19	2
functionless	1.81	0
fund	3.18	541
fundable	1.7	1
fundamental	1.57	167
fundamentalism	1.77	2
fundamentalist	2.08	26
fundamentality	1.55	0
fundamentally	1.93	42
funded	2.93	41
funding	3.17	162
fundraiser	4.1900000000000004	97
fundraising	2.63	37
funds	4.17	337
funeral	3.83	1693
funereal	3.46	1
fungal	3.69	15
fungi	4.5999999999999996	9
fungicidal	3.39	1
fungicide	3.89	3
fungus	4.59	112
funk	1.92	161
funkiness	2.04	0
funky	2.04	259
funnel	4.5199999999999996	56
funneled	3.07	8
funniness	1.96	0
funny	2.5	11127
funnyman	3.58	5
fur	4.6900000000000004	422
furies	2.78	17
furious	2.31	306
furiously	2	13
furiousness	1.86	0
furless	3.45	1
furlong	2.79	31
furlough	3.12	35
furnace	4.6900000000000004	138
furnish	3.75	48
furnished	3.96	62
furnisher	3.77	0
furnishing	3.79	12
furnishings	4.3099999999999996	24
furniture	4.8899999999999997	769
furrier	4.16	13
furriness	3.7	0
furrowed	3.5	4
furry	3.96	122
further	1.88	2690
furtherance	1.68	2
furthermore	1.6	146
furthermost	1.92	2
furthest	2.77	32
fury	2.89	195
fuse	4.55	248
fused	3.56	34
fuselage	4.79	52
fusibility	2.04	0
fusion	3.3	133
fusionist	2.85	0
fuss	2.4300000000000002	364
fussily	2.44	0
fussiness	2.3199999999999998	0
fussy	2.61	79
futile	1.52	82
futilely	1.56	3
futileness	1.56	0
futility	2.1	25
futon	4.79	34
future	1.86	5278
futureless	1.27	0
futurism	1.96	0
futurist	1.9	1
futuristic	2.21	17
fuzz	4.37	95
fuzzily	1.96	0
fuzziness	3.03	2
fuzzy	3.96	297
gab	2.87	35
gadget	4.5999999999999996	124
gadgetry	3.52	3
gaelic	2.88	21
gaffe	2.46	2
gag	4.37	360
gaggle	3.78	23
gaily	2.08	19
gain	2.2400000000000002	700
gainer	3.39	4
gainful	1.77	6
gainfully	2.0299999999999998	8
gainfulness	1.54	0
gaining	2.77	193
gains	2.68	77
gait	3.54	16
gal	4.5199999999999996	725
gala	3.89	90
galactic	2.57	56
galaxy	3.66	339
gale	3.73	250
gall	2.6	101
gallant	1.92	167
gallantly	1.86	14
gallantness	1.65	0
gallantry	2	31
gallbladder	4.63	37
galled	2.16	2
galleria	4.07	11
gallery	4.4400000000000004	434
galley	4.07	82
gallivant	2.35	1
gallon	3.92	116
gallop	4.17	48
galloper	3.42	0
galloping	4.08	53
gallows	4.3499999999999996	91
gallstone	4.68	6
galore	1.78	37
galvanization	2.93	0
galvanize	3.32	4
galvanized	3	14
gamble	3.17	456
gambler	4.03	234
gambling	3.54	846
game	4.5	11926
gameboy	4.6900000000000004	0
gamekeeper	3.83	11
gamely	1.96	3
gameness	1.75	0
gamer	4	6
gamester	3.38	1
gamey	2.65	3
gaminess	1.74	0
gaming	3.5	131
gamma	3.24	179
gamut	2.65	13
gander	3.38	55
gang	4.43	1537
gangbang	4.1399999999999997	5
gangland	3.4	27
gangly	3.11	14
gangrene	4.16	46
gangrenous	3.52	9
gangster	3.93	272
gangway	3.89	116
ganja	4.5999999999999996	14
gap	3.92	218
gape	3.27	3
gaping	2.78	42
gapingly	2.64	0
garage	4.96	1388
garb	4.1900000000000004	16
garbage	4.6900000000000004	1331
garbanzo	4.6500000000000004	4
garble	3	0
garbled	1.96	46
garbling	2.36	1
garden	4.7300000000000004	1354
gardened	3.46	1
gardener	4.5	214
gardenia	4.88	11
gardening	3.86	123
gardenless	2.89	0
gargantuan	3.17	18
gargle	4.3099999999999996	30
gargoyle	4.8499999999999996	27
garish	2.35	11
garishly	2.04	1
garishness	2.36	4
garland	4.8499999999999996	111
garlic	4.8899999999999997	306
garlicky	3.19	2
garment	4.78	71
garmentless	2.91	0
garner	2.38	61
garnet	4.24	50
garnets	4.12	4
garnish	4.1100000000000003	27
garnished	3.13	4
garnishment	3.68	3
garter	4.78	67
gartered	3.38	0
gas	4.29	3457
gaseous	2.75	10
gaseousness	2.56	0
gash	4.3899999999999997	35
gashes	4.4000000000000004	8
gashouse	4.72	4
gasket	4.4400000000000004	34
gasless	2.56	0
gaslight	4.62	17
gasmask	4.8600000000000003	0
gasoline	4.72	333
gasp	4.1500000000000004	88
gasping	3.14	220
gaspingly	2.38	0
gassiness	2.96	1
gassing	3.18	15
gassy	2.89	22
gastric	3.21	42
gastritis	3.32	11
gastro	2.33	0
gastroenterological	2.62	0
gastroenterology	2.52	0
gastrointestinal	3.21	9
gastronomical	2.35	2
gastronomically	1.81	1
gastronomy	2.88	1
gate	4.96	1634
gated	3.9	13
gatehouse	4.4800000000000004	8
gatekeeper	4.21	35
gateless	3.54	0
gateman	4.21	1
gatepost	4.4800000000000004	0
gateway	4.07	101
gather	2.75	799
gatherable	2.0699999999999998	0
gatherer	3.92	2
gathering	3.39	370
gating	3.48	0
gator	4.84	184
gaudily	2.48	0
gaudiness	2.58	0
gaudy	2.39	21
gauge	4	112
gauging	2.4500000000000002	5
gaunt	3.04	8
gauntlet	4.43	39
gauntly	2.44	0
gauze	4.62	73
gave	2.38	12428
gavel	4.88	39
gawk	3.29	16
gawkily	2.2599999999999998	0
gawkiness	2.48	1
gawky	2.46	14
gay	2.52	3013
gayness	1.79	6
gaze	3.43	129
gazebo	4.79	46
gazelle	4.72	62
gazer	3.29	3
gazette	4.1500000000000004	73
gazing	2.92	41
gear	4.28	816
gearbox	4.72	9
geared	3	17
gearing	3.19	24
gearless	3.83	0
gearshift	4.6399999999999997	11
gearwheel	4.5199999999999996	0
gecko	4.76	19
geek	3.71	353
geeky	2.36	24
geezer	4.04	69
geisha	4.42	146
gel	4.72	83
gelatin	4.79	25
gelatinization	2.52	0
gelatinous	3.74	9
gem	4.88	126
gemini	3.09	43
gemlike	2.4	0
gemstone	4.67	3
gender	3.33	143
genderless	2.2999999999999998	0
gene	3.59	743
genealogic	2.58	0
genealogical	2.25	3
genealogically	1.52	0
genealogist	3.65	4
genealogy	2.37	21
general	1.62	5885
generalist	2.4500000000000002	0
generality	1.5	4
generalization	1.93	9
generalize	1.76	4
generalized	1.72	4
generally	1.65	424
generalness	1.59	0
generalship	1.8	0
generate	2.23	124
generating	2.34	43
generation	1.96	619
generational	1.96	4
generative	2.63	1
generator	4.2300000000000004	290
generic	2.63	78
generically	1.8	2
generosity	1.84	171
generous	2.25	852
generously	2.1	47
generousness	2.15	0
genesis	2.31	102
genetic	2.73	385
genetically	2.38	91
geneticist	3.67	19
genetics	3.19	90
genial	2.04	10
geniality	1.85	1
genialness	1.81	0
genie	3.25	178
genital	4.1900000000000004	27
genitalia	4.6900000000000004	37
genitals	4.96	63
genius	3	1773
genocidal	1.76	9
genocide	2.34	62
genome	3.39	26
genotype	2.54	0
genre	2.37	54
gent	3.8	82
genteelness	1.67	0
gentile	2.68	26
gentility	1.88	6
gentle	2.5299999999999998	844
gentlefolk	3.11	2
gentleman	3.57	2135
gentlemanlike	2.5	3
gentlemanliness	1.86	1
gentlemanly	2.21	21
gentleness	2.2999999999999998	18
gentlepeople	3	0
gentlewoman	3.96	8
gentlewomanly	1.9	0
gently	2.0299999999999998	459
gents	3.32	150
genuine	2.0299999999999998	418
genuinely	1.79	98
genuineness	1.83	0
genus	3.09	15
geo	2.81	9
geocentric	2.58	0
geocentrically	2.35	0
geochemical	2.73	0
geochemist	3.67	0
geochemistry	2.42	0
geode	4.04	3
geographer	4.1100000000000003	5
geographic	3.21	67
geographical	2.92	31
geographically	2.0699999999999998	13
geography	3.11	117
geologic	3.28	3
geological	2.67	42
geologically	2.17	8
geologist	4.41	51
geology	2.9	47
geometer	3.71	0
geometric	3.4	23
geometrical	3	6
geometrically	2.78	5
geometrics	2.96	0
geometry	3	94
geophysicist	4.41	0
geophysics	3	1
geopolitical	2.54	8
geopolitically	1.73	0
geopolitics	1.85	4
geothermal	2.58	8
geothermic	2.77	0
geranium	4.76	8
gerbil	4.71	38
geriatric	2.93	27
geriatrics	2.42	9
germ	3.89	64
germfree	2.68	5
germicide	3.43	0
germinate	2.85	1
germination	3.42	1
germinator	3.43	2
germless	2.44	0
germproof	2.59	0
germs	3.63	154
germy	2.42	3
gestate	3.24	3
gestation	3.44	14
gestational	2.57	3
gesticulation	2.74	0
gesture	3	379
gesturer	3.46	0
get	2.38	233772
getaway	3.11	196
getting	2.0699999999999998	24719
getup	2.73	43
geyser	4.68	11
ghastliness	1.62	0
ghastly	2	106
ghetto	3.82	282
ghost	3.19	1866
ghostlike	2.14	1
ghostliness	2.08	0
ghostly	1.97	50
ghostwrite	2.75	1
ghostwriter	3.75	3
ghoul	2.7	52
ghoulish	2.23	12
ghoulishly	2.19	0
ghoulishness	2.1800000000000002	0
giant	4.3	1380
giantess	3.23	3
gibberish	2.33	95
giblet	4.62	5
giblets	4.58	14
giddily	2.11	3
giddiness	2.4300000000000002	4
giddy	2.17	91
gift	4.5599999999999996	3290
giftcard	4.59	0
gifted	1.85	229
giftedness	1.84	0
giftshop	4.5199999999999996	0
gig	2.89	571
gigabit	2.7	0
gigabyte	2.85	1
gigahertz	2.96	8
gigantic	2.57	190
gigantically	2.29	0
giganticness	2.83	0
gigantism	3.68	2
giggle	3.72	87
giggler	3.6	4
giggling	3.72	209
giggly	2.85	11
gigolo	3.07	83
gilded	3.57	35
gilding	3.91	6
gill	4.33	87
gilled	3.48	0
gills	4.55	61
gimmick	2.34	55
gimmicky	1.63	4
gimp	3.88	48
gimpy	2.75	19
gin	4.46	575
ginger	4.92	327
gingerbread	4.88	33
gingerly	1.76	1
gingerroot	4.58	1
gingersnap	4.76	1
gingery	2.54	0
gingivitis	4.03	10
gingko	4.18	12
ginseng	4.54	20
giraffe	4.7300000000000004	76
girdle	4.63	79
girl	4.8499999999999996	28413
girlfriend	4.25	3881
girlhood	2.93	3
girlie	2.93	159
girlish	2.21	23
girlishly	2.2599999999999998	0
girlishness	2.2999999999999998	1
girly	2.46	68
girth	3.48	22
gist	1.81	56
give	2.83	59559
giveaway	2.9	40
given	2.33	4851
giver	3.38	59
giving	2.15	5613
gizmo	3.61	83
gizzard	4.45	23
glacial	3.04	6
glacially	2.48	1
glacier	4.7	38
glaciered	3.83	0
glad	2.36	8740
glade	3.96	20
gladiator	4.82	40
gladly	1.81	257
gladness	1.96	16
glam	2.4300000000000002	17
glamorize	1.71	1
glamorous	2.52	151
glamorously	2	0
glamour	2.11	159
glance	3.48	175
glancing	3.1	21
gland	4.1399999999999997	77
glandular	2.8	13
glare	3.83	82
glaring	2.96	22
glaringly	2.0699999999999998	4
glass	4.82	3096
glassblower	4.33	1
glasses	4.9000000000000004	1689
glassful	3.68	3
glasshouse	4.42	1
glassiness	3.22	0
glassless	2.87	0
glasslike	3.04	0
glassmaker	4.42	0
glassmaking	4.26	2
glassware	4.59	7
glasswork	4.18	2
glassworker	4.45	0
glassworks	4.4400000000000004	0
glassy	3.71	18
glaucoma	4.2300000000000004	31
glaze	4	45
glazed	4.04	50
glazing	3.57	5
gleam	3.28	50
gleaming	2.52	36
glean	2.5	2
gleaning	2.36	3
glee	2.27	58
gleeful	2.59	7
gleefully	2.21	6
gleefulness	1.93	0
gleesome	1.89	0
glen	3.57	366
glide	3.93	120
glider	4.32	35
gliding	3.62	31
glidingly	2.54	0
glimmer	3.26	40
glimmering	3.4	5
glimpse	3.08	171
glisten	3.52	22
glistening	3.55	28
glisteningly	3.12	0
glitch	3.03	103
glitter	4.43	104
glittering	3.93	16
glittery	3.3	6
glitz	3	6
glitzy	2.97	5
gloat	2.2999999999999998	80
gloater	2.82	3
gloating	2.5	44
gloatingly	1.92	0
glob	4.07	6
global	2.93	321
globalist	2.29	0
globalization	2.13	14
globally	2.83	11
globe	4.59	266
globetrotter	3.63	8
globetrotting	3.03	1
globular	3.43	6
globularity	1.81	0
gloom	1.86	59
gloomily	2.09	0
gloominess	2.15	0
glooming	1.95	2
gloomy	2.52	123
glop	3.68	2
glorification	1.3	3
glorified	1.76	62
glorifier	2.0699999999999998	0
glorify	2.1	19
glorious	1.85	474
gloriously	1.96	13
gloriousness	2.14	0
glory	1.45	1096
glorying	2.48	1
gloss	3.8	74
glossary	4.1900000000000004	2
glossed	3.45	3
glossily	2.88	0
glossiness	3.46	0
glossless	2.41	1
glossy	3.48	24
glove	4.97	515
gloved	3.85	8
gloveless	4.04	0
glow	3.65	293
glower	2.61	0
glowering	1.75	1
gloweringly	2.12	0
glowing	4.2	180
glowingly	1.9	0
glowworm	4.93	2
glucose	3.96	73
glue	4.6500000000000004	300
glued	3.46	115
glum	2.11	52
glumly	2.16	0
glumness	1.5	0
gluten	3.65	8
glutinous	2.62	1
glutinously	1.96	0
glutton	3.16	31
gluttonous	2.15	6
gluttonously	1.93	0
gluttonousness	2.2200000000000002	0
gluttony	2.96	18
glycemic	2.2599999999999998	0
glycerin	4.41	7
glycerine	4	2
glycerol	4.38	2
gnarl	3.13	0
gnarled	3.37	3
gnarly	2.29	54
gnat	4.83	22
gnaw	3.86	19
gnawing	4.08	21
gnawingly	2.11	0
gnome	4.59	32
gnomish	2.3199999999999998	0
go	3.15	193445
goal	3.06	854
goalie	4.4800000000000004	73
goalkeeper	4.5	16
goalkeeping	3.61	1
goalpost	4.96	13
goaltender	4.68	5
goaltending	3.73	1
goat	5	537
goatee	4.8899999999999997	54
goatishness	1.96	0
goatskin	4.8	3
gobble	3.37	120
gobbler	3.88	16
goblet	4.6500000000000004	19
goblin	4.38	48
god	2.0699999999999998	46061
godchild	3.65	2
goddamn	1.43	5815
goddamned	1.44	249
goddaughter	3.72	15
goddess	2.63	447
godfather	4.1399999999999997	278
godforsaken	1.61	75
godless	1.54	42
godlessly	1.58	0
godlessness	1.68	5
godlike	2.3199999999999998	21
godliness	1.41	17
godly	1.69	15
godmother	3.72	82
godparent	4	4
godsend	1.54	45
godson	3.72	48
goes	2.19	11081
gofer	3.82	16
goggle	4.42	27
goggled	3.39	0
goggles	4.93	107
going	2.69	108288
gokart	4.83	0
gold	4.8099999999999996	4026
golden	3.12	1187
goldenly	2.2799999999999998	0
goldenness	2.75	0
goldenrod	4.4400000000000004	6
goldfish	4.79	155
goldilocks	3.41	34
goldmine	3.8	14
goldsmith	4.7300000000000004	17
golf	4.5199999999999996	1302
golfer	4.71	56
golfing	4.3	79
goliath	3.07	139
gonad	4.5599999999999996	11
gondola	4.92	37
gone	2.04	15135
goner	2.12	78
gong	4.7	124
gonorrhea	3.92	30
goo	3.54	109
good	1.64	133117
goodbye	3	5942
goodhearted	1.71	3
goodheartedly	1.68	0
goodie	2.64	25
goodliness	1.76	0
goodness	1.38	1655
goodnight	2.29	822
goods	4.26	628
goodwife	2.96	0
goodwill	2.54	167
goody	2.04	181
gooey	3.64	39
goof	2.54	113
goofball	3.18	28
goofily	1.96	0
goofiness	2	2
goofy	2.62	266
google	3.48	43
goon	3.3	116
goop	4.3099999999999996	35
goose	4.8099999999999996	665
gooseberry	4.7	14
goosebumps	4.72	12
gooseneck	3.79	1
gopher	4.67	72
gore	3.41	55
gorge	4.1500000000000004	67
gorged	2.96	3
gorgeous	2.25	1227
gorgeously	2.14	3
gorgeousness	2.44	8
gorilla	4.97	283
goriness	3.2	0
goring	3.13	36
gory	2.8	37
gosh	1.35	1525
gosling	4.24	9
gospel	3.82	160
gossip	3	397
gossiper	3.35	0
gossiping	2.69	38
gossipingly	2	0
gossipy	2.04	4
got	1.93	168631
gothic	2.83	48
gotten	2.61	2768
gouge	3.2	35
goulash	4.2	41
gourd	4.8600000000000003	24
gourmet	3.07	111
gout	3.79	71
govern	2.21	62
governability	1.69	0
governable	2	0
governance	2.11	5
governess	3.89	54
governing	2.21	28
government	2.88	3327
governmental	2.27	28
governmentally	2.14	2
governor	4.07	1369
governorship	2.48	5
gown	4.6100000000000003	334
grab	3.52	3614
grabber	3.84	12
grace	1.78	2157
graceful	2.37	118
gracefully	2.2999999999999998	66
gracefulness	1.86	1
graceless	1.93	6
gracelessly	2.17	0
gracelessness	1.93	0
gracious	2.17	365
graciously	1.83	61
graciousness	1.71	10
grad	3.96	148
gradable	2.19	0
gradation	2.5299999999999998	1
grade	3	1493
graded	2.93	37
grader	3.37	44
gradient	3.44	9
grading	2.67	44
gradual	1.9	38
gradualism	1.74	0
gradualist	2.17	0
gradually	2.87	100
gradualness	2.08	0
graduate	3.07	623
graduated	2.76	395
graduating	2.54	128
graduation	3.79	500
graffiti	4.7300000000000004	103
graft	3.4	84
grafted	3.3	10
grafting	3.04	8
grail	4.2300000000000004	137
grain	4.8	243
grained	3.07	1
graininess	3.77	0
grainy	3.16	10
gram	4	132
grammar	3.19	122
grammarless	2.31	0
grammatical	2.33	6
grammatically	2.11	9
gramophone	4.78	16
grand	1.67	3214
grandbaby	4.09	10
grandchild	4.26	78
granddad	4.33	114
granddaddy	4.74	117
granddaughter	4.37	330
grandeur	2	37
grandfather	4.8600000000000003	1241
grandfatherly	2.19	0
grandiose	2.38	21
grandiosely	2.54	0
grandiosity	1.48	2
grandkid	4.4400000000000004	0
grandly	1.82	2
grandma	4.54	2325
grandmamma	4.7	10
grandmaster	3.54	21
grandmother	4.6500000000000004	1417
grandmotherly	2.0699999999999998	0
grandnephew	4.6900000000000004	2
grandness	1.96	0
grandniece	4.54	2
grandpa	4.3899999999999997	1661
grandparent	4.03	13
grandparental	2.64	0
grandson	4.3	407
grandstand	4.03	31
granduncle	3.63	0
granite	5	81
graniteware	4.4800000000000004	0
granny	4.24	430
granola	4.8499999999999996	30
grant	3.53	1660
grantable	1.8	0
granter	3.7	0
granular	3.36	2
granularity	2.39	0
granulated	3.72	2
granulation	3.04	0
granulator	3.89	0
grape	5	204
grapefruit	4.96	126
grapelike	3.21	0
grapevine	4.6900000000000004	47
graph	4.66	38
graphic	3.2	119
graphical	2.97	2
graphically	2.46	6
graphics	4.59	77
graphite	4.58	21
graphologist	3.5	1
grapple	2.86	12
grappler	3.93	2
grappling	3.12	29
grasp	3.63	233
graspable	2.84	0
grasping	3.26	38
grass	4.93	856
grasshopper	4.91	47
grassiness	3.15	0
grassland	4.5999999999999996	5
grassless	4.04	0
grassroots	2.63	15
grassy	4.32	32
grate	4.82	52
grateful	1.78	1355
gratefully	1.57	16
gratefulness	2.17	2
grater	4.5199999999999996	7
gratification	1.78	42
gratified	2	15
gratifier	2.62	0
gratify	2.2599999999999998	8
gratifying	2.08	55
gratifyingly	2.04	1
grating	3.07	16
gratitude	2.56	395
gratuitous	2.13	18
gratuitously	1.8	1
gratuitousness	1.81	0
gratuity	3.27	16
grave	4.5599999999999996	1340
gravedigger	4.54	15
gravel	5	73
gravelly	2.04	1
gravely	2.04	64
graven	2.2400000000000002	6
graveness	2	0
graves	4.8899999999999997	304
graveside	4.33	6
gravestone	4.72	17
graveyard	4.83	272
gravitate	2.4700000000000002	7
gravitation	2.54	1
gravitational	2.79	57
gravitationally	2.19	0
gravity	2.86	351
gravy	4.97	269
gray	3.46	1077
grayfish	4.42	0
grayish	3.39	5
grayness	2.88	1
graze	3.52	39
grazer	3.46	16
grazing	3.54	58
grease	4.6100000000000003	354
greased	3.93	68
greaseless	2.79	0
greaseproof	3.04	0
greasily	2.86	0
greasiness	3.73	3
greasy	3.82	199
great	1.81	41864
greater	2.35	819
greathearted	1.75	0
greatly	1.89	217
greatness	1.69	213
greed	1.53	245
greedily	2.2999999999999998	2
greediness	2	0
greedless	1.87	0
greedy	2.64	338
green	4.07	3696
greenback	4.05	1
greenbelt	4.08	0
greener	3.5	55
greenery	4.34	7
greengrocery	4.5199999999999996	0
greenhouse	4.76	112
greenish	3.1	8
greenness	2.96	2
greenroom	4.24	2
greens	4.0999999999999996	109
greet	2.96	268
greeter	4.21	3
greeting	3.62	164
gregarious	1.82	2
gregariously	1.82	0
gregariousness	2.27	0
gremlin	4.04	11
grenade	4.9000000000000004	235
grenadine	4.1900000000000004	10
grew	3.52	1493
grey	4.1100000000000003	469
greyhound	5	46
grid	4.55	282
griddle	4.38	18
griddlecake	4.6900000000000004	0
griddlecakes	4.88	2
gridiron	3.92	3
gridlock	3.19	14
grief	2.7	552
griefless	1.59	0
grievance	2.19	46
grieve	2.41	112
grieved	2.46	29
griever	3.88	0
grieving	2.2799999999999998	139
grievingly	2.0699999999999998	0
grievous	1.88	53
grievously	1.79	6
grievousness	2.08	0
griffin	3.73	707
grill	4.8600000000000003	227
grille	4.04	18
grilled	4.2300000000000004	114
griller	3.84	0
grillroom	4.54	0
grillwork	4.32	2
grim	1.82	244
grimace	3.46	17
grimacer	2.92	0
grimacing	3.62	2
grime	3.85	21
grimily	2.36	0
griminess	2.48	0
grimly	2.08	7
grimness	1.56	0
grimy	2.86	26
grin	4.17	138
grinch	2.4500000000000002	133
grind	3.97	190
grinder	4.12	65
grinding	4.0999999999999996	106
grindingly	3.26	2
grindstone	4.4800000000000004	23
grinner	3.33	0
grinning	4.17	74
grinningly	2.77	0
grip	4.3	494
gripe	2.15	40
griper	2.72	0
griping	2.82	26
gripper	3.43	7
gripping	3.3	26
grippingly	2.04	1
grisliness	1.88	0
grisly	2.5099999999999998	46
gristle	4.41	11
grit	3.33	48
gritless	2.3199999999999998	0
grits	4.74	81
grittily	2.14	0
grittiness	3	0
gritty	2.97	23
grizzled	2.8	5
grizzly	3.17	95
groan	4.09	47
groaner	3.21	0
groaning	3.61	188
groaningly	2.0699999999999998	0
grocer	4.3	35
groceries	4.74	301
grocery	4.3099999999999996	280
groggily	2.1	1
grogginess	2.85	0
groggy	2.81	46
groin	4.58	92
groom	4.54	399
groomer	4.41	6
groomsman	4.45	14
groove	3.79	212
grooving	2.76	16
groovy	1.68	193
grope	3.78	31
groper	3.68	1
groping	4.1900000000000004	45
gropingly	2.54	0
gross	2.96	779
grossly	2.12	28
grossness	2.38	4
grotesque	2.76	80
grotesquely	2.19	12
grotesqueness	2.4500000000000002	0
grotto	4.21	34
grouch	2.73	24
grouchily	2.21	0
grouchiness	2.62	0
grouchy	2.52	44
ground	4.7699999999999996	3696
groundball	4.13	0
groundcover	4.32	0
grounded	2.0699999999999998	397
groundhog	4.93	76
grounding	2.56	28
groundless	1.7	12
groundlessly	1.6	0
groundlessness	1.78	0
grounds	4.43	533
groundsheet	4.28	1
groundskeeper	4.38	18
groundsman	4.1900000000000004	1
groundswell	2.92	4
groundwater	4.37	4
groundwork	2.82	23
group	4.12	3762
grouped	2.89	7
groupie	3.92	68
grouping	3.14	20
grout	4.68	19
grouts	3.83	0
grove	4.76	197
grovel	3	61
groveling	2.87	37
grow	3.03	3034
grower	4	10
growing	2.89	1527
growingly	2.15	0
growl	4.3	50
growler	3.56	3
growling	3.82	230
growlingly	2.83	0
grown	3.2	1275
grownup	2.82	71
growth	2.89	329
grub	3.86	139
grubbiness	2.78	1
grubby	3.04	29
grudge	2.14	226
grudging	2.2400000000000002	5
grudgingly	1.63	0
gruel	3.93	23
grueling	1.77	34
gruesome	2.72	104
gruesomely	2.11	0
gruesomeness	2.33	1
gruff	2.41	28
gruffly	2.12	0
gruffness	2.17	0
grumble	2.96	9
grumbler	2.88	2
grumbling	3.55	13
grumblingly	2.19	0
grumbly	2.2799999999999998	0
grump	2.72	17
grumpily	2.1800000000000002	0
grumpiness	2.52	0
grumpy	2.41	120
grunge	3.22	18
grungy	2.68	12
grunt	3.56	113
grunter	3.27	0
grunting	3.21	259
gruntingly	2	0
guacamole	4.8899999999999997	56
guarantee	1.96	1123
guard	4.04	2968
guardable	2.58	0
guarded	2.72	167
guardedly	1.96	0
guardedness	1.81	0
guarder	3.65	1
guardhouse	4.67	36
guardian	3.28	358
guardianship	2.68	25
guarding	3.07	189
guardrail	5	14
guardroom	4.1900000000000004	10
guardsman	4.6399999999999997	8
guava	4.8600000000000003	13
guerrilla	4.24	55
guess	2.2799999999999998	23153
guessable	1.74	0
guesser	3.14	20
guessing	2.85	546
guesstimate	1.96	4
guesswork	2.04	22
guest	3.83	2037
guestbook	4.68	0
guesthouse	4.53	38
guestless	2.88	0
guestlist	4.1500000000000004	0
guestroom	4.4400000000000004	4
guidable	2.14	0
guidance	2.46	376
guide	3.7	910
guidebook	4.83	35
guideless	2.27	0
guideline	3.93	14
guidepost	4.21	2
guider	3.38	1
guiding	2.54	106
guild	2.96	103
guildsman	3.18	0
guile	1.88	52
guileful	1.83	0
guilefulness	1.5	0
guileless	1.65	3
guilelessly	1.62	0
guillotine	4.6399999999999997	42
guilt	1.93	760
guiltily	1.96	0
guiltiness	1.73	1
guiltless	1.63	7
guiltlessly	1.73	0
guiltlessness	1.41	0
guilty	2.36	3177
guinea	3.7	227
guise	2.52	28
guitar	4.9000000000000004	795
guitarist	4.58	36
gulf	4.08	241
gull	4.08	56
gullibility	1.48	4
gullible	1.78	64
gullibly	1.64	0
gully	4.33	47
gulp	4.1900000000000004	50
gulping	4.07	9
gum	4.8899999999999997	683
gumball	4.79	9
gumbo	4.3899999999999997	45
gumdrop	4.9000000000000004	8
gummed	3.64	4
gumminess	3.07	1
gumming	3.27	7
gummy	3.7	38
gumption	1.74	24
gumshoe	3.88	18
gun	4.83	10873
gunboat	4.3600000000000003	32
gunfight	4.5199999999999996	58
gunfighter	4.34	72
gunfire	4.66	266
gunk	3.46	24
gunlock	4.1500000000000004	0
gunman	4.4800000000000004	106
gunmanship	2.71	0
gunmetal	4.2699999999999996	2
gunner	4.3499999999999996	120
gunnery	3.04	45
gunning	2.88	63
gunnysack	4.5199999999999996	5
gunplay	3.39	21
gunpoint	3.48	57
gunpowder	4.79	85
gunshot	4.93	520
gunslinger	4	21
gunsmith	4.7	15
gunstock	4.58	0
guppy	4.88	18
gurgle	4.3099999999999996	12
gurgling	4.2699999999999996	28
gurney	4.68	127
guru	3.6	78
gush	3.38	36
gusher	3.56	20
gushiness	2.54	0
gushing	3.32	33
gushingly	2.0299999999999998	0
gushy	2.54	7
gust	3.85	24
gustily	2.35	1
gusto	2.25	46
gusty	3.12	5
gut	4.1500000000000004	497
gutless	1.75	53
gutlessness	1.72	1
guts	3.85	1211
gutsy	1.69	34
gutter	4.8499999999999996	267
guttural	2.46	8
guy	4.68	38893
guzzle	3.36	12
guzzler	3.07	71
gym	4.83	927
gymnasium	4.8099999999999996	71
gymnast	4.8499999999999996	30
gymnastic	3.83	3
gymnastics	4.04	78
gynecologic	2.69	0
gynecological	2.93	1
gynecologist	4.3899999999999997	72
gynecology	3.5	8
gypsy	4.45	338
gyrate	3.75	4
gyration	3.56	1
gyrator	3.45	0
gyro	4.46	16
gyroscope	4.25	9
habilitation	2.7	0
habit	2.76	738
habitability	2.1800000000000002	3
habitable	2.21	10
habitant	3.59	1
habitat	3.9	114
habitation	3.08	11
habitual	2	26
habitually	2.15	9
habitualness	1.69	0
habituation	2.54	0
hacienda	4.26	32
hack	3.1	436
hacked	2.62	215
hacker	3.74	108
hacking	3.62	85
hacksaw	4.96	23
had	1.77	85472
haemorrhage	4.22	14
hag	3.68	91
haggard	2.64	56
haggardly	2	0
haggardness	1.92	0
haggle	2.93	37
haggler	3.67	0
haiku	3.58	24
hail	4.32	613
hailstone	4.57	2
hailstorm	4.66	10
hair	4.97	7831
hairball	4.79	30
hairbrush	4.75	37
haircut	4.7699999999999996	429
haircutter	4.6900000000000004	0
haircutting	4.2699999999999996	1
hairdo	4.07	66
hairdress	3.93	1
hairdresser	4.79	126
hairdressing	4.07	17
hairdryer	4.97	11
haired	3.88	12
hairiness	4.21	0
hairless	4.5199999999999996	30
hairlessness	3.7	0
hairline	4.46	62
hairnet	4.96	12
hairpiece	4.82	19
hairpin	4.83	18
hairsplitter	1.79	0
hairsplitting	2.0699999999999998	3
hairspray	4.8899999999999997	38
hairstyle	3.9	35
hairstylist	4.79	7
hairy	4.4800000000000004	322
half	3.27	10156
halfback	4	27
halfcocked	2.96	4
halfhearted	1.58	0
halfheartedly	1.96	0
halfpenny	3.92	3
halftime	2.58	68
halftone	2.88	0
halftrack	2.87	2
halfway	3.07	678
halfwit	3.04	4
halitosis	3.61	13
hall	4.67	2649
hallelujah	1.67	476
hallmark	2.89	65
hallmarked	2.33	0
hallow	2.23	9
hallowed	1.86	117
hallowedness	1.28	0
halloween	3.21	665
hallucinate	2.52	15
hallucination	2.14	91
hallucinatory	1.88	7
hallucinogen	3.16	12
hallucinogenic	2.76	17
hallway	4.74	487
halo	4.03	82
halogen	4.07	2
halt	3.38	575
halter	3.5	26
halting	2.9	7
haltingly	2.14	2
haltingness	1.82	0
halve	3.81	7
halved	3.65	2
halves	3.93	56
ham	4.9000000000000004	591
hamburger	5	397
hamlet	3.58	236
hammer	4.7699999999999996	636
hammerer	4.16	0
hammerhead	4.28	26
hammering	3.85	80
hammock	4.8899999999999997	71
hammy	2.41	34
hamper	4.21	72
hamster	4.8600000000000003	109
hamstring	4.72	10
hand	4.72	14262
handbag	4.93	134
handball	4.4800000000000004	28
handbarrow	3.7	0
handbook	4.6399999999999997	52
handbrake	4.6900000000000004	9
handcart	4.67	4
handclap	4.28	6
handclasp	4.22	3
handcraft	3.45	3
handcrafted	3.27	11
handcuff	4.79	52
handed	3.26	473
handedness	2.59	3
handful	3.48	291
handgrenade	4.78	0
handgrip	4.29	0
handgun	5	66
handheld	3.93	20
handhold	3.91	3
handicap	3.07	139
handicapped	3.66	136
handicapping	2.76	8
handicraft	3.73	1
handily	2.08	5
handiness	2.27	0
handiwork	3.11	38
handkerchief	5	214
handle	4.57	5529
handlebar	4.76	10
handled	3.11	652
handler	3.21	140
handless	3.73	0
handling	3	579
handmade	4.25	46
handmaid	4	5
handmaiden	4.6399999999999997	10
handoff	3.03	12
handout	3.52	43
handover	3	4
handpainted	3.91	0
handpick	3.11	5
handprint	4.97	32
handrail	4.72	6
handsaw	5	5
handset	4.38	13
handsfree	3.62	0
handshake	4.5199999999999996	155
handshaking	4.34	4
handsome	2.63	1684
handsomely	2.0699999999999998	37
handsomeness	2.2999999999999998	2
handspring	3.78	8
handstand	4.57	7
handwash	4.12	0
handwork	3.66	1
handwoven	4.29	4
handwrite	3.85	0
handwriting	4.59	301
handwritten	4.07	17
handy	1.88	623
handyman	4.12	93
hang	3.7	7535
hangar	4.5	173
hanger	4.8099999999999996	69
hangglider	4.71	0
hanging	4.03	2735
hangman	4.46	66
hangnail	4.71	15
hangout	3.92	38
hangover	3.57	199
hangup	2.2400000000000002	1
hanker	2.39	11
hankering	2.19	33
hankie	4.76	21
hanky	4.76	42
haphazard	2.48	10
haphazardly	2.21	1
haphazardness	1.92	0
hapless	1.74	20
haplessly	1.68	0
happen	1.78	12968
happening	2.1	4618
happenstance	1.54	8
happier	2.14	637
happiest	2.0299999999999998	328
happily	1.96	521
happiness	2.6	1249
happy	2.56	16993
harass	2.67	68
harasser	3.58	3
harassingly	1.85	0
harassment	2.58	300
harbor	4.57	562
harbormaster	4.5	8
hard	3.76	15700
hardball	3.08	53
hardboiled	3.92	3
hardbound	4.04	0
hardcopy	4.6100000000000003	1
hardcore	2.4	156
hardcover	4.6900000000000004	8
harddisk	4.76	0
harden	3.36	28
hardened	2.63	58
hardener	3	0
hardening	2.96	13
harder	2	1544
hardhat	4.7699999999999996	2
hardhead	2.54	11
hardheaded	2.37	24
hardheadedly	1.88	0
hardheadedness	1.52	0
hardhearted	1.67	3
hardheartedly	1.77	0
hardheartedness	1.85	0
hardily	2.0699999999999998	2
hardiness	2.1800000000000002	0
hardline	2.54	2
hardly	1.62	2613
hardness	3.34	13
hardship	1.79	77
hardtop	4.3	18
hardware	4.62	348
hardwired	3.63	6
hardwood	4.4000000000000004	33
hardworking	2.48	77
hardy	2.2200000000000002	188
hare	4.88	195
harebrain	2.0499999999999998	1
harebrained	1.56	23
harem	4.38	45
hark	2.38	86
harlequin	3.48	17
harlot	3.63	40
harlotry	2.2200000000000002	0
harm	2.62	1621
harmful	2.19	66
harmfully	1.96	0
harmfulness	1.88	0
harmless	1.9	441
harmlessly	1.86	4
harmlessness	2.0699999999999998	0
harmonic	3.07	11
harmonica	4.9000000000000004	89
harmonically	2.56	0
harmonics	2.63	11
harmonious	2.04	20
harmoniously	1.83	7
harmoniousness	1.77	0
harmonist	3.67	0
harmonistically	2.21	0
harmonization	2.82	0
harmonize	3.07	5
harmonizer	2.85	1
harmony	2.46	419
harness	4.1399999999999997	133
harp	4.8499999999999996	134
harpist	4.08	2
harpoon	4.67	44
harpooner	4.3899999999999997	3
harpsichord	4.67	11
harpsichordist	4.5	0
harrassment	2.65	0
harrowing	2.37	27
harrowingly	1.58	1
harsh	2.23	362
harshly	2.21	32
harshness	2.19	7
harvest	4	195
harvester	4.21	11
harvestless	2.52	0
harvestman	4.42	0
hash	4.0999999999999996	180
hashish	4.33	23
hassle	2.1800000000000002	133
haste	2.29	106
hasten	2.2200000000000002	37
hastily	2.31	38
hastiness	2	1
hasty	2.7	179
hat	4.88	3273
hatband	4.38	1
hatbox	4.8600000000000003	9
hatch	4.46	654
hatchback	4.4800000000000004	8
hatchery	4.22	7
hatchet	4.93	100
hatching	3.41	25
hatchling	4.53	3
hatchway	3.96	4
hate	1.97	10944
hateful	2.0699999999999998	102
hatefully	1.93	0
hatefulness	1.62	1
hater	2.21	32
hatless	3.56	2
hatred	2	276
haughtily	1.92	0
haughtiness	1.44	0
haughty	1.67	21
haul	3.81	361
hauler	4.33	3
haunch	3.23	4
haunt	2.0299999999999998	182
haunter	2.96	0
hauntingly	1.89	3
have	2.1800000000000002	314232
haven	3.38	18844
havoc	2.1800000000000002	69
hawk	4.93	650
hawking	2.67	43
hay	4.87	325
hayfield	4.8499999999999996	1
hayfork	4.8899999999999997	0
hayloft	4.47	12
haymaker	4.1900000000000004	3
hayride	3.93	36
hayseed	4	16
haystack	4.87	70
haywire	2.5	64
hazard	3.67	197
hazardless	2.2799999999999998	0
hazardous	3.1	94
hazardously	2.3199999999999998	0
hazardousness	2.61	0
haze	4.04	77
hazel	3.7	55
hazelnut	4.5999999999999996	9
hazily	2.08	0
haziness	3.56	0
hazing	2.87	53
hazmat	3.81	41
hazy	3.15	41
he	3.93	389497
head	4.75	18947
headache	3.9	719
headachy	2.77	2
headband	5	21
headboard	4.6500000000000004	15
headcheese	4.26	1
headcount	3.85	4
headdress	4.71	15
headed	2.67	1570
header	3.93	25
headfirst	3.83	16
headgear	4.83	16
headhunter	4.24	9
headily	1.57	0
headiness	2.2200000000000002	0
heading	3.1	1707
headlamp	4.66	0
headless	4.42	67
headlight	4.97	37
headline	4.04	132
headliner	3.72	22
headlock	4.21	20
headlong	2	20
headman	3.74	15
headmaster	4.12	112
headmastership	2.58	1
headmistress	4.5599999999999996	16
headphone	4.93	8
headphones	4.79	80
headpiece	4.8	16
headquarter	3.83	24
headquarters	4.1399999999999997	839
headrest	4.8	6
headroom	3.58	3
heads	4.63	2177
headscarf	4.8499999999999996	0
headset	4.83	42
headshake	3.54	0
headship	2.74	0
headshot	4	0
headshrinker	3	12
headsman	3.65	8
headspace	2.83	1
headstand	4.75	3
headstone	4.3899999999999997	51
headstrong	2.14	46
headstrongness	1.8	0
headteacher	3.69	0
headwaiter	4.43	15
headway	2.2999999999999998	33
headwear	4.75	2
headwind	3.29	6
headwork	2.36	1
headworker	3.65	0
heady	1.59	20
heal	3.03	578
healable	2.2200000000000002	0
healer	3.52	84
healing	2.76	326
health	2.2799999999999998	2054
healthcare	3.24	29
healthful	2.89	10
healthfully	1.41	0
healthily	2.4	1
healthiness	2.0699999999999998	0
healthy	3.31	1262
heap	3.9	249
heaps	3.42	26
hear	3.66	28323
hearable	2.4	0
hearing	3.18	2281
hearsay	1.82	78
hearse	4.8499999999999996	81
heart	4.5199999999999996	12453
heartache	2.2000000000000002	74
heartbeat	4.08	284
heartbreak	2.15	112
heartbreaker	2.14	32
heartbreaking	2.04	61
heartbreakingly	1.96	2
heartbroken	2.37	93
heartbrokenly	1.46	0
heartbrokenness	1.78	0
heartburn	3.39	38
heartburning	3.74	0
heartedly	1.56	3
hearten	2.04	0
heartening	2.08	2
heartfelt	1.89	72
hearth	4.38	34
hearthside	3.89	0
hearthstone	4.5199999999999996	0
heartily	2.27	39
heartiness	2.2400000000000002	0
heartland	2.31	28
heartless	1.79	179
heartlessly	1.66	4
heartlessness	1.93	1
hearts	4.4800000000000004	1172
heartsick	1.93	14
heartsickness	2.14	0
heartstring	2.3199999999999998	3
heartthrob	3.32	19
heartwarming	1.52	19
heartworm	4.1500000000000004	1
hearty	2.5499999999999998	99
heat	3.79	2044
heatedly	2.25	1
heater	4.8	139
heathen	3.04	81
heathenism	1.67	1
heather	3.72	558
heating	3.34	137
heatless	2.79	0
heatproof	2.96	0
heatstroke	3.28	8
heatwave	3.39	5
heave	3.67	186
heaven	1.81	2887
heavenliness	1.7	0
heavenly	1.5	282
heavens	2.57	677
heavenwards	2.57	0
heavily	3.15	312
heaviness	2.89	11
heaving	3.32	31
heavy	3.37	2412
heavyhearted	2	0
heavyheartedness	1.93	0
heavyset	3.46	10
heavyweight	3.52	178
heckle	3.23	16
heckler	3.79	15
hectic	1.96	94
hedge	4.54	79
hedgehog	4.93	15
hedging	2.71	17
hedgy	2.4500000000000002	0
hedonistic	2.36	5
heed	1.93	92
heedful	1.4	1
heedfulness	1.96	0
heedless	1.89	3
heedlessly	1.5	1
heedlessness	2.12	0
heehaw	2.91	1
heel	4.8600000000000003	377
heelless	2.88	0
heft	2.72	10
heftily	2	0
heftiness	2.83	0
hefty	3.07	62
heifer	4.22	61
height	3.86	476
heighten	2.52	9
heightened	2.38	43
heightener	2.62	0
heinous	1.71	82
heinously	1.86	4
heinousness	1.91	1
heir	3.21	266
heiress	3.89	58
heirless	3	0
heirloom	3.73	43
heist	3.3	160
helicopter	4.62	806
heliocentric	2.6	0
heliport	4.7	21
helium	3.96	73
hell	2.41	24012
hellacious	1.6	0
hellfire	2.52	39
hellhole	3	78
hellhound	3.28	3
hellish	2.16	39
hellishly	2.17	3
hellishness	1.82	0
hello	2.8	29857
helm	3.88	273
helmet	4.92	483
helmeted	4.58	1
helmless	2.91	0
helmsman	4.28	26
help	2.56	46977
helpdesk	4.04	0
helper	3.39	103
helpful	1.76	619
helpfully	1.75	1
helpfulness	1.83	0
helping	2.5299999999999998	2588
helpingly	1.76	0
helpless	2.0699999999999998	568
helplessly	1.92	16
helplessness	2	12
helpline	3.23	1
hem	4.43	42
hematologist	4.4400000000000004	1
hematoma	3.33	57
hemisphere	3.58	76
hemispherical	3	0
hemline	4.4400000000000004	10
hemlock	4.88	32
hemoglobin	4.08	28
hemophilia	3.22	2
hemophiliac	3.38	0
hemophilic	3.14	0
hemorrhage	3.59	87
hemorrhoid	4.68	18
hemp	4.8499999999999996	17
hempseed	4.78	0
hemstitch	4.4400000000000004	0
hen	4.9000000000000004	163
hence	1.41	247
henceforth	1.79	51
henceforward	1.62	2
henchman	4.08	17
henhouse	4.7	20
henna	4.1500000000000004	11
hepatitis	3.96	79
heptagon	4.26	0
her	3	144627
herald	2.87	132
herb	4.57	254
herbal	3.57	82
herbalist	3.54	6
herbicidal	3.18	0
herbicide	4.0999999999999996	0
herbivore	4.08	6
herbivorous	2.7	1
herbs	4.79	141
herculean	2	7
herd	4.1100000000000003	360
herder	3.96	38
herding	3.72	17
herdsman	4.1100000000000003	1
herdswoman	3.97	0
here	3.13	230788
hereabout	2.12	1
hereafter	1.64	69
hereby	1.68	325
hereditarianism	2	0
hereditarily	2.36	0
hereditary	2	60
heredity	1.81	13
herein	1.89	21
hereinafter	1.69	3
heresy	2.04	51
heretic	3.23	30
heretical	1.83	9
heretically	1.81	0
hereupon	1.38	0
herewith	1.26	18
heritage	2.34	129
hermaphrodite	4.42	15
hermit	4.29	60
hernia	3.58	91
herniated	2.75	9
hero	3.07	2542
heroic	1.85	234
heroically	1.83	14
heroics	2.38	34
heroin	4.57	501
heroine	4.21	74
heroism	2.67	56
heron	4.38	14
herpes	3.88	66
herring	4.68	152
herringbone	4.07	4
hers	2.61	802
herself	3	2675
hertz	2.63	32
hesitance	1.69	1
hesitancy	2.0699999999999998	2
hesitant	1.88	21
hesitantly	2.0699999999999998	4
hesitate	2.46	279
hesitating	2.54	21
hesitatingly	2.04	0
hesitation	2.59	94
hesitative	2.15	0
hetero	2.52	20
heterogeneous	2.59	2
heterogenic	1.91	0
heterosexual	3	88
heterosexuality	2.63	11
hex	2.16	66
hexadecimal	3.36	0
hexagon	4.5199999999999996	4
hexagonal	3.97	5
hexagonally	3	0
hexagram	4.07	0
hey	1.63	88079
heyday	1.52	8
hi	2.67	28464
hiatus	2.0699999999999998	20
hibachi	4.1399999999999997	7
hibernate	2.92	10
hibernation	3.26	30
hibernator	3.52	0
hibiscus	4.4800000000000004	5
hiccup	4.3099999999999996	27
hick	3.45	102
hickey	4.55	70
hickory	4.34	69
hidden	3.04	1085
hide	3.21	3554
hideaway	3.56	52
hideous	2.61	274
hideously	2.29	30
hideousness	1.76	4
hideout	3.83	80
hierarchal	2.12	0
hierarchical	2.2200000000000002	5
hierarchically	1.78	0
hierarchism	2.2999999999999998	0
hierarchy	2.59	32
hierocracy	2	0
hieroglyph	4.17	1
hieroglyphic	4.07	7
hieroglyphics	4.08	22
high	3.46	9945
highball	4.08	34
highbred	2.61	0
highbrow	2.42	17
highchair	4.83	8
higher	2.93	1420
highest	2.72	646
highfaluting	1.82	0
highflier	2.85	1
highflying	2.86	0
highhanded	2	5
highhandedly	1.86	0
highhandedness	1.73	0
highjack	3.52	1
highland	3.86	81
highlander	3.43	12
highlife	2.12	2
highlight	3.11	79
highlighter	4.7699999999999996	6
highly	2.19	1081
highness	2.44	807
highroad	2.59	1
highschool	4.7300000000000004	9
hightail	2.29	25
highway	4.72	911
highwayman	3.62	16
hijack	3.33	79
hijacker	4.03	26
hijacking	3.43	73
hike	4.1399999999999997	333
hiker	4.53	14
hilarious	2.39	295
hilariously	2.0699999999999998	3
hilariousness	2.12	0
hilarity	1.69	7
hill	4.93	1915
hillbilly	4.18	104
hilliness	3.12	0
hillside	4.78	62
hilltop	4.76	28
hilly	3.88	62
him	3.54	177710
himself	3.5	7168
hind	3.96	125
hinder	2.78	37
hinderer	3.24	0
hindquarter	4.37	0
hindrance	2.0699999999999998	14
hindsight	2.0699999999999998	46
hindu	3.5	52
hinge	4.57	29
hint	2.33	469
hip	4.21	786
hipbone	4.9000000000000004	2
hipness	1.76	1
hippie	4.07	139
hippo	4.93	72
hippopotamus	4.93	28
hippy	3.37	47
hipshot	3.16	0
hipster	3.59	12
hire	3.11	1302
hired	2.59	1683
hirer	3.42	0
his	3.14	108364
hiss	3.6	47
hissing	4.07	73
historian	3.9	45
historic	1.93	185
historical	1.93	269
historically	2.38	56
historicalness	2.12	0
historiographer	3.61	0
history	2.96	4280
hit	4.1100000000000003	14025
hitch	3.93	208
hitcher	4.2	5
hitchhike	3.44	48
hitchhiker	4.83	50
hither	2.17	51
hitless	2.2000000000000002	0
hitman	4.38	0
hitter	3.96	79
hive	4.83	50
hives	4.1100000000000003	64
hoagie	4.63	44
hoard	3.33	23
hoarder	3.63	0
hoarding	3.07	33
hoardings	3.39	0
hoarse	3.07	25
hoarsely	2.92	3
hoarseness	2.82	7
hoax	2.67	123
hoaxer	2.93	3
hobbit	4.17	73
hobble	3.82	18
hobbling	3.31	12
hobby	2.93	354
hobbyhorse	4.1900000000000004	3
hobbyist	3.39	4
hobgoblin	3.93	5
hobo	4.12	91
hock	3.29	110
hockey	4.3099999999999996	588
hodgepodge	2.78	7
hoe	4.74	47
hoedown	3.87	17
hog	4.66	261
hogged	2.17	6
hoggish	2.48	1
hoggishly	2	0
hogtie	4.18	3
hogwash	2.37	30
hoist	4	105
hoisting	3.79	9
hokey	2	30
hold	3.68	22273
holdback	2.3199999999999998	0
holder	3.74	82
holding	3.72	3530
holdout	2.68	10
holdup	3.04	132
hole	4.8099999999999996	2969
holey	3.12	6
holiday	2.86	1086
holidaymaking	2.16	0
holidays	3.15	466
holiness	1.56	159
holistic	2.08	20
holistically	1.96	0
hollandaise	3.81	17
holler	3.57	301
hollow	3.61	621
hollowly	2.21	0
hollowness	2.97	5
holly	4.5	548
holocaust	3.81	100
hologram	4.3499999999999996	33
holograph	4.2699999999999996	7
holographic	3.11	53
holster	4.59	111
holstered	3.81	6
holy	1.67	3475
holyday	2.41	0
homage	2.17	67
hombre	3.92	84
hombres	3.96	20
home	4.1100000000000003	39491
homebody	3.14	9
homebound	2.66	2
homeboy	3.62	124
homebred	2.38	0
homebrew	3.29	5
homebuilder	3.75	0
homebuilding	3.48	1
homebuyer	3.7	0
homecare	3.07	0
homecoming	3.08	285
homegrown	2.72	7
homeland	3.45	244
homeless	3.04	543
homelessness	2.33	4
homelike	2.38	6
homeliness	1.9	0
homely	2.3199999999999998	47
homemade	2.9	146
homemaker	4.22	17
homemaking	2.58	2
homeopath	2.86	0
homeopathic	2.44	11
homeopathically	2.19	0
homeostasis	2.44	5
homeostatic	2.54	0
homeowner	3.93	60
homepage	4	3
homeroom	4.3	59
homesick	2.86	123
homesickness	2.17	6
homespun	2.4500000000000002	10
homestead	4.07	59
homesteader	3.7	3
homestretch	2.48	7
hometown	3.33	199
homeward	2.14	39
homework	4.5	1027
homeworker	3.96	0
homey	2	171
homicidal	1.76	103
homicidally	2.2599999999999998	1
homicide	3.82	782
homing	2	71
homoeopath	2.74	0
homoeopathic	1.68	0
homoeopathist	3.04	0
homoeopathy	2.56	0
homoerotism	2.38	0
homogeneous	2.84	3
homogeneously	2.38	0
homogeneousness	2.46	0
homogenization	2.81	0
homogenize	2.64	0
homogenous	2.96	2
homonym	2.4500000000000002	4
homophobia	2.04	14
homophobic	2.5	37
homophonic	2.5	1
homosexual	3.85	241
homosexuality	3.03	49
hone	2.52	37
honest	1.66	3689
honestly	1.93	1390
honesty	1.59	368
honey	4.88	15325
honeybee	4.8600000000000003	10
honeycomb	4.72	20
honeydew	4.8600000000000003	14
honeymoon	3.59	826
honeymooner	3.25	0
honeypot	4.37	3
honeysuckle	4.4800000000000004	9
honeysuckled	3	0
honeysweet	2.92	0
honk	4.5199999999999996	122
honker	3.41	6
honky	2.35	82
honor	1.68	4912
honorability	1.57	0
honorable	1.78	369
honorableness	1.86	0
honorably	1.67	21
honorary	1.75	77
honoree	3.41	3
hooch	4.22	53
hood	4.88	785
hooded	3.9	15
hoodie	4.79	10
hoodless	3.81	0
hoodlum	4.03	66
hoodwink	2.08	8
hoody	4.7	0
hoof	4.8899999999999997	88
hoofed	4.21	5
hoofmark	4.3600000000000003	0
hoofs	4.6100000000000003	12
hook	4.79	1938
hookah	4.83	2
hooked	3.44	669
hooker	4.5	598
hookers	4.63	199
hooknose	3.95	0
hookup	3.48	40
hookworm	4.58	3
hooky	2.29	43
hooligan	3.59	37
hooliganism	1.96	0
hoop	4.74	137
hooplike	3.14	0
hoopskirt	4.7	1
hooray	2.63	293
hoot	3.88	133
hooter	3.75	28
hoover	3.76	162
hop	3.8	977
hope	1.25	16352
hoped	1.69	830
hopeful	1.7	152
hopefully	2	597
hopefulness	2.04	8
hopeless	1.59	456
hopelessly	1.5	78
hopelessness	1.67	11
hopingly	2.04	0
hopped	3.8	86
hopper	3.78	459
hoppy	3.26	26
hopscotch	4.4800000000000004	15
horde	3.7	58
horizon	4.4400000000000004	228
horizontal	3.46	77
horizontality	3.36	0
horizontally	3.9	24
horizontalness	2.63	0
hormonal	2.66	43
hormone	3.33	69
horn	5	1075
hornbill	3.91	0
horned	4	27
hornet	4.96	68
horniness	2.2000000000000002	9
hornless	3.64	1
hornlike	2.92	0
hornpipe	4.3099999999999996	4
horny	2.87	428
horoscope	3.29	60
horrendous	2.0699999999999998	52
horrendously	1.44	0
horrible	2.2000000000000002	2164
horribleness	1.74	2
horribly	1.55	125
horrid	2.14	125
horridly	1.9	0
horridness	2.39	0
horrific	2.5	70
horrifically	2.2000000000000002	2
horrified	2.56	72
horrify	2.4300000000000002	7
horrifying	2.52	80
horror	2.5	468
horse	5	4737
horseback	4.41	95
horsefly	4.97	5
horsehair	4.75	6
horsehide	4.83	2
horseless	3.08	9
horseman	4.3	61
horsemeat	4.83	0
horseplay	3.84	19
horsepower	2.48	62
horserace	4.3	0
horseradish	4.8099999999999996	25
horseshit	4.5199999999999996	116
horseshoe	5	52
horsetail	4.8	0
horsetrading	3.59	0
horseweed	4.54	0
horsewhip	4.37	11
horsewoman	3.78	1
horsey	3.54	42
horsing	2.72	36
horticultural	2.95	6
horticulturalist	3.8	3
horticulture	3.41	12
horticulturist	4	5
hose	4.87	411
hosed	3	18
hosiery	4.5	5
hospice	3.93	34
hospitable	1.81	42
hospitableness	2.04	1
hospitably	1.89	0
hospital	4.6399999999999997	6334
hospitality	2.15	231
hospitalization	3.12	9
hospitalize	3.29	2
host	3.63	766
hostage	4.26	743
hostel	3.9	29
hostess	4.12	189
hostile	2.62	456
hostilely	2.4300000000000002	1
hostility	2.2400000000000002	139
hosting	2.71	107
hot	4.3099999999999996	9682
hotbed	3.39	16
hotbox	4.12	2
hotcake	4.93	2
hotdog	5	20
hotel	4.93	5264
hotelkeeper	4.62	1
hothead	2.96	38
hotheaded	2.19	16
hotheadedly	1.69	0
hotheadedness	2.15	0
hothouse	4.12	16
hotline	3	79
hotly	2.27	6
hotness	3.1	8
hotplate	4.7	5
hotshot	2.52	179
hotspot	3.69	2
hotter	3.38	238
hound	4.4800000000000004	257
hounding	2.63	43
hour	3.1	8277
hourglass	4.93	49
hourly	2.5	37
house	5	26214
houseboat	4.74	40
housebound	2.64	1
houseboy	4.26	36
housebreaking	2.37	2
housebroke	2.42	5
housebroken	3.04	29
housecleaner	4.4800000000000004	1
housecleaning	4.08	17
housecoat	4.8899999999999997	6
housedress	4.79	1
housefly	4.96	9
houseful	3.05	9
houseguest	4.21	24
household	3.86	354
householder	3.67	11
housekeeper	4.3600000000000003	298
housekeeping	3.4	153
houseless	2.72	0
housemaid	4.5199999999999996	12
houseman	3.72	17
housemaster	3.54	4
housemate	4.3099999999999996	4
housemistress	3.82	0
housepainter	4.37	0
houseplant	4.83	2
houseroom	4.3600000000000003	0
housesit	3.5	4
housetop	4.62	1
housetops	4.55	4
housewarming	2.57	36
housewife	4.43	180
housewifery	2.2400000000000002	1
housework	4.0999999999999996	64
housing	4	207
hover	3.17	59
hovercraft	4.58	26
hoverer	3.62	0
hovering	3.75	103
how	1.35	155867
howdy	2.27	664
however	1.79	2299
howl	3.83	105
howler	3.28	4
howling	4.1900000000000004	183
howsoever	1.57	3
hub	3.59	156
hubbub	2.4300000000000002	15
hubby	4.2699999999999996	51
hubcap	5	7
huckleberry	4.25	44
huddle	4.21	111
huddling	3.68	3
hue	3.66	71
hued	2.73	0
huff	3.32	67
huffily	1.96	0
huffiness	2.37	0
huffy	2.2599999999999998	20
hug	4.1399999999999997	986
huge	3.54	2467
hugely	2.23	29
hugeness	3.04	4
huggable	2.4300000000000002	6
hugger	4.1399999999999997	21
hugging	4.1100000000000003	146
huh	1.68	22350
hula	4.58	100
hulk	3.39	208
hulking	2.9	8
hulky	2.59	0
hull	4.29	215
hullabaloo	2.19	15
hum	4.62	246
human	4.93	6363
humane	1.79	93
humanely	2.11	15
humaneness	2	1
humanism	1.81	3
humanist	2.54	4
humanistic	1.79	2
humanitarian	2.57	95
humanitarianism	1.7	0
humanities	1.85	6
humanity	2.36	495
humanization	1.81	1
humanize	1.67	8
humanizer	2.12	0
humanizing	1.5	5
humankind	3.33	35
humanlike	2.93	0
humanly	2.19	60
humanness	2.12	2
humanoid	3.68	42
humble	1.73	500
humbleness	1.76	2
humbler	2.14	0
humbling	1.72	13
humbly	1.59	95
humbug	1.57	49
humbuggery	1.95	0
humdinger	1.83	7
humerus	4.18	14
humid	3.48	45
humidification	2.9	1
humidifier	4.25	6
humidify	3.36	0
humidity	3	68
humidly	2.78	0
humidness	3.04	0
humiliate	2.0699999999999998	213
humiliating	1.86	300
humiliatingly	2	2
humiliation	1.96	238
humility	1.75	122
hummer	4.12	70
humming	4.17	251
hummingbird	4.96	31
hummus	4.62	19
humongous	3.42	36
humor	2.2599999999999998	849
humorist	3.29	2
humorless	1.73	10
humorlessness	1.57	0
humorous	2.23	75
humorously	2.19	4
humorousness	1.67	0
hump	4.3600000000000003	225
humpback	4.6900000000000004	21
humpbacked	3.96	7
humped	3.71	19
humpy	3.58	3
humungous	2.73	6
humvee	4.92	0
hunch	2	383
hunchback	4.32	50
hunchbacked	4.3	6
hundred	3.2	4015
hundredfold	2.93	5
hundredth	3.59	22
hung	3.31	1436
hunger	3.3	300
hungrily	2.75	3
hungriness	2.04	0
hungry	2.9	3931
hunk	3.79	263
hunker	3.21	17
hunks	3.84	18
hunky	2.42	42
hunt	3.81	1319
hunter	4.41	936
hunting	3.96	1081
huntress	4.12	20
huntsman	3.65	4
huntswoman	3.58	0
hurdle	3.97	37
hurdler	3.81	1
hurl	4.0999999999999996	69
hurled	3.52	31
hurler	3.69	0
hurling	3.81	26
hurrah	3.07	120
hurray	2.48	86
hurricane	4.59	447
hurried	2.76	62
hurriedly	1.92	12
hurriedness	1.93	0
hurry	2.63	8856
hurryingly	2.73	0
hurt	3.61	12564
hurtful	2.65	58
hurtfully	1.76	0
hurtfulness	1.86	0
hurting	3.03	974
hurtle	3.59	1
husband	4.1100000000000003	9935
husbandless	2.3199999999999998	0
husbandly	1.62	3
husbandry	2.23	10
hush	3.04	388
hushed	2.39	25
hushing	2.97	1
husk	4.8600000000000003	21
husked	3.65	0
huskily	2.35	0
huskiness	2.76	0
husky	3.59	81
hussy	2.54	63
hustle	2.96	402
hustler	3.67	151
hut	4.6500000000000004	674
hutch	4.3099999999999996	184
hyacinth	4.5	21
hybrid	3.21	104
hybridization	2.2400000000000002	2
hydra	3.29	23
hydrant	4.76	52
hydrate	3.32	25
hydrated	3.62	16
hydration	3.54	7
hydraulic	3.66	58
hydraulically	2.5	1
hydraulics	3.71	28
hydro	3.36	13
hydrocarbon	3.75	6
hydrochemistry	2.5	0
hydrochloric	2.65	15
hydrochloride	4.17	7
hydrocortisone	4.59	3
hydroelectric	3.38	5
hydroelectricity	3.63	0
hydrogen	3.32	136
hydrogenate	2.75	0
hydrogenated	3.33	7
hydrogenous	2.35	0
hydrologist	3.39	0
hydrolysis	2.87	0
hydrometer	4.07	0
hydrophobia	2.82	4
hydrophobic	3	0
hydroplane	3.59	1
hydroponic	3	12
hydroponics	3.2	20
hydropower	3.08	0
hydroscopic	2.41	0
hydrosulfide	4.09	1
hydrotherapeutic	2.96	0
hydrotherapy	3.67	8
hydrothermal	2.59	10
hydroxide	3.57	8
hyena	4.57	72
hygiene	3.11	108
hygienic	2.5499999999999998	27
hygienically	2.31	3
hygienist	4.24	32
hymen	4.66	25
hymn	4.04	83
hymnbook	4.8499999999999996	0
hymnist	4.05	0
hype	1.75	83
hyper	2	45
hyperacidity	2.52	3
hyperactive	2.73	20
hyperactivity	2.57	5
hyperbola	2.5	0
hyperbole	2.35	11
hyperbolic	2.31	7
hyperbolically	1.71	0
hyperbolize	2.38	0
hypercompetitive	1.69	0
hyperconscious	1.68	0
hyperconsciousness	1.52	0
hypercritical	1.67	3
hypercritically	1.85	0
hypercriticism	2.04	0
hyperextend	3.43	0
hyperextension	3.07	0
hyperglycemia	2.56	0
hyperglycemic	2.31	2
hyperinflation	2.15	1
hyperinflationary	1.56	0
hyperirritability	1.92	0
hyperirritable	2.14	0
hyperkinetic	2	1
hyperlink	4.03	0
hypersensitive	2	11
hypersensitiveness	2.64	0
hypersensitivity	2.44	1
hypersexual	2.46	1
hypersonic	2.8	2
hyperspace	2.54	28
hypertension	2.89	30
hypertensive	2.62	12
hypertext	3.71	0
hyperthermia	3.52	1
hyperthyroid	2.41	2
hyperthyroidism	2.61	0
hyperventilate	3.86	27
hyperventilation	3.37	6
hyphen	4.1100000000000003	11
hyphenate	3.23	7
hyphenated	3.57	7
hyphenation	3.14	1
hypnoses	2.96	0
hypnosis	2.78	101
hypnotherapist	3.6	8
hypnotherapy	2.74	8
hypnotic	1.96	67
hypnotically	1.81	0
hypnotism	2.82	15
hypnotist	4.07	41
hypnotizable	2	0
hypnotization	2.96	0
hypnotize	2.48	31
hypnotizer	3.63	0
hypo	1.88	16
hypoallergenic	2.88	8
hypochondria	2.72	8
hypochondriac	2.96	20
hypocrisy	2	84
hypocrite	2.5499999999999998	166
hypocritical	2.2999999999999998	64
hypocritically	1.91	0
hypodermal	2.25	0
hypodermic	3.58	34
hypoglycemia	2.96	6
hypoglycemic	2.2799999999999998	13
hypotension	2.96	6
hypotenuse	3.67	10
hypothermal	3.04	0
hypothermia	3.55	39
hypothermic	3.12	15
hypotheses	1.86	9
hypothesis	2.12	44
hypothesize	1.83	4
hypothetical	1.3	125
hypothetically	1.59	108
hypothyroidism	2.58	1
hysterectomy	3.83	31
hysteria	2.86	116
hysteric	2.93	9
hysterical	2.65	362
hysterically	2.41	51
hysterics	2.31	33
i	3.93	2038529
ibuprofen	4.4800000000000004	24
ice	4.8899999999999997	4057
iceberg	4.96	92
iceboat	4.78	2
icebound	3.36	2
icebox	4.71	124
icebreaker	3.17	21
icecap	4.5	4
icecream	4.72	0
iced	3.79	218
icehouse	4.5	9
iceless	3.81	0
icemaker	4.82	0
iceman	4.22	69
icepack	5	0
icepick	4.68	1
iceskate	4.7699999999999996	0
icicle	4.96	15
iciness	3.28	0
icing	4.66	71
icky	2	61
icon	3.46	88
iconic	2.5499999999999998	10
iconoclast	2.85	1
iconographer	3.93	0
iconographical	1.85	0
iconology	2.1800000000000002	0
icy	4.22	135
id	2.39	169
idea	1.61	18311
ideal	1.37	374
idealess	1.63	0
idealism	1.64	32
idealist	1.52	34
idealistic	1.21	41
idealistically	1.36	1
ideality	1.88	0
idealization	1.4	1
idealize	1.19	6
idealizer	1.85	0
ideally	1.33	22
idealness	1.52	0
identical	3.5	282
identically	2.84	2
identicalness	3.04	0
identifiable	2.2999999999999998	15
identification	3.4	409
identifier	2.52	6
identify	2.64	825
identity	2	662
ideological	1.85	7
ideologically	1.5	4
ideologist	2.04	0
ideology	1.62	33
idiocy	1.75	29
idiom	2.42	12
idiomatic	1.64	3
idiosyncrasy	1.74	10
idiosyncratic	1.58	8
idiosyncratically	2	0
idiot	3.32	3377
idiotic	1.88	198
idiotically	1.6	3
idle	2.79	141
idleness	1.9	8
idler	2.92	7
idly	2.15	32
idol	3.63	141
idolatrize	1.58	0
idolism	1.54	0
idolization	1.86	0
idolize	2.04	7
idolizer	2.78	0
idyllic	1.73	23
idyllically	1.48	0
if	1.19	180610
iffy	1.68	26
igloo	4.7300000000000004	15
ignite	4.04	51
igniter	4.37	4
ignition	3.37	212
ignorable	1.45	1
ignoramus	2.2999999999999998	18
ignorance	1.6	184
ignorant	1.62	319
ignorantly	2	1
ignore	2.2200000000000002	951
iguana	4.83	40
ill	3.21	1085
illegal	2.37	1199
illegality	1.96	4
illegalize	2.19	0
illegally	1.93	113
illegibility	1.85	1
illegible	2.9	9
illegibly	2.75	0
illegitimacy	1.69	2
illegitimate	1.82	68
illegitimately	2.04	0
illegitimatize	1.88	0
illicit	1.89	36
illicitly	2.36	2
illicitness	1.61	1
illiteracy	2.48	6
illiterate	2.92	50
illiterately	1.84	0
illiterateness	1.95	0
illness	3.54	371
illogic	1.38	2
illogical	1.38	29
illogically	1.46	0
illuminable	2.35	0
illuminate	3.55	42
illuminated	3.66	18
illuminati	2.65	2
illuminating	2.79	24
illuminatingly	1.81	0
illumination	3.28	34
illuminative	2.41	0
illuminator	3.52	0
illusion	2.48	421
illusionary	1.88	2
illusionist	3.3	7
illusive	1.81	6
illusively	1.46	0
illusiveness	2.15	0
illusory	1.92	2
illustratable	2.14	0
illustrate	3.31	40
illustration	4.3600000000000003	24
illustrational	2.77	0
illustrative	2.37	1
illustratively	2.7	0
illustrator	3.76	12
illustrious	1.65	72
illustriously	1.68	0
illustriousness	2.19	0
image	3.85	1154
imageability	1.48	0
imageless	2.3199999999999998	0
imagery	2.48	74
imaginable	1.79	48
imaginably	1.59	0
imaginary	1.74	222
imagination	1.69	885
imaginative	1.82	70
imaginatively	1.46	0
imaginativeness	1.83	0
imagine	1.53	4133
imagines	1.76	29
imaging	2.79	64
imbalance	2.2200000000000002	54
imbecile	3	147
imbecilic	1.93	11
imbed	2.57	2
imitate	2.66	92
imitation	2.83	139
imitatively	2.2200000000000002	0
imitator	2.92	6
immaculate	2.48	40
immaculately	2	2
immaculateness	1.81	0
immanent	1.81	0
immaterial	2.08	45
immaterialism	1.56	0
immateriality	1.67	0
immaterialize	1.72	0
immaterially	1.46	0
immature	2.35	167
immaturely	1.71	0
immatureness	1.96	0
immaturity	1.81	11
immeasurability	1.46	0
immeasurable	2.12	15
immeasurableness	1.68	0
immeasurably	1.86	9
immediacy	2.0699999999999998	8
immediate	2.1	571
immediately	2.2999999999999998	2446
immediateness	1.92	0
immense	2.21	82
immensely	1.61	62
immenseness	1.72	0
immensity	2	3
immerse	2.79	14
immersion	2.64	6
immersive	1.61	0
immigrant	3.72	79
immigrate	2.56	5
immigration	3.03	128
imminence	2.5	4
imminent	1.89	123
imminently	1.64	4
immobile	2.86	25
immobility	3.52	2
immobilization	3	1
immobilize	3.21	7
immobilizer	2.66	2
immoderate	2.0699999999999998	7
immoderately	1.73	1
immoderation	2.08	0
immodest	2.0699999999999998	18
immodestly	1.69	1
immodesty	2.44	1
immoral	1.59	133
immorality	2.11	22
immorally	1.96	0
immortal	2	260
immortality	1.52	102
immortalization	1.55	0
immortalize	1.76	8
immortally	2	1
immovability	2.79	0
immovable	2.4300000000000002	8
immovableness	2.42	0
immovably	2.17	0
immune	2.4300000000000002	221
immunity	2.0699999999999998	216
immunization	3.75	11
immunize	3	2
immunological	1.95	0
immunologist	3.73	1
immunology	2.48	0
immunosuppressive	2.48	3
immunotherapy	2.75	1
immutable	1.5	8
impact	2.59	480
impacted	2.7	26
impactful	1.93	3
impair	1.73	8
impaired	2.44	43
impairer	2.56	0
impairment	2.48	10
impale	3.84	17
impalement	3	6
impalpability	1.73	0
impalpable	1.96	0
impalpably	2.12	0
impart	2	27
impartial	1.81	51
impartiality	1.42	6
impartially	1.79	3
impartialness	1.48	0
impartibility	1.56	0
impassability	1.75	0
impassable	1.96	16
impassably	2	0
impassibility	2.46	0
impassible	2.15	0
impassion	1.65	1
impassioned	2.17	19
impassive	1.52	1
impassively	1.89	0
impassiveness	1.57	0
impassivity	1.33	0
impatience	1.93	35
impatient	2.38	206
impatiently	2.08	12
impeach	2.11	21
impeachability	1.89	0
impeachable	2.13	1
impeacher	2.59	0
impeachment	2.69	29
impeccable	2.12	81
impeccably	2.04	15
impedance	2.5	0
impede	2.73	26
impediment	2.56	30
impedimentary	1.96	0
impeding	2.1	12
impending	1.48	55
impenetrability	2.2200000000000002	0
impenetrable	2.62	52
impenetrableness	2.78	0
impenetrably	1.92	0
imperative	1.36	127
imperatively	1.85	0
imperativeness	1.54	1
imperceptibility	1.62	1
imperceptible	1.73	3
imperceptive	1.46	0
imperceptiveness	1.48	0
imperfect	2.1800000000000002	49
imperfection	2.0699999999999998	15
imperfectly	2.0699999999999998	1
imperfectness	1.88	0
imperial	2.52	126
imperialism	1.93	11
imperialist	2.36	26
imperialistic	1.41	7
imperialistically	1.54	0
imperially	1.54	0
imperiousness	1.76	0
imperishable	2.2999999999999998	4
imperishableness	2.29	0
imperishably	1.83	0
impermanence	1.93	2
impermanent	1.67	0
impermeability	2.1	0
impermeable	2.88	5
impermeably	2.2000000000000002	1
impermissible	1.67	0
impersonal	1.69	44
impersonalize	1.44	0
impersonally	1.6	1
impersonate	2.88	33
impersonation	2.46	23
impersonator	3.5	28
impertinence	2.2799999999999998	30
impertinent	1.76	55
impervious	2.04	31
imperviously	1.52	0
imperviousness	1.8	0
impetuous	1.73	58
impetuousness	1.87	2
impious	1.54	2
impish	1.68	5
impishness	1.67	0
implacable	2.15	8
implacableness	1.87	0
implant	4.3099999999999996	109
implantable	2.0299999999999998	1
implantation	3.07	6
implausibility	2.04	0
implausible	1.5	4
implausibly	2.11	0
implement	2.33	63
implemental	2.42	0
implementation	1.84	9
implementer	2.76	1
implicate	1.68	56
implication	1.61	48
implicatively	1.32	0
implicit	2	15
implicitly	1.75	28
implicitness	1.58	0
implode	3.64	17
imploration	2.23	0
implore	1.61	53
implorer	2.42	0
imploring	1.64	3
imploringly	1.57	0
implosion	3.36	38
implosive	2.68	6
implosively	1.96	0
imply	1.86	137
impolite	1.96	66
impolitely	1.81	0
impoliteness	1.83	2
imponderable	1.48	0
import	2.52	111
importability	2.04	0
importance	1.75	390
important	2.14	10587
importantly	1.86	278
importation	2.81	4
importer	3.43	13
impose	1.93	145
imposer	2.65	0
imposing	1.52	52
imposingly	2.29	0
imposingness	2	0
imposition	1.68	39
impossibility	1.52	35
impossible	1.66	3015
impossibly	1.93	20
imposter	3.38	36
impostor	3.14	101
impotence	3.07	33
impotency	2.14	2
impotent	2.38	106
impotently	2	0
impound	3.89	85
impounder	3.3	0
impoundment	2.38	0
impoverish	2.23	1
impoverished	2.2200000000000002	29
impoverishment	2.23	2
impracticability	1.35	0
impractical	1.6	45
impracticality	1.85	1
impracticalness	1.83	0
imprecise	1.93	8
imprecisely	1.72	0
imprecision	1.75	2
impregnability	1.96	0
impregnable	2.52	29
impregnate	3.29	22
impregnation	3.28	1
impregnator	3	0
impress	2.0699999999999998	520
impressibility	1.87	0
impressible	2.2999999999999998	0
impression	2.23	946
impressionability	1.6	0
impressionable	1.4	43
impressionableness	1.58	0
impressionably	1.76	0
impressionism	2.33	6
impressionist	2.69	15
impressionistic	1.86	1
impressionistically	1.75	0
impressive	2.0699999999999998	865
impressively	1.46	5
impressiveness	1.76	0
imprint	3.96	64
imprinter	2.85	0
imprison	3.35	20
imprisonment	3.46	93
improbability	1.64	8
improbable	1.85	37
improbably	1.48	0
impromptu	2.04	43
improper	1.69	57
improperly	2	30
improperness	2.04	0
impropriety	2.38	25
improvable	1.27	0
improve	1.82	413
improvement	2.6	198
improving	2.36	119
improvingly	1.6	0
improvisation	2	20
improvisational	2.3199999999999998	3
improvise	2.0699999999999998	127
improviser	2.42	1
imprudence	1.6	1
imprudent	1.89	12
imprudently	1.75	2
impudence	1.55	26
impudently	1.77	0
impulse	2.52	269
impulsive	2.25	137
impulsively	1.72	11
impulsiveness	1.86	7
impulsivity	1.5	2
impunity	1.77	18
impure	2	41
impurely	1.7	0
impureness	1.57	0
impurity	1.93	7
imputable	1.58	0
in	3	498444
inability	2	81
inacceptable	2.04	1
inaccessibility	2.23	3
inaccessible	2.2999999999999998	20
inaccessibleness	1.96	0
inaccessibly	2.11	0
inaccuracy	2.69	2
inaccurate	2.33	26
inaccurately	1.73	1
inaccurateness	2.57	0
inaction	2.0699999999999998	7
inactivate	2.2799999999999998	0
inactivation	2.23	0
inactive	3.17	34
inactively	1.97	0
inactiveness	2.27	0
inactivity	2.84	3
inadaptability	1.7	0
inadaptable	1.65	0
inadequacy	1.7	17
inadequate	1.96	95
inadequately	1.69	4
inadequateness	1.65	0
inadmissibility	1.64	0
inadmissible	1.96	34
inadmissibly	1.82	0
inadvertence	1.48	1
inadvertent	2.14	11
inadvertently	1.28	54
inadvisability	1.92	0
inadvisable	1.29	4
inalienability	1.44	0
inalterable	2.11	0
inalterably	1.68	0
inanimate	3.24	38
inanimately	1.77	0
inapplicability	1.33	0
inapplicable	1.67	2
inapplicably	1.76	0
inappreciable	1.5	0
inappreciably	1.56	0
inappreciative	1.68	0
inapprehensible	1.62	0
inapprehension	1.81	0
inapprehensive	1.3	0
inapproachability	1.73	0
inapproachable	2.25	0
inappropriate	1.59	338
inappropriately	1.93	19
inappropriateness	1.5	1
inaptitude	2.04	0
inarguable	1.48	1
inarguably	1.63	1
inarticulate	2.31	13
inarticulately	1.54	0
inarticulateness	2.04	0
inartificiality	1.54	0
inartistic	1.89	1
inartistically	1.73	0
inasmuch	1.2	26
inattention	2.13	3
inattentive	1.83	4
inattentively	2.11	0
inattentiveness	1.76	0
inaudibility	2.83	0
inaudible	2.29	29
inaudibly	2.67	0
inaugural	2.21	20
inaugurate	2.63	5
inauguration	3.5	11
inauspicious	1.61	5
inauspiciously	1.78	0
inauthentic	2	2
inboard	2.96	10
inbound	3.03	62
inbox	4.0999999999999996	5
inbred	2.2599999999999998	35
inbreed	2.96	0
inbreeding	2.9	15
incalculability	1.79	0
incalculable	1.96	12
incalculably	1.75	2
incandescence	2.73	7
incandescent	3	17
incandescently	2.42	0
incantation	2.89	28
incapability	1.96	0
incapable	1.64	173
incapableness	1.86	0
incapably	1.58	0
incapacitate	2.42	11
incapacitation	2.41	1
incapacity	1.7	13
incarcerate	3.13	10
incarceration	3.28	40
incarcerator	3.25	0
incarnate	2.11	22
incarnation	1.68	18
incendiary	2.71	37
incense	4.04	92
incentive	2.2599999999999998	100
inception	1.78	21
inceptive	1.39	0
inceptively	1.84	0
incessancy	1.78	0
incessant	2.42	23
incessantly	2.21	22
incest	2.2400000000000002	44
incestuous	2.2400000000000002	19
inch	4.37	631
inched	2.4	1
inchworm	4.8099999999999996	12
incidence	2.2000000000000002	18
incident	2.86	883
incidental	1.74	28
incidentally	1.63	193
incinerate	3.88	18
incineration	3.75	5
incinerator	4.78	38
incise	2.48	10
incision	4.07	121
incisive	1.86	8
incisiveness	1.84	0
incisor	3.89	8
incite	2.4700000000000002	21
incitingly	1.83	0
incivility	2.09	0
inclement	2.42	8
inclemently	2.1	0
inclination	2.0299999999999998	42
incline	3.97	19
inclined	2.64	169
incliner	2.91	0
include	2.48	568
included	2.14	382
including	2.44	1405
inclusion	2.21	10
inclusive	1.64	11
inclusively	1.79	0
inclusiveness	1.7	1
incoercible	1.54	0
incognito	1.83	33
incoherence	2.04	0
incoherency	2	0
incoherent	2.39	27
incoherently	2.1	9
incohesion	2.29	0
incombustibility	2.12	0
incombustible	2.96	0
income	3.07	378
incoming	2.5	315
incommensurably	1.75	0
incommunicable	1.68	0
incommunicative	1.88	1
incommunicativeness	1.37	0
incomparability	1.64	0
incomparable	1.48	48
incomparableness	1.64	0
incomparably	1.57	1
incompatibility	1.79	7
incompatible	1.82	28
incompatibleness	1.82	0
incompatibly	2.19	0
incompetence	2.1800000000000002	76
incompetency	1.86	1
incompetent	2.0299999999999998	194
incompetently	2.23	2
incomplete	2.21	109
incompletely	2.52	0
incompleteness	2.11	1
incompletion	2.0699999999999998	0
incompliance	1.96	0
incompliant	2.08	0
incomprehensibility	1.5	0
incomprehensible	1.33	42
incomprehensibleness	1.41	0
incomprehensibly	1.89	0
incomprehension	1.96	3
incomprehensive	1.73	0
incomprehensively	1.78	0
incomprehensiveness	1.74	0
incompressible	2.4500000000000002	0
incomputable	1.93	0
inconceivability	1.62	1
inconceivable	1.38	46
inconceivableness	1.74	0
inconceivably	1.57	0
inconclusive	1.5	42
inconclusively	1.73	0
inconclusiveness	1.24	0
incongruence	2.2599999999999998	0
incongruent	2.35	0
incongruently	2.11	0
incongruity	1.7	1
incongruous	1.96	7
incongruousness	1.84	0
inconquerable	1.92	0
inconsecutive	2	0
inconsecutively	1.86	0
inconsecutiveness	1.88	0
inconsequence	1.28	1
inconsequential	1.56	22
inconsequentiality	1.39	2
inconsequentially	1.48	1
inconsequently	1.46	0
inconsiderable	1.73	1
inconsiderably	1.5	1
inconsiderate	2.14	73
inconsiderately	1.96	0
inconsiderateness	1.65	0
inconsideration	1.56	1
inconsistence	2.2000000000000002	0
inconsistency	2.21	13
inconsistent	2.17	55
inconsistently	1.59	0
inconsolability	1.89	0
inconsolable	2.14	15
inconsolableness	1.88	0
inconsolably	1.95	0
inconspicuous	2.0699999999999998	33
inconspicuously	2.17	0
inconspicuousness	2	0
inconstant	2.0699999999999998	4
inconstantly	1.5	0
inconsumable	2.37	0
incontestability	1.92	0
incontestable	1.79	1
incontestably	1.85	0
incontinence	3.62	11
incontinency	2.54	0
incontinent	2.56	18
incontrollable	2.27	0
incontrovertibility	1.64	0
incontrovertibly	1.84	1
inconvenience	1.73	226
inconvenient	1.46	83
inconveniently	1.5	2
inconvertibility	1.5	0
inconvertible	2.0699999999999998	1
inconvertibly	1.46	0
inconvincible	1.5	0
incorporate	2.15	39
incorporated	1.83	75
incorporation	2.5	13
incorporator	1.71	0
incorporeal	1.73	1
incorrect	2.0699999999999998	113
incorrectly	2.19	17
incorrectness	2.15	0
incorrigible	2.11	39
incorrigibleness	1.67	0
incorrigibly	2.04	2
incorruptibility	1.96	2
incorruptible	1.86	11
incorruptibly	1.81	0
incorruption	1.45	2
incorruptness	1.71	0
increasable	2.04	0
increase	2.61	436
increasing	2.4500000000000002	162
increasingly	2	91
incredibility	1.71	0
incredible	1.93	1928
incredibleness	1.74	0
incredibly	1.71	668
incredulous	2.04	8
incredulously	1.46	0
incredulousness	1.43	0
increment	3.07	2
incremental	2.64	3
incrementally	2.5	2
incriminate	2.0699999999999998	38
incriminating	2.1	63
incrimination	1.93	0
incriminator	2.48	0
incriminatory	1.64	0
incubate	3.5	5
incubation	3.32	21
incubator	4.6500000000000004	51
incubatory	2.57	0
incumbency	1.92	0
incumbent	3.18	34
incumbently	2	0
incur	2	28
incurability	1.59	0
incurable	1.88	52
incurableness	2.27	0
incurably	2.27	5
incursion	2.67	13
incursive	1.76	0
indebt	2	0
indebted	2.1800000000000002	59
indebtedness	1.93	3
indecency	2	13
indecent	1.86	91
indecently	1.92	7
indecipherability	1.6	0
indecipherable	1.76	5
indecipherably	2	0
indecision	1.62	22
indecisive	2	27
indecisively	2.19	0
indecisiveness	1.82	1
indeclinable	2.2000000000000002	3
indecomposable	2.68	0
indeed	1.72	2065
indefensibility	1.91	0
indefensible	1.65	9
indefensibly	2.0699999999999998	0
indefinable	1.55	5
indefinableness	1.71	0
indefinably	1.68	0
indefinite	1.36	20
indefinitely	2.09	119
indefiniteness	1.33	0
indelible	2	14
indelibly	1.81	3
indelicate	2.0699999999999998	16
indelicately	1.54	1
indemnify	1.54	3
indent	3.07	6
indentation	3.92	9
indented	3.69	3
indention	3.67	0
indenture	2.69	2
indentured	2.04	14
independence	1.87	204
independency	1.6	0
independent	2.04	477
independently	1.88	48
indescribability	1.32	0
indescribable	1.5	25
indescribably	1.7	6
indestructibility	2.2400000000000002	0
indestructible	2.46	74
indestructibleness	2.5	0
indestructibly	2.48	0
indetectable	2.1800000000000002	0
indeterminable	1.57	0
indeterminably	1.72	0
indeterminacy	1.39	1
indeterminate	1.5	18
indeterminately	1.29	0
indetermination	1.46	0
index	3.43	106
indexed	2.92	2
indexing	2.54	5
indexless	1.7	0
indicate	2.39	425
indication	1.97	181
indicative	1.75	28
indicatively	1.52	0
indicator	2.73	44
indicatory	2.1	0
indices	2.78	2
indict	2.6	45
indictment	2.74	126
indie	2.36	24
indifference	1.85	55
indifferent	1.89	58
indifferently	2.04	3
indigenous	2.2400000000000002	57
indigenously	2.19	0
indigenousness	1.79	0
indigent	1.79	24
indigently	2	0
indigested	2.5	0
indigestibility	2.42	0
indigestible	2.48	3
indigestibly	2.48	0
indigestion	3.57	95
indigestive	2.6	0
indignant	1.71	23
indignantly	1.89	2
indignation	2.37	24
indignity	1.56	20
indigo	4.3600000000000003	16
indirect	2.57	21
indirectly	1.82	26
indirectness	1.88	0
indiscernible	1.59	1
indiscernibly	1.8	0
indiscipline	1.68	1
indiscoverable	1.67	0
indiscreet	1.8	25
indiscreetly	2.25	1
indiscreetness	1.59	0
indiscrete	2.0299999999999998	2
indiscretion	1.61	53
indiscriminate	1.64	9
indiscriminately	1.86	14
indiscriminateness	1.71	0
indiscriminating	1.89	0
indiscriminatingly	1.87	0
indiscrimination	2	1
indiscriminative	1.4	0
indispensability	2.13	0
indispensable	2.0699999999999998	38
indispensableness	1.6	0
indispensably	1.59	0
indispose	2	0
indisposed	1.75	56
indisposition	1.92	3
indisputability	1.54	0
indisputable	1.89	10
indisputableness	1.62	0
indisputably	1.58	1
indistinct	1.68	252
indistinctive	1.42	0
indistinctively	1.85	0
indistinctiveness	1.37	0
indistinctly	1.63	33
indistinctness	1.56	0
indistinguishable	2.52	14
indistinguishableness	2	0
indistinguishably	1.61	0
indivertible	1.46	0
individual	3.52	596
individualism	1.88	13
individualist	2.76	2
individualistic	1.85	2
individualistically	1.7	0
individuality	2.0699999999999998	43
individualization	1.59	0
individualize	2.38	4
individually	2.48	65
individuation	1.96	0
indivisibility	2.19	0
indivisible	2.2599999999999998	21
indivisibleness	1.64	0
indivisibly	2.27	0
indoctrinate	2	4
indoctrination	1.88	15
indoctrinator	2.83	0
indoor	3.64	68
indoors	4.17	126
indubitable	1.8	1
indubitableness	1.44	0
indubitably	1.69	14
induce	2.34	82
induced	2.15	63
inducement	2.36	13
inducer	2.39	8
induct	2.59	3
inductee	4	3
induction	2.62	37
inductive	2.04	2
inductively	1.64	0
inductiveness	1.8	0
inductor	3	3
indulge	2.56	147
indulgence	1.81	49
indulgenced	1.83	0
indulgency	1.69	0
indulgent	1.55	20
indulgently	1.96	0
indulger	1.96	0
indulging	2.0699999999999998	38
industrial	3	233
industrialism	1.93	0
industrialist	3	26
industrialization	2.12	3
industrialize	2.14	0
industrially	1.96	0
industrious	2	17
industriously	2.11	0
industriousness	1.63	1
industry	3.29	596
inebriant	3	0
inebriate	2.54	3
inebriated	2.64	15
inebriation	3.35	8
inedibility	2.33	0
inedible	2.58	18
ineffective	1.57	30
ineffectively	1.75	1
ineffectiveness	1.96	1
ineffectual	2.12	23
ineffectually	1.65	2
ineffectualness	1.59	0
inefficacy	1.75	0
inefficiency	1.57	16
inefficient	2	21
inefficiently	1.93	2
inelasticity	2.57	0
inelegance	1.96	0
inelegant	2	3
inelegantly	1.96	0
ineligibility	1.69	0
ineligible	2.04	10
ineligibly	1.55	0
ineloquent	1.43	0
ineloquently	1.5	0
inept	1.74	43
ineptitude	1.79	5
ineptly	1.61	1
ineptness	2.14	1
inequality	2.2799999999999998	3
inequitable	1.4	1
inequitably	1.38	0
inequity	1.69	6
inert	2.5	18
inertia	2.4300000000000002	31
inertly	1.88	0
inertness	1.9	4
inescapable	2.21	14
inescapably	2.37	0
inessential	1.36	1
inestimable	1.57	6
inestimably	1.68	0
inevitability	1.52	18
inevitable	1.54	288
inevitableness	1.76	0
inevitably	1.52	65
inexact	1.52	6
inexactly	1.52	1
inexactness	1.48	0
inexcusability	1.62	0
inexcusable	1.57	43
inexcusableness	1.46	0
inexcusably	1.72	1
inexhaustibility	1.59	0
inexhaustible	1.92	10
inexhaustibleness	1.92	0
inexhaustibly	2.38	0
inexistence	1.42	1
inexistent	1.71	0
inexorability	1.71	0
inexorableness	1.36	0
inexorably	1.74	7
inexpensive	2.2200000000000002	37
inexpensively	2.37	4
inexpensiveness	1.92	1
inexperience	1.83	16
inexperienced	1.9	58
inexpertly	1.77	1
inexplicability	1.54	0
inexplicable	1.21	38
inexplicableness	1.5	0
inexplicably	1.57	21
inexplicit	2	0
inexplicitly	1.58	0
inexplicitness	1.37	0
inexpressible	1.69	3
inexpressibleness	1.67	0
inexpressibly	1.44	1
inexpressive	2.2000000000000002	1
inexpressively	1.86	0
inexpressiveness	1.74	0
inextinguishable	2.62	0
inextinguishably	2.04	0
inextricability	1.9	0
inextricably	1.5	7
infallibility	1.48	8
infallible	1.88	32
infallibly	1.54	0
infamous	1.76	114
infamously	1.68	0
infamousness	1.81	0
infamy	1.75	22
infancy	3.2	18
infant	4.93	215
infanthood	3.07	0
infantile	2.52	38
infantilism	1.75	3
infantry	4	144
infantryman	4.3600000000000003	5
infarction	2.15	14
infatuate	1.77	0
infatuated	1.7	37
infatuation	2.2400000000000002	43
infeasibility	1.64	0
infeasible	2.15	0
infect	2.88	62
infected	3.24	422
infection	4.0999999999999996	446
infectious	2.2999999999999998	65
infectiously	2.19	0
infectiousness	2.0299999999999998	0
infective	2.13	0
infectiveness	1.59	0
infector	3.15	1
infer	2.15	29
inference	1.65	12
inferior	1.7	156
inferiority	1.93	40
inferiorly	1.74	1
infernal	1.96	60
inferno	3.72	47
infertile	2.46	14
infertility	2.93	20
infest	2.71	14
infestation	3.55	35
infidel	2.0299999999999998	55
infidelity	2.0699999999999998	67
infield	4	24
infielder	4.5	2
infiltrate	2.71	85
infiltration	2.23	40
infiltrator	3	1
infinite	1.59	178
infinitely	1.22	48
infiniteness	1.35	0
infinitesimally	1.8	6
infinitive	1.27	3
infinitively	1.23	0
infinity	1.36	4
infirm	2.67	15
infirmary	4.55	150
infirmness	2.04	0
inflame	3	13
inflamed	3.14	33
inflamer	2.75	0
inflaming	2.79	2
inflammability	2.93	0
inflammable	3.12	13
inflammably	2.38	0
inflammation	3.36	33
inflammatorily	2.25	0
inflammatory	2.6	32
inflatable	3.07	37
inflate	3.34	25
inflated	3.93	26
inflatedness	2.29	0
inflation	2.54	53
inflationary	2.29	2
inflationist	2.87	0
inflect	2.48	1
inflected	1.88	0
inflection	1.79	9
inflectionless	2.38	0
inflexibility	1.9	1
inflexible	3.41	8
inflexibleness	2.2999999999999998	0
inflexibly	2.12	0
inflict	2.75	69
infliction	2.12	14
inflictive	1.88	0
inflow	2.69	4
influence	2.11	754
influencer	2.63	0
influential	1.86	81
influentially	1.55	0
influenza	3.79	25
influx	3	13
info	2.39	189
infomercial	4.1500000000000004	31
inform	2.25	644
informal	2.2200000000000002	86
informality	1.91	7
informally	1.64	13
informant	3.27	213
information	2.87	4557
informational	2.04	14
informative	1.54	35
informatively	1.84	0
informed	1.71	633
informer	3.15	63
informingly	1.62	0
infraction	2.5	34
infrared	3.34	155
infrastructure	3.38	60
infrequency	2.1	0
infrequent	1.7	5
infrequently	1.93	3
infringe	1.93	7
infringement	2.25	9
infuriate	2.0699999999999998	4
infuriating	2.5499999999999998	25
infuriatingly	1.71	3
infuriation	1.92	0
infuse	2.92	9
infuser	3.38	56
infusibility	1.67	0
infusible	2.2000000000000002	0
infusion	2.96	18
ingenious	1.89	108
ingeniously	1.76	0
ingeniousness	1.91	0
ingenuity	1.68	47
ingenuous	1.3	11
ingenuously	1.68	1
ingenuousness	1.67	0
ingest	3.79	23
ingestible	2.85	0
ingestion	3.12	15
inglorious	1.52	5
ingloriously	1.48	0
ingrain	2.2799999999999998	1
ingrained	1.92	13
ingrate	2.38	38
ingratiating	1.65	7
ingratitude	1.56	14
ingredient	3.84	133
ingredients	4.16	109
ingrown	3.14	17
inhabit	3.21	33
inhabitability	2.21	0
inhabitable	2.58	1
inhabitancy	2.2599999999999998	0
inhabitant	3.32	8
inhabitation	2.92	0
inhabited	3.07	57
inhalant	3.47	0
inhalation	3.67	33
inhale	3.84	120
inhaler	4.71	60
inharmonic	1.96	0
inharmonious	2.25	1
inharmoniously	2.04	0
inharmoniousness	1.61	0
inherent	1.64	30
inherently	1.7	25
inherit	2.04	181
inheritability	1.84	1
inheritable	2.37	1
inheritance	3.1	162
inheritor	2.93	2
inhibit	2.1	17
inhibiter	2.82	0
inhibition	1.93	22
inhibitive	1.8	0
inhibitor	2.81	67
inhospitable	1.92	21
inhospitableness	2	0
inhospitably	1.74	0
inhospitality	1.67	0
inhouse	2.96	0
inhuman	2.14	91
inhumane	2.11	23
inhumanely	1.69	1
inhumanity	1.57	11
inhumanly	1.97	2
inhumanness	1.45	0
initial	3.03	325
initialization	2.31	0
initialize	2.59	2
initially	1.62	105
initials	4.13	235
initiate	2.71	170
initiation	2.17	68
initiative	2.0299999999999998	140
initiator	3	0
inject	4.28	123
injection	3.86	211
injector	3.46	16
injudiciously	1.85	1
injunction	2.41	66
injunctive	1.29	7
injure	3.48	51
injured	3.86	534
injurer	3	0
injuriously	1.64	0
injury	4	520
injustice	1.4	163
ink	4.5599999999999996	382
inkblot	4.8099999999999996	2
inkless	2.36	1
inkling	2.25	35
inkpad	4.79	0
inks	4.46	9
inkstand	4.24	0
inkwell	4.5199999999999996	13
inky	3.56	11
inland	4.0999999999999996	69
inlay	3.41	13
inlet	4.08	23
inline	3.52	0
inmate	4.1900000000000004	137
inmost	2.2799999999999998	5
inn	4.6399999999999997	428
innards	3.96	20
innate	1.73	39
innately	1.81	5
innateness	1.58	0
inner	2.86	507
innermost	1.93	37
inning	3.25	128
innings	3.41	49
innkeeper	4	22
innocence	1.89	336
innocent	1.54	2780
innocently	1.48	32
innocuous	2.08	24
innocuously	1.46	0
innocuousness	1.64	0
innovate	2.2999999999999998	4
innovating	2.11	1
innovation	1.97	34
innovational	1.7	0
innovationist	2.2200000000000002	0
innovative	2.17	52
innovator	2.52	10
innuendo	1.88	46
innumerability	2.04	0
innumerable	2.19	10
innumerably	1.85	0
innumerate	2.0699999999999998	0
innumerous	1.84	0
inobservance	1.85	0
inoculate	2.8	18
inoculation	3.32	17
inoffensive	2.21	12
inoffensively	1.58	0
inoffensiveness	1.54	0
inoperable	2.82	33
inoperative	2.4	15
inopportune	1.77	13
inopportunely	1.46	1
inopportunity	1.69	0
inordinate	1.79	15
inordinately	1.52	8
inorganic	2.4300000000000002	7
inorganically	2.35	0
inpatient	2.48	6
input	2.5	152
inquire	2.38	86
inquirer	2.85	1
inquiring	1.86	49
inquiringly	1.97	0
inquiry	2.7	178
inquisition	2.17	22
inquisitive	1.83	51
inquisitively	1.61	0
inquisitiveness	1.81	3
inquisitor	3.21	23
inroad	2.52	0
insane	1.77	1973
insanely	1.83	67
insaneness	1.37	0
insanity	2.34	391
insatiability	1.48	0
insatiable	1.81	50
insatiableness	1.69	0
insatiably	2.04	1
insatiate	1.59	0
inscribe	3.31	9
inscriber	4.03	0
inscription	4.1500000000000004	87
inscriptional	2.04	0
inscrutability	1.59	0
inscrutable	1.74	24
inscrutableness	1.3	0
inseam	4.6100000000000003	8
insect	4.8899999999999997	161
insecticide	4.4400000000000004	27
insectile	2.4	0
insecure	1.84	207
insecurely	1.64	0
insecurity	1.52	55
inseminate	2.68	4
insemination	3.63	32
insensibility	2	0
insensible	1.52	4
insensibly	1.46	0
insensitive	1.66	191
insensitively	1.71	2
insensitiveness	1.58	0
insensitivity	2.0699999999999998	14
insentient	1.56	1
inseparability	2.2400000000000002	0
inseparable	3.03	51
inseparableness	2.12	0
inseparably	2.0699999999999998	0
insert	2.57	141
inserted	3.46	59
inserter	3.09	0
insertion	2.56	32
inset	2.8	1
inside	3.67	10775
insider	3.07	36
insidious	1.72	45
insidiously	2	2
insidiousness	1.58	0
insight	1.72	143
insightful	1.77	50
insignia	4.2699999999999996	41
insignificance	1.73	3
insignificant	1.9	134
insignificantly	1.43	0
insincere	1.76	16
insincerely	1.66	0
insincerity	1.56	2
insinuate	1.77	33
insinuating	1.5	49
insinuation	1.63	15
insinuator	2.57	0
insipidness	1.64	0
insist	2.14	910
insistence	2.25	21
insistent	1.72	43
insistently	1.68	3
insole	4.1100000000000003	2
insolence	1.8	45
insolent	1.73	61
insolently	1.41	0
insolubility	2.29	0
insoluble	2.63	7
insolubly	2.23	0
insolvability	1.74	0
insolvable	1.79	0
insolvency	2	2
insolvent	2.15	3
insomnia	2.68	88
insomniac	3.1	16
inspect	3.31	130
inspection	3.12	300
inspector	4.62	1124
inspectorial	1.81	0
inspiration	2.1800000000000002	362
inspirational	1.56	62
inspirationally	1.89	1
inspire	1.74	198
inspired	1.55	390
inspirer	2.4	1
inspiring	1.55	139
inspiringly	1.5	0
instability	2	52
instable	2.48	2
install	3.19	138
installation	3.71	72
installer	3.72	0
installment	2.54	25
instance	1.97	856
instant	2.7	550
instantaneous	2.2799999999999998	31
instantaneously	1.75	13
instantaneousness	1.96	0
instantly	2.44	232
instead	1.48	4043
instep	3.3	16
instigate	1.79	10
instigation	1.67	5
instigator	2.83	11
instill	1.59	14
instinct	2	390
instinctive	1.56	21
instinctively	1.79	43
instinctual	1.56	10
institute	3.41	166
institution	3.33	396
institutional	2.34	17
institutionalism	1.59	0
institutionalization	2.35	1
institutionalize	2.41	0
institutionally	2	0
institutionary	2.2200000000000002	0
instruct	2.48	85
instructed	2.41	238
instruction	3.37	103
instructional	2.83	9
instructive	1.74	22
instructively	1.66	0
instructiveness	2.04	0
instructor	4.26	240
instructorship	2.68	0
instrument	4.2699999999999996	413
instrumental	2.89	78
instrumentalism	2.08	0
instrumentalist	4.04	0
instrumentality	2.0499999999999998	0
instrumentally	2.38	0
instrumentation	2.5299999999999998	10
insubordinate	2.17	19
insubordinately	1.65	0
insubordination	1.84	64
insubstantial	1.66	18
insubstantiality	1.46	0
insufferable	1.54	49
insufferableness	1.76	0
insufferably	2.0699999999999998	5
insufficiency	2	5
insufficient	1.75	54
insufficiently	2	2
insulate	2.96	14
insulated	4.22	18
insulating	2.83	2
insulation	4.33	51
insulator	3.93	2
insulin	4.37	107
insult	2.79	639
insulter	3.03	3
insulting	2.29	274
insultingly	2.0299999999999998	0
insupportable	1.88	3
insuppressible	1.65	0
insuppressibly	1.5	0
insurability	2.2999999999999998	0
insurable	2	1
insurance	2.86	1955
insure	2.41	54
insured	2.15	126
insurer	3.11	0
insurgence	2.2000000000000002	1
insurgency	2.44	8
insurgent	3.42	12
insurmountable	1.72	14
insurrectional	2.08	1
insurrectionary	1.36	0
insurrectionist	2.85	0
insusceptibility	1.76	0
insusceptible	2.1	0
intact	2.64	324
intactness	1.92	0
intake	3.34	66
intangibility	1.44	9
intangible	1.3	27
intangibleness	1.78	0
intangibly	1.54	0
integer	3.48	7
integral	2.0299999999999998	37
integrally	1.71	0
integrate	2.08	40
integration	1.89	33
integrative	1.72	0
integrator	2.69	2
integrity	1.44	367
intellect	2.36	109
intellective	1.77	0
intellectual	1.81	234
intellectualism	1.33	2
intellectualist	2.2200000000000002	0
intellectualistic	1.73	0
intellectuality	1.89	1
intellectualization	2	1
intellectualize	1.57	2
intellectually	2.0699999999999998	40
intelligence	2.2400000000000002	983
intelligent	2.46	689
intelligently	1.79	23
intelligibility	1.68	0
intelligible	2.21	3
intelligibly	1.92	0
intend	1.71	1183
intended	1.85	601
intending	1.79	29
intense	2.41	520
intensely	2	71
intenseness	1.68	0
intensification	1.82	0
intensifier	2.31	3
intensify	2.25	12
intensity	2.14	127
intensive	2.33	112
intensively	1.73	3
intensiveness	2.14	0
intent	1.52	286
intention	1.7	559
intentional	2.1	75
intentionality	2.0299999999999998	6
intentionally	2.11	108
intentioned	1.43	2
intently	2.19	10
intentness	2.0299999999999998	0
inter	2.2200000000000002	18
interact	2.88	73
interaction	2.74	60
interactional	2.17	0
interactive	2.5	28
interactivity	2.23	0
interblend	1.92	0
interbreed	2.19	0
intercede	2.0699999999999998	25
interceder	3.24	0
intercept	3.18	215
intercepting	2.68	21
interception	2.7	29
interceptive	1.96	0
interceptor	3.59	12
interchange	2.89	15
interchangeability	2.1	1
interchangeable	2.0299999999999998	20
interchangeableness	2.5	0
interchangeably	2.2799999999999998	0
intercollegiate	2.96	4
intercom	4.67	107
intercommunicate	2.38	0
intercommunication	2.38	0
intercommunicative	1.8	0
intercompany	2.19	0
interconnect	2.81	1
interconnectedness	1.78	4
interconnecting	2.86	2
interconnection	2.14	1
intercontinental	3.21	6
intercorrelation	1.72	0
intercourse	3.93	193
intercultural	1.69	0
interdenominational	2.04	0
interdepartmental	1.76	2
interdependence	2.19	0
interdependency	1.88	0
interdependent	1.96	1
interdependently	1.59	0
interdisciplinary	1.93	1
interest	1.8	2598
interested	2.19	4374
interestedly	1.83	0
interestedness	1.76	0
interesting	1.6	4421
interestingly	1.5	26
interface	2.81	77
interfaith	1.92	6
interfere	2.59	486
interference	2.93	237
interferer	2.4	0
interfering	2.15	156
interferingly	1.7	0
interfuse	1.87	0
interfusion	2.5499999999999998	0
intergalactic	2.86	39
intergeneration	1.96	0
intergovernmental	2.27	0
intergrowth	2.15	0
interim	2.5	35
interior	3.59	267
interject	2	23
interjection	2.4700000000000002	3
interjectionally	1.71	0
interjector	3.13	0
interjectory	1.74	0
interlace	3.44	2
interlaced	3.08	8
interlaid	2.87	0
interlining	3.41	0
interlink	3	0
interlock	3.2	18
interlocking	3.18	11
interlope	2.46	0
interloper	2.48	10
interlude	2.04	22
intermarriage	2.25	0
intermarry	2.4300000000000002	1
intermediacy	1.93	0
intermediary	2.0699999999999998	17
intermediate	1.93	23
intermediately	1.65	1
intermediateness	1.74	0
intermediation	2.31	0
intermediator	2.5	1
intermesh	2.08	0
intermingle	2.56	5
intermission	2.85	69
intermittence	2.1	0
intermittency	2.04	0
intermittent	2.61	28
intermittently	2.11	10
intermitting	2	0
intermix	2.42	8
intern	3.86	232
internal	2.41	502
internalization	1.89	0
internalize	1.88	4
internally	2.86	65
internals	2.44	5
international	2.82	725
internationalism	2.04	0
internationalist	2.76	2
internationality	2.2799999999999998	0
internationalization	1.67	0
internationalize	1.8	0
internationally	2.23	30
internet	3.64	334
internist	3.42	14
internment	2.81	18
internship	3	152
interoffice	2.78	23
interpersonal	2.36	14
interplanetary	2.66	14
interplay	2	4
interpolation	1.36	2
interposing	1.85	0
interpret	2.34	125
interpretable	2.2000000000000002	0
interpretation	1.4	130
interpretative	1.84	1
interpretatively	1.69	0
interpreter	3.67	91
interpretive	1.7	21
interpretively	1.21	0
interracial	2.93	13
interregional	2.5	0
interrelate	1.76	0
interrelated	1.57	4
interrelatedness	1.69	0
interrelation	2.0699999999999998	0
interrelationship	2.29	2
interreligious	1.43	0
interrogate	2.48	98
interrogatingly	1.62	0
interrogation	3.33	289
interrogational	2.46	0
interrogative	1.92	2
interrogatively	1.92	0
interrogator	4	17
interrogatory	1.83	3
interrupt	3	955
interrupted	2.93	267
interrupter	3.58	3
interruptible	2	0
interrupting	3	391
interruption	2.75	96
interruptive	2	1
interscholastic	2.04	2
intersect	3.62	16
intersection	4.1399999999999997	116
intersexuality	1.97	0
interspatial	1.83	0
interspecies	2.42	3
intersperse	2.23	1
interstate	3.93	110
interstellar	2.63	33
intertwine	3.17	8
intertwining	3.27	1
interval	2.57	45
intervene	2.57	72
intervener	3.41	0
intervention	2.85	186
interventional	1.71	0
interventionism	2.19	0
interventionist	2.29	3
interview	3.36	1505
interviewee	3.89	4
interviewer	4.47	22
interweave	2.34	1
interweaving	3.07	0
interwove	2.96	0
interwoven	3.45	6
intestinal	3.82	32
intestinally	3.08	0
intestine	4.55	52
intestines	4.74	87
intimacy	1.96	167
intimate	2.0699999999999998	355
intimately	1.53	71
intimateness	2	0
intimation	1.69	0
intimidate	1.75	87
intimidating	2.21	70
intimidation	2.11	28
intimidator	2.76	1
into	2.2999999999999998	43074
intolerability	1.61	0
intolerable	1.93	69
intolerableness	1.85	0
intolerably	1.59	2
intolerance	2	34
intolerant	2.14	44
intolerantly	2	0
intonation	2.46	10
intoxicant	3.31	0
intoxicate	3	2
intoxicated	3.56	52
intoxicating	2.5	49
intoxicatingly	2.15	0
intoxication	3	19
intoxicative	2.12	0
intoxicator	3.23	0
intracellular	2.2999999999999998	0
intracranial	2.85	23
intractability	1.4	0
intradepartmental	2.38	0
intramural	2.13	4
intramuscularly	2.27	0
intranet	3.38	4
intrapulmonary	2.81	0
intrastate	2.56	2
intravascular	3.34	2
intravenous	3.19	32
intravenously	3.17	12
intrepid	1.93	31
intrepidness	1.6	0
intricacy	2	4
intricate	2.36	53
intricately	2.3199999999999998	1
intricateness	2.08	0
intrigue	2	77
intrigued	1.85	90
intriguer	2.54	0
intriguing	1.59	130
intriguingly	1.38	2
intrinsic	1.69	10
intrinsically	1.74	4
intro	2.97	102
introduce	2.62	1771
introducer	3.41	3
introducible	1.81	0
introduction	3	218
introductive	1.86	0
introductory	2.4300000000000002	17
introspect	1.92	1
introspection	1.35	9
introspective	1.52	15
introspectively	1.76	1
introspectiveness	1.5	0
introversion	2.04	0
introvert	2.25	3
introverted	2.0299999999999998	8
intrude	2.81	129
intruder	4.1399999999999997	186
intruding	2.52	94
intrusion	2.25	127
intrusive	1.42	31
intrusively	1.93	0
intrusiveness	1.86	0
intuition	1.67	175
intuitional	1.64	0
intuitionally	2.04	0
intuitionism	1.91	0
intuitive	1.23	54
intuitively	1.21	5
intuitiveness	1.79	0
inundate	2.36	0
invade	3.28	156
invader	4.1100000000000003	28
invalid	2.48	88
invalidate	1.59	18
invalidation	1.83	1
invalidator	2.04	0
invalidity	1.7	0
invalidly	1.88	0
invaluable	2.1800000000000002	66
invaluableness	1.64	0
invaluably	1.63	1
invariability	1.93	0
invariableness	1.73	0
invariably	1.92	44
invariance	1.62	2
invariantly	1.56	0
invasion	3.65	434
invasive	2.1	59
invent	2.66	235
invention	3.48	310
inventive	1.96	46
inventively	1.8	1
inventiveness	2	6
inventor	3.82	117
inventory	3.74	238
inverse	2.27	14
inversed	2.19	0
inversely	1.97	2
inversion	2.2200000000000002	13
invert	3.41	6
invertebrate	4	1
inverted	3.25	40
inverter	3.56	2
invest	2.4700000000000002	241
investable	1.88	0
investigable	2.12	0
investigate	2.27	483
investigating	3	466
investigation	2.52	1491
investigational	1.97	0
investigative	2.0299999999999998	82
investigator	4.37	311
investigatory	1.68	0
investment	3.59	497
investor	4.3	65
invigorate	1.96	3
invigorated	2.61	7
invigorating	1.88	15
invigoration	1.89	0
invigorative	1.67	0
invigorator	2.33	0
invincibility	1.93	5
invincible	1.86	154
invincibleness	2.41	0
invincibly	1.5	1
invisibility	2.27	34
invisible	2.83	630
invisibleness	2.31	0
invisibly	2.27	5
invitation	3.65	759
invitational	2.93	5
invite	3	1509
invitee	3.6	2
inviter	3.15	1
inviting	1.97	367
invitingly	1.56	1
invitingness	1.91	0
invocative	1.57	0
invoice	4.37	53
invoke	1.64	51
invoker	2.7	0
involuntarily	1.92	17
involuntary	1.7	52
involve	2.4300000000000002	330
involved	2.0299999999999998	3465
involvedness	1.73	0
involvement	1.46	249
invulnerable	2.1800000000000002	36
invulnerableness	1.54	0
invulnerably	1.59	0
inward	2.4300000000000002	40
inwardly	1.88	8
inwardness	1.31	0
inwards	2.4300000000000002	6
iodine	4.41	64
iodization	2.9	0
iodize	2.76	0
ion	3	20
ionic	2.14	8
ionization	2.52	12
ionize	2.52	0
ionizer	3.23	0
ionosphere	3.42	10
ipad	4.96	0
iphone	4.93	0
ipod	4.8600000000000003	0
irate	2.36	31
irately	1.92	1
iridescence	3.74	0
iridescent	3.24	3
iridescently	2.65	0
iris	4.54	270
irk	2.54	5
irksome	1.83	9
iron	4.59	915
ironbound	3	1
ironclad	2.59	26
ironfisted	2.21	0
ironhanded	2.2599999999999998	0
ironic	1.57	312
ironical	1.68	6
ironically	1.4	85
ironing	4.0999999999999996	75
ironingboard	4.83	0
ironman	3.96	1
ironsmith	4.43	0
ironware	4.5	0
ironwork	4.45	3
ironworker	4.75	0
ironworking	3.61	0
ironworks	4.17	8
irony	1.59	233
irradiated	2.46	8
irradiation	2.88	1
irradiative	2.17	0
irrational	1.79	149
irrationalism	1.67	0
irrationality	2.0299999999999998	1
irrationalize	1.56	0
irrationally	2.12	9
irreclaimable	1.96	0
irrecognizable	1.81	0
irreconcilability	1.58	0
irreconcilable	1.64	6
irreconcilably	1.83	0
irrecoverable	1.96	1
irrecoverably	1.64	0
irredeemable	1.96	3
irredeemably	1.65	2
irrefutability	1.64	0
irrefutable	1.89	13
irrefutably	1.58	1
irregular	2.4300000000000002	129
irregularity	1.86	20
irregularly	1.77	0
irrelative	1.81	0
irrelatively	1.36	0
irrelevance	1.76	0
irrelevancy	1.89	3
irrelevant	1.5	262
irrelevantly	1.7	0
irremediable	1.8	0
irremovably	1.62	0
irrepairable	2.54	0
irreparable	2.2200000000000002	34
irreparably	1.9	6
irreplaceable	1.67	43
irreplaceably	1.54	0
irrepressible	1.81	10
irrepressibleness	1.52	0
irreproachability	1.7	0
irreproachable	1.68	2
irreproachably	1.33	0
irreproducible	1.69	0
irresistibility	1.86	1
irresistible	2	165
irresistibleness	1.58	0
irresistibly	1.73	5
irresolutely	1.22	0
irresolvable	2.08	0
irrespectively	1.3	0
irresponsibility	1.97	8
irresponsible	2.04	237
irresponsibly	2.31	10
irresponsive	2.19	0
irresponsiveness	2.04	0
irretrievability	1.88	0
irretrievable	1.81	3
irretrievableness	1.83	0
irretrievably	1.63	6
irreverence	2.21	9
irreverent	1.77	7
irreverently	1.36	0
irreversibility	1.88	0
irreversible	2.14	41
irreversibleness	1.52	0
irreversibly	2.39	4
irrevocability	1.88	1
irrevocable	1.97	19
irrevocableness	1.83	0
irrevocably	1.37	17
irrigate	3.53	31
irrigation	4	43
irrigator	4.3099999999999996	0
irritability	2.21	11
irritable	2.15	74
irritableness	2.12	0
irritably	2.5299999999999998	0
irritant	3.67	6
irritate	2.4300000000000002	48
irritating	2.1	111
irritatingly	1.8	1
irritation	2.57	32
irritator	2.96	0
is	1.59	459663
islam	2.9	7
islamic	2.85	6
islamist	3.46	0
island	4.96	2018
islander	4.1900000000000004	2
isle	3.89	62
isolate	2.67	147
isolated	2.74	310
isolating	2.72	21
isolation	2.54	158
isolationism	1.7	3
isolationist	2.86	7
isolator	2.88	0
isometric	2.27	4
isometrics	2.57	7
isotope	3.5	25
isotopic	2.04	3
isotropic	2.46	0
issuable	2.11	0
issuance	1.79	3
issue	2.37	1741
issueless	2	0
issuer	2.93	0
issuing	1.9	46
it	2.81	963712
italic	3.79	3
italicize	2.81	0
italics	4.26	5
itch	3.15	213
itchiness	3.36	1
itching	3.86	115
itchy	3.21	116
item	4.41	628
itemization	2.73	0
itemize	2.77	5
itemized	3.08	12
itemizer	3.11	0
iterate	2.23	1
iteration	2.89	3
itinerary	3.93	85
its	1.9	8757
itself	2.0699999999999998	2029
itunes	4.54	0
ivory	4.76	71
ivy	4.5	172
jab	4.1100000000000003	171
jabbed	3.67	8
jabber	2.67	25
jabberer	3.27	0
jabbering	3.18	26
jabbing	3.68	15
jack	4.3	12831
jackal	4.3899999999999997	81
jackass	3.66	347
jacket	4.8600000000000003	1704
jacketed	3.78	3
jacketless	3.7	0
jackhammer	4.8899999999999997	27
jackknife	4.33	9
jackpot	3.41	189
jackrabbit	4.66	33
jade	4.38	259
jaded	2.0699999999999998	40
jadedness	2.19	0
jadestone	4.4400000000000004	0
jag	3.26	89
jagged	3.74	29
jaggedly	2.5	0
jaggedness	2.9	0
jaguar	4.9000000000000004	121
jail	4.83	3602
jailbait	3.25	14
jailbird	4.04	34
jailbreak	3.28	26
jailer	4.4800000000000004	77
jailhouse	4.37	69
jalapeno	4.8499999999999996	6
jam	4.71	690
jambalaya	4.37	12
jamboree	3.41	27
jammer	3.64	25
janitor	4.68	292
janitorial	2.63	22
january	3.13	341
japan	4.82	791
jar	5	424
jargon	2.0699999999999998	31
jargonize	2.2000000000000002	0
jarhead	3.69	23
jarring	2.36	10
jarringly	2.35	0
jasmine	4.55	278
jaundice	4.3	14
jaundiced	3.84	11
jaunt	2.78	19
jauntiness	2.23	0
jaunty	1.81	9
java	3.82	78
javelin	4.9000000000000004	24
jaw	4.87	364
jawbone	4.96	21
jawbreaker	4.22	6
jawed	3.72	5
jawless	2.9	0
jawline	4.32	2
jaws	4.46	133
jay	3.77	821
jaybird	4.7300000000000004	11
jaywalk	3.68	5
jaywalker	4.07	3
jazz	3.9	608
jazzercise	3.92	0
jazzily	1.75	0
jazziness	2.17	0
jazzman	4.58	2
jazzy	2.77	25
jealous	2.17	1952
jealously	2.0299999999999998	10
jealousness	1.86	0
jealousy	1.8	293
jean	4.6900000000000004	904
jeans	5	337
jeep	4.8	524
jeer	2.62	3
jeerer	3.04	0
jeering	3.27	20
jeeringly	2.36	0
jell	3.68	6
jellied	3.9	5
jellification	3	0
jelly	4.93	363
jellybean	4.9000000000000004	23
jellyfish	4.93	74
jellylike	3.35	1
jellyroll	4.62	4
jeopardize	1.74	147
jeopardy	1.93	175
jerk	3.26	1690
jerkily	2.81	0
jerkiness	2.87	0
jerky	3.74	116
jersey	4.5599999999999996	923
jest	2.15	68
jester	4.6399999999999997	117
jesting	2.09	6
jestingly	1.58	0
jet	4.7699999999999996	721
jetlag	2.96	0
jetliner	4.33	3
jetski	4.8899999999999997	0
jetted	3.2	3
jettison	3.07	37
jewel	4.96	369
jeweled	4.33	15
jeweler	4.6100000000000003	53
jewelry	4.82	564
jewish	3.32	702
jezebel	2.52	34
jiffy	2.33	80
jig	3.85	87
jiggle	3.52	62
jigsaw	4.78	95
jihad	2.73	39
jilt	2	2
jimmy	3.93	4091
jingle	3.7	258
jingled	3.43	2
jingling	3.38	37
jinx	2.0299999999999998	204
jitter	3.38	8
jitterbug	3.68	19
jitters	3.79	66
jittery	3.17	21
jive	2.54	86
job	3.19	21063
jobholder	3.92	0
jobless	2.89	17
joblessness	2.5	0
jobseeker	4.07	0
jock	3.65	457
jockey	4.59	247
jockstrap	4.97	22
jog	3.63	123
jogger	4.68	24
jogging	4.67	131
john	3.48	9877
join	2.86	4255
joinable	2.0699999999999998	0
joiner	2.92	17
joining	2.73	614
joint	4.37	1405
jointed	3.74	2
jointing	3.4	0
jointly	2	12
joist	3.54	3
joke	2.9	3724
jokeless	2.04	0
joker	3.93	233
jokester	3.04	4
jokey	2.44	4
jokingly	2.1800000000000002	8
jolliness	2.2200000000000002	1
jolly	2.34	382
jolt	3.41	70
jolting	2.66	2
josh	2.68	1039
joshing	2.2000000000000002	18
jostle	3.45	5
jostler	3.14	0
jot	3.3	37
jotting	3.39	7
journal	4.63	453
journalism	2.37	195
journalist	4.04	311
journalistic	2.25	35
journalistically	2.38	1
journalize	2.64	0
journey	2.57	1017
journeying	2.59	5
journeyman	3.85	2
journeywoman	4.2	0
joust	4.03	58
jouster	3.65	3
jovial	2.81	11
joviality	2.2799999999999998	1
jovially	1.96	1
jovialness	1.96	0
jowl	4.45	4
joy	2.37	1456
joyful	2.12	76
joyfully	2.19	9
joyfulness	2.04	1
joyless	1.89	5
joylessly	2.1	0
joylessness	2.17	0
joyous	2.19	69
joyously	2.1	9
joyousness	2.17	0
joyride	3.27	45
joystick	4.74	15
jubilance	2.14	0
jubilancy	2.12	0
jubilant	2.44	8
jubilantly	1.92	1
jubilate	2.46	0
jubilation	2.2000000000000002	5
jubilatory	1.92	0
jubilee	2.29	41
judge	3.75	4063
judgelike	2.04	0
judger	2.68	0
judgeship	2.77	10
judgingly	1.76	0
judgment	1.68	839
judgmental	1.79	77
judicative	1.45	0
judicial	2.12	69
judicially	1.59	0
judiciary	2.33	11
judicious	2.12	8
judiciously	1.55	5
judo	4.32	49
jug	4.96	134
juggernaut	2.6	15
juggle	4.04	74
juggler	4.5	24
juggling	4.25	91
jugular	4.1900000000000004	71
juice	4.8899999999999997	1371
juiceless	3.16	0
juicer	4.4800000000000004	20
juiciness	3.44	0
juicy	3.96	219
jujitsu	4.28	16
jukebox	4.93	116
july	2.93	616
jumble	3	16
jumbo	3.24	144
jump	4.5199999999999996	3561
jumpable	2.58	0
jumper	4.03	117
jumpiness	3.07	0
jumprope	4.93	0
jumpsuit	4.82	36
jumpy	2.63	158
junction	3.96	150
juncture	3	40
june	3.4	962
jungle	4.66	1151
junior	3.5	1825
juniper	4.41	24
junk	3.88	784
junkie	3.85	265
junking	3.04	4
junkman	4.12	5
junky	3.07	23
junkyard	4.47	137
jurisdiction	2.0699999999999998	271
jurisdictional	2	10
jurisdictionally	1.8	0
jurist	3.96	13
juror	4.29	131
jury	4.6399999999999997	2181
juryman	3.79	0
jurywoman	4.5199999999999996	0
just	1.52	242206
justice	1.45	1910
justifiability	1.61	0
justifiable	1.86	27
justifiableness	1.64	0
justifiably	1.3	8
justification	1.52	47
justifier	1.85	0
justify	1.45	256
justifying	1.5	13
justly	1.44	17
justness	1.38	1
jutting	3	5
juvenile	3.31	261
juvenility	2.04	0
juxtapose	2.3199999999999998	3
juxtaposition	2.39	8
kabob	4.75	4
kale	4.8099999999999996	28
kaleidoscope	4.79	15
kaleidoscopic	4.04	0
kamikaze	3.38	68
kangaroo	4.8600000000000003	118
kaput	2.15	51
karaoke	4.2699999999999996	170
karat	3.64	8
karate	4.1399999999999997	386
karma	1.93	176
kayak	4.7	26
kayaker	4.33	1
kazoo	4.8499999999999996	31
kebab	4.8499999999999996	31
keel	3.48	61
keelboat	4.84	0
keeled	2.63	23
keen	1.61	228
keenly	1.48	19
keenness	1.59	4
keep	2.37	35846
keeper	3	208
keeping	2.19	2608
keepsake	3.89	36
keg	4.75	175
kelp	4.9000000000000004	63
kennel	4.7300000000000004	57
kept	2.79	4559
keratin	3.84	2
kerchief	4.8499999999999996	19
kernel	4.21	35
kerosene	4.96	66
ketchup	5	310
kettle	4.75	143
kettledrum	4.9000000000000004	2
kettledrummer	4.4800000000000004	0
kevlar	4.88	0
key	4.8899999999999997	4430
keyboard	4.93	92
keyboardist	4.5199999999999996	3
keycard	4.83	0
keyed	3.47	39
keyhole	4.63	53
keyless	3.36	1
keynote	2.97	33
keypad	4.8099999999999996	27
keypress	3.81	0
keystone	3.66	18
keystroke	3.85	10
keyword	2.89	27
khaki	4.1900000000000004	42
kibble	4.29	41
kick	4.33	3744
kickable	2.96	1
kickback	3.17	15
kickball	4.6399999999999997	5
kickboxer	4.55	0
kickboxing	4.59	22
kicker	3.88	54
kicking	4.07	795
kickoff	4.41	53
kickstand	4.8	0
kickstart	3.25	0
kid	4.5599999999999996	17299
kidder	3.12	44
kidding	1.82	6822
kiddo	3.16	432
kidnap	3.83	331
kidnaper	3.96	0
kidnapper	4.29	206
kidnapping	3.47	617
kidney	4.96	494
kids	4.6100000000000003	15356
kill	3.9	23081
killable	1.93	0
killer	3.31	3206
killing	3.43	3965
killingly	1.84	0
killjoy	2.42	24
kiln	4.82	19
kilo	3.17	80
kilobyte	3.04	1
kilocalorie	2.96	0
kilogram	4.1399999999999997	3
kilohertz	2.58	1
kilometer	4.07	20
kilowatt	3.62	6
kilt	4.71	31
kilter	2.64	4
kimono	4.43	55
kin	4.0999999999999996	218
kind	2.0699999999999998	30125
kindergarten	3.9	195
kindergartener	4.08	1
kindergartner	4.45	2
kindhearted	2.04	8
kindheartedly	2.0699999999999998	0
kindheartedness	2	0
kindle	3.74	9
kindliness	2.0699999999999998	2
kindling	3.76	29
kindly	1.93	538
kindness	1.74	460
kindred	1.86	45
kinetic	2.2400000000000002	32
kinetically	2.2799999999999998	0
kinetics	2.39	1
kinfolk	3.66	18
king	4.0999999999999996	6592
kingdom	3.76	787
kingfish	4.62	6
kingfisher	4.71	9
kinghood	2.78	0
kingless	2.67	0
kinglike	2.3199999999999998	0
kingliness	2.15	0
kingly	2	4
kingpin	3.48	51
kingship	3.21	3
kink	3.57	34
kinkily	2.75	0
kinkiness	2.0699999999999998	1
kinky	2.31	152
kinsfolk	3.67	0
kinship	2.21	22
kinsman	3.5	16
kinswoman	3.68	1
kiosk	4.58	23
kiss	4.4800000000000004	6179
kissable	2.39	5
kisser	3.7	174
kissing	4.5199999999999996	1189
kissy	3.46	20
kit	4.47	900
kitchen	4.97	2974
kitchenette	4.5599999999999996	16
kitchenware	4.68	2
kite	5	117
kitten	4.8600000000000003	241
kittenishly	2.69	0
kitty	4.97	1362
kiwi	4.8600000000000003	40
kleenex	4.92	78
kleptomania	2.69	4
kleptomaniac	2.79	9
klutz	2.44	47
klutziness	2.5	1
klutzy	2.5299999999999998	5
knack	2.0499999999999998	127
knapsack	4.9000000000000004	33
knead	3.89	9
kneader	3.55	4
kneading	3.6	9
knee	5	749
kneecap	4.7	29
kneed	3.81	12
kneel	4.3099999999999996	272
kneeler	4.1100000000000003	2
kneeling	4.38	54
kneepad	4.76	2
knelt	4	19
knew	1.63	18817
knickers	4.54	65
knickknack	4.1100000000000003	4
knife	4.9000000000000004	2387
knifeboard	4.4000000000000004	0
knifeless	3	0
knifelike	3.07	0
knifeman	4.58	0
knight	4.79	1365
knighthood	2.78	26
knightly	2.69	9
knit	4.41	97
knitted	4.21	33
knitter	4.5199999999999996	2
knitting	4.1399999999999997	115
knitwear	4.63	0
knitwork	4.28	0
knob	4.75	125
knobbiness	3.09	0
knobby	3.54	4
knoblike	3.27	0
knock	4.24	3299
knockdown	3.6	18
knocker	3.88	17
knocking	4.29	759
knockoff	2.85	23
knockout	3.56	170
knoll	4.2699999999999996	27
knot	4.87	188
knothole	3.96	6
knotless	3.24	0
knotted	3.85	21
knotting	4	2
knotty	3.34	7
know	1.68	291780
knowable	1.88	1
knower	2.37	1
knowhow	2.11	7
knowing	1.59	2307
knowingly	1.88	37
knowingness	1.25	0
knowledge	1.73	1302
knowledgeable	1.92	40
knowledgeably	1.84	0
known	1.83	6300
knuckle	4.93	66
knuckleball	3.96	2
knucklebone	4.46	0
knuckled	3.66	1
knucklehead	2.19	55
knuckles	4.87	176
koala	4.7699999999999996	31
kooky	1.96	35
kosher	3.07	137
krypton	3.41	35
kryptonite	2.96	41
kudos	2	44
kumquat	4.88	24
kwanza	3.04	4
l	3.13	4841
lab	4.6900000000000004	2020
label	4.46	351
labeler	3.81	1
labia	4.82	14
labor	3.08	621
laboratorial	2.65	0
laboratory	4.46	331
labored	2.62	25
laborer	4.28	23
laboring	2.83	15
laborious	2	6
laboriously	2.67	1
laboriousness	2.04	0
laborsaving	2.11	1
labrador	4.3499999999999996	27
labyrinth	4.22	41
lace	4.8499999999999996	189
laced	3.7	56
lacelike	3.2	0
lacerate	3.63	1
lacerated	3.57	25
laceration	4.2	60
lacework	3.89	0
lacing	4.07	7
lack	2.04	905
lackadaisical	1.69	4
lackadaisically	1.76	1
lackey	3.26	33
lackluster	1.75	6
lacquer	4.28	22
lacquering	4	0
lacrosse	4.28	53
lactate	3.59	8
lactated	3.48	4
lactation	3.78	3
lactic	2.65	5
lactose	4.18	30
lacy	3.84	32
lad	4.28	736
ladder	5	472
laddered	3.16	2
laden	2.96	83
ladies	4.5999999999999996	7054
ladle	4.9000000000000004	38
lady	4.33	11071
ladybird	4.76	7
ladybug	4.92	20
ladyfinger	3.68	0
ladylike	2.1800000000000002	43
ladylikeness	2.11	0
ladylove	2.5499999999999998	1
lag	3.04	75
lager	4.6399999999999997	25
lagged	2.92	4
lagging	2.33	13
lagoon	4.5	81
laid	3.6	1527
lair	3.76	123
lake	4.88	1836
lakefront	4.7699999999999996	6
lakeshore	4.38	9
lakeside	4.29	36
lamb	4.97	542
lambskin	4.72	4
lame	2.52	557
lamebrain	2.42	13
lamely	1.97	3
lameness	2.11	5
lament	1.75	49
lamentable	2	7
lamentably	1.91	2
lamentation	2.31	3
lamented	2.2200000000000002	10
lamenter	2.6	0
lamenting	2.15	8
laminate	3.89	10
laminated	3.93	18
lamination	3.93	6
laminator	4.3	1
lamp	4.97	657
lamplight	4.8	6
lamplighter	4.24	3
lamppost	4.66	28
lampshade	4.82	14
lance	4.07	554
lanced	3.7	6
lancer	4	22
lances	3.59	29
land	4.57	4494
landed	3.07	653
landfall	3.46	25
landfill	4.6900000000000004	66
landform	4.38	0
landholder	3.72	0
landholding	2.93	0
landing	3.87	818
landlady	4.22	106
landless	2.2799999999999998	0
landline	4.5	10
landlocked	3.79	10
landlord	4.66	272
landmark	4.0999999999999996	64
landmass	4.21	4
landmine	4.8499999999999996	7
landowner	4.29	19
landownership	2.78	0
landowning	2.64	0
landscape	4.34	127
landscaper	3.92	19
landscaping	4.21	64
landscapist	3.59	0
landside	4.43	0
landslide	4.3600000000000003	42
lane	4.66	1704
language	2.35	1790
languidly	2.31	1
languidness	1.58	0
languish	2.0699999999999998	8
languishing	2.08	9
languishingly	1.85	0
lankiness	3.12	0
lanky	3.12	22
lantern	5	103
lanyard	4.46	4
lap	4.1100000000000003	687
lapboard	4.42	0
lapdog	4.3099999999999996	21
lapel	4.5599999999999996	25
lapelled	3.18	0
lapful	3.09	0
lapped	3.38	8
lapping	3.44	21
lapse	2.85	70
lapsed	2.0699999999999998	22
lapsing	2.41	2
laptop	4.96	177
larcenist	2.88	1
larceny	2.6	113
lard	4.88	86
large	3.37	2114
largely	2.3199999999999998	84
largemouth	4.04	3
largeness	2.89	2
lark	4.28	83
larkish	2.08	0
larva	4.5199999999999996	13
larvae	4.62	29
larval	3.27	7
laryngitis	4.37	23
laryngologist	3.82	0
laryngoscope	4.4800000000000004	13
larynx	4.5	58
lasagna	4.8899999999999997	183
lascivious	2.04	34
lasciviously	2.15	5
laser	4.5	433
laserdisc	4.93	0
laserjet	4.6399999999999997	2
lash	3.79	85
lasso	4.74	45
last	3.04	36878
lasting	2.2999999999999998	120
lastingly	2.21	0
lastingness	2	0
lastly	2.33	31
latch	4.79	98
latching	3.37	5
latchkey	3.39	16
late	2.6	13756
latecomer	3.04	1
lately	1.41	2459
latency	2.04	2
lateness	2.11	12
latent	1.81	39
latently	1.93	0
later	1.8	14889
lateral	3.5	78
laterally	2.96	11
latest	2.0699999999999998	955
latex	4.7699999999999996	74
lather	3.77	28
latherer	3.8	0
latitude	2.54	81
latitudinal	3.3	0
latrine	4.62	149
latte	4.6399999999999997	123
latter	2.17	64
latticed	3.8	1
latticework	4.63	0
laud	1.88	6
laudability	2	0
laugh	4.21	3206
laughable	2.0699999999999998	26
laughably	2.2200000000000002	2
laugher	4.13	4
laughing	3.96	2667
laughingly	2.5499999999999998	6
laughingstock	2.78	52
laughter	4.22	704
launch	3.7	1018
launcher	3.87	42
launder	3.18	34
launderer	3.08	3
laundering	2.82	70
laundry	4.93	972
laundryman	4.67	4
laundrywoman	4.2699999999999996	1
laurel	4.1500000000000004	188
lava	4.82	176
lavatory	4.8099999999999996	49
lavender	4.5199999999999996	104
lavish	2.31	39
lavishing	1.56	2
lavishly	2.04	2
lavishness	2.2400000000000002	0
law	2.57	5932
lawbreaker	3.9	7
lawbreaking	2.42	1
lawful	2.46	111
lawfully	2	55
lawfulness	1.74	0
lawgiving	1.96	0
lawless	3.03	22
lawlessly	1.77	0
lawlessness	2.58	26
lawmaker	4.1500000000000004	3
lawmaking	2.46	0
lawman	4.4400000000000004	58
lawn	4.93	630
lawnmower	4.97	24
lawsuit	2.94	311
lawyer	4.7	4055
lawyerlike	2.3199999999999998	1
lawyerly	1.79	2
lax	2.36	87
laxative	4.07	43
laxness	2.2200000000000002	0
lay	3.86	2970
layaway	2.83	74
layback	2.92	1
layer	3.52	189
layered	3.1	11
layering	3.43	7
laying	3.83	568
layman	2.96	48
layoff	2.83	11
layout	3.38	178
layover	2.93	25
laypeople	3.69	2
layperson	3.44	7
layup	3.83	8
laywoman	3.61	0
lazily	2.19	0
laziness	2.21	24
lazy	2.67	591
lazybones	2.79	8
leach	4.1500000000000004	38
lead	4.0999999999999996	4246
leaded	2.64	23
leader	3.89	1589
leaderless	2.17	3
leadership	2.4300000000000002	249
leading	3.14	1064
leadless	2.36	0
leadoff	2.77	5
leaf	5	265
leafed	3.58	4
leafless	4.04	0
leaflet	4.3099999999999996	2
leafy	3.89	24
league	3.46	950
leak	4.28	517
leakage	3.44	28
leaker	3.46	1
leakiness	2.9	0
leaky	3.57	56
lean	3	529
leaner	3.24	5
leaning	3.59	217
leanness	2.97	0
leap	3.86	340
leaper	3.37	4
leapfrog	4.1100000000000003	18
leapfrogging	3.57	1
leaping	4.28	80
leapt	3.57	45
learn	2.2000000000000002	6047
learnable	1.76	1
learned	2.46	2964
learnedly	1.96	0
learnedness	1.65	0
learner	3.28	61
learning	3.14	1036
leary	2.54	91
leasable	2	0
lease	3.52	320
leaseholder	4.33	3
leaser	3.32	0
leash	4.8899999999999997	219
leasing	2.67	27
least	2.36	10596
leastwise	1.75	8
leather	4.82	693
leatherjacket	4.7300000000000004	3
leatherneck	4.1100000000000003	2
leatherwork	4.1100000000000003	0
leatherworker	4.3499999999999996	0
leatherworking	4.1100000000000003	0
leathery	3.4	9
leave	2.5299999999999998	28596
leavening	3.76	1
leaves	4.78	2316
leaving	3.25	7211
leavings	2.92	10
lecherously	2.04	0
lectern	4.46	4
lecture	3.79	534
lecturer	4.34	41
led	2.62	1225
ledge	4.72	179
ledger	4.3600000000000003	62
leech	4.33	89
leeches	4.6399999999999997	67
leechlike	2.6	0
leek	4.92	15
leer	3.75	26
leeringly	1.74	0
leery	2.0299999999999998	162
leeway	1.96	28
left	3.7	24707
leftie	3.16	0
leftist	2.15	9
leftmost	3.25	0
leftover	4.1500000000000004	61
leftovers	4.4800000000000004	127
leftward	2.73	0
leftwards	2.96	0
leftwing	2.54	0
lefty	3.32	158
leg	4.83	2882
legacy	1.4	256
legal	1.79	1821
legalese	2.04	10
legalism	1.3	0
legalist	2.83	1
legalistic	1.67	2
legality	1.77	11
legalization	2	1
legalize	1.7	11
legally	2.23	388
legend	2.96	875
legendary	2.04	205
legendry	1.56	0
legged	3.58	7
legging	4.66	2
leggings	4.8600000000000003	13
legibility	2.5499999999999998	0
legible	3.76	11
legibleness	2.58	0
legibly	2.68	1
legion	2.69	126
legionnaire	4.3600000000000003	4
legislate	2.33	16
legislation	3.14	52
legislative	2.14	14
legislatively	2.15	0
legislator	3.75	8
legislatorial	2.2200000000000002	0
legislature	2.54	40
legit	2.29	136
legitimacy	2.0699999999999998	26
legitimate	1.63	384
legitimately	1.96	21
legitimateness	1.48	0
legitimatize	1.59	0
legitimism	1.76	0
legitimization	1.36	0
legitimize	1.81	5
legless	4.07	6
lego	4.7300000000000004	0
legroom	3.26	5
legume	4.3099999999999996	0
legwarmer	4.46	1
legwork	3.19	34
lei	4.83	37
leisure	2.0299999999999998	129
leisured	2	0
leisurely	1.9	29
leisurewear	4.33	1
lemon	5	613
lemonade	4.83	281
lemongrass	4.76	2
lemony	2.93	6
lend	3.07	595
lendable	1.83	0
lender	3.07	8
length	4.07	358
lengthen	3.47	12
lengthener	2.96	0
lengthiness	2.0699999999999998	0
lengthways	2.68	0
lengthwise	3.07	15
lengthy	3.24	37
lenience	1.39	2
leniency	1.71	22
lenient	1.96	46
leniently	1.73	1
lens	4.6399999999999997	238
lent	2.77	190
lentil	4.4800000000000004	11
leopard	5	276
leotard	4.74	20
leper	3.74	63
leprechaun	3.97	79
leprosy	4.0999999999999996	37
lesbian	4.21	485
lesbianism	2.48	9
lesion	4.38	30
less	2.77	5666
lessen	2.23	30
lessening	2.2000000000000002	4
lesser	2.29	137
lesson	2.79	1644
let	2.2599999999999998	123381
letdown	1.83	17
lethal	3.04	289
lethality	2	3
lethally	2.64	3
lethargic	2.61	16
lethargically	2.23	0
lethargy	2.52	6
letter	4.7	4213
letterbox	4.5999999999999996	2
lettered	3.04	7
letterhead	4.3099999999999996	21
lettering	4.41	23
letterpress	4.21	0
lettuce	4.97	173
leukemia	3.57	97
level	2.86	2633
levelheaded	2.35	6
levelheadedness	1.84	1
leveling	2.97	22
levelness	3.11	0
lever	4.7699999999999996	163
leverage	2.6	139
leveraged	2.34	12
levers	4.8499999999999996	19
leviathan	3.5	29
levitate	3.37	21
levitation	3.22	9
levitator	3.62	0
levity	1.81	19
levy	3.54	99
lewd	2.2400000000000002	65
lewdly	1.73	2
lewdness	2.21	10
liability	1.96	158
liable	2.04	369
liaison	2.89	139
liar	3.43	1792
libel	2.21	56
libelous	1.68	3
liberal	1.67	203
liberalism	1.72	5
liberalist	1.83	0
liberalistic	1.81	0
liberality	1.5	0
liberalization	1.64	4
liberalize	1.93	0
liberally	1.9	17
liberalness	1.32	0
liberate	2.29	59
liberating	1.81	49
liberation	2.21	118
liberationist	3.07	0
liberator	3.19	19
libertarian	2.34	4
libertarianism	1.75	1
libertinism	1.58	0
liberty	1.85	849
libido	2.63	57
librarian	4.4000000000000004	147
library	4.8	1170
lice	4.7300000000000004	109
licence	4.57	251
licensable	2.5	0
license	4	1635
licensed	2.74	140
licensee	3.9	1
licenser	3.39	0
licensing	2.15	11
licensure	2.78	1
lick	4.5199999999999996	559
licker	3.33	5
licking	3.93	175
licorice	4.97	44
lid	4.96	251
lidless	3.81	2
lie	3.11	6133
lied	2.57	2234
lieu	1.73	57
lieutenancy	2.25	1
lieutenant	4.41	5306
life	2.69	40629
lifeblood	3	13
lifeboat	4.4800000000000004	71
lifebuoy	4.6500000000000004	3
lifeguard	4.47	85
lifeless	3.03	64
lifelessly	2.36	2
lifelessness	2.76	1
lifelike	2.74	31
lifelikeness	1.77	0
lifeline	3.28	44
lifelong	1.92	77
lifer	3.28	29
lifesaver	4.28	62
lifesaving	2.21	19
lifespan	2.5499999999999998	18
lifestyle	2.14	252
lifetime	2.15	929
lifevest	4.54	0
lift	3.89	1741
lifter	3.93	12
lifting	3.9	221
liftoff	3.7	33
ligament	4.33	25
ligature	3.81	37
light	4.21	8425
lightbulb	5	0
lighten	2.93	301
lightener	2.65	1
lightening	4.1900000000000004	26
lighter	4.53	457
lightheaded	2.57	28
lightheadedness	2.87	1
lighthearted	2	11
lightheartedly	2.15	0
lightheartedness	2.14	1
lighthouse	4.96	157
lighting	4.38	323
lightless	3	0
lightlessness	2.17	0
lightly	2.6	235
lightness	2.6	20
lightning	4.59	721
lightproof	3.04	0
lightsaber	4.79	0
lightswitch	4.68	0
lightweight	2.93	59
lightwood	3.81	0
lightyear	2.4500000000000002	0
likability	1.82	2
likable	1.93	43
likableness	1.42	0
like	1.89	203947
likeability	1.71	3
likelihood	1.73	58
likeliness	1.61	0
likely	1.76	1314
liken	2.04	3
likeness	2.2200000000000002	98
likewise	2.0699999999999998	182
liking	1.92	320
lilac	4.6900000000000004	39
lilly	4.7699999999999996	238
lily	4.6900000000000004	1370
lima	3.87	61
limb	4.6399999999999997	238
limber	3.21	42
limberness	2.81	0
limbless	3.77	1
limbo	2.65	121
lime	4.96	168
limeade	4.4400000000000004	5
limelight	2.54	38
limelighter	3.58	0
limerick	3.85	34
limes	4.92	28
limestone	4.59	27
limit	2.2799999999999998	664
limitable	1.96	0
limitation	2.1800000000000002	15
limitative	1.69	0
limited	1.87	561
limitedly	2.4300000000000002	0
limitedness	1.68	0
limiter	2.31	0
limiting	1.6	37
limitless	1.71	36
limitlessly	1.82	0
limitlessness	1.38	1
limo	4.7	432
limousine	4.63	144
limp	4.1500000000000004	187
limping	3.96	58
limply	2.42	0
limpness	3.67	0
line	4.5	10515
lineage	3.15	43
linear	3.45	28
linearly	2.5	0
lineate	2.2599999999999998	0
linebacker	4.6900000000000004	30
lined	3.59	330
lineless	2.96	0
lineman	4.5999999999999996	10
linen	4.8	149
liner	4.2	62
linesman	4.1500000000000004	1
lineup	3.79	144
linger	2.41	74
lingerie	4.87	144
lingering	1.85	45
lingo	2.27	59
lingual	2.76	4
linguini	4.5599999999999996	22
linguist	3.72	27
linguistic	2.56	18
linguistically	1.83	1
linguistics	2.63	25
lining	4.41	231
link	3.43	609
linkable	2.46	0
linkage	2.75	15
linked	3.36	219
linking	2.69	67
links	3.52	141
linoleum	4.8499999999999996	27
linseed	4.3600000000000003	10
lint	4.96	68
lion	4.96	783
lioness	4.43	17
lionfish	4.55	6
lionhearted	2.19	4
lip	4.96	548
lipid	3.04	3
lipless	3.26	1
liposuction	4.0999999999999996	40
lipread	3.62	0
lipreading	3.71	1
lipstick	4.9000000000000004	449
liquefiable	3.08	0
liquefier	3.19	0
liquefy	3.31	10
liqueur	4.6399999999999997	28
liquid	4.72	395
liquidate	2.79	39
liquidation	2.81	7
liquidator	3.24	3
liquidity	2.64	3
liquidize	3.35	0
liquidizer	3.43	0
liquidly	2.58	0
liquidness	3.3	1
liquor	4.7300000000000004	882
lisp	3.86	21
list	4.43	4110
listed	2.81	284
listen	3.47	27784
listener	3.46	72
listening	2.48	3205
listerine	4.74	0
listing	3.15	96
listless	2.0699999999999998	9
listlessly	1.87	2
listlessness	1.74	2
lit	3.67	496
liter	4.24	89
literacy	2.04	25
literal	1.53	69
literalism	1.57	0
literalist	2.2000000000000002	0
literalistic	1.93	0
literality	1.64	0
literalize	1.58	0
literally	2.48	739
literary	2.3199999999999998	130
literate	2.48	17
literature	4.0999999999999996	326
lithium	4.13	60
lithograph	4.3899999999999997	3
lithographer	3.86	0
litigate	2.54	4
litigation	2.96	74
litigator	3.55	29
litmus	3.2	13
litter	4.47	200
litterbug	4.07	3
litterer	3.79	0
little	3.67	73766
littleness	2.3199999999999998	4
livability	2	0
livable	2.48	14
livableness	2.16	0
live	3.57	17574
liveable	2.25	3
lived	2.38	3368
livelihood	2.38	76
liveliness	2.27	0
livelong	1.88	13
lively	2.36	207
liven	1.88	46
liver	4.68	729
liverless	2.64	0
liverwurst	4.6100000000000003	21
livery	3.87	65
livestock	4.7	102
livewire	3.46	0
livid	2.52	22
lividly	2.14	0
lividness	2.35	0
living	3.04	7983
livingly	1.77	0
lizard	4.68	247
llama	4.78	72
load	3.63	1490
loaded	3.14	948
loader	3.43	23
loading	3.74	248
loaf	4.79	228
loafer	4.2	20
loafing	2.33	24
loan	3.72	1013
loaner	2.7	16
loath	1.63	5
loathe	2.04	106
loathing	1.89	25
loathingly	2.04	0
loathsome	2.19	53
loathsomely	1.48	0
loathsomeness	1.69	1
lob	3.83	14
lobby	4.7	647
lobbyer	3.28	0
lobbyism	1.95	0
lobbyist	3.71	22
lobe	4.4400000000000004	95
lobotomize	3.58	2
lobotomy	3.15	55
lobster	4.8600000000000003	374
local	3.04	2128
locale	2.96	16
locality	3.07	6
localizable	2	0
localization	2.63	1
localize	2.14	1
localized	2.4700000000000002	20
locally	2.4500000000000002	58
localness	2.46	0
locals	2.89	185
locate	2.97	524
locater	3.37	2
location	3	1263
locator	3.18	48
lock	4.6500000000000004	2885
lockable	3.38	0
lockbox	4.3899999999999997	16
lockdown	3.35	0
locked	4.43	2670
locker	4.67	815
locket	4.82	87
locking	3.48	212
lockjaw	3.96	14
lockless	3.52	0
lockout	3.15	16
locksmith	4.54	52
lockup	3.12	69
loco	1.88	101
locomotion	3.37	8
locomotive	4.82	41
locust	4.8	44
lodge	4	341
lodged	3.3	100
lodger	3.93	13
lodging	4.37	43
lodgings	4.21	19
loft	4.32	186
loftily	2.2200000000000002	0
loftiness	1.79	1
lofty	1.89	40
log	4.96	610
logarithm	2.65	2
logarithmic	2.0699999999999998	2
logarithmical	2.83	0
logbook	4.54	15
logged	2.82	107
logger	4.54	6
logging	3.81	46
logic	1.72	342
logical	2.11	377
logicality	1.92	0
logically	1.8	46
logicalness	1.54	0
logics	1.79	1
login	3.47	6
logistic	2.3199999999999998	2
logistical	2.0699999999999998	14
logistician	3.2	1
logistics	2.48	36
logjam	4.3499999999999996	4
logo	4.4000000000000004	92
logos	4.41	17
logroller	4.28	3
logrolling	4.12	0
loin	4.38	18
loincloth	4.88	9
loiter	3.61	13
loiterer	4.21	1
lol	2.92	0
lollapalooza	3.19	4
lollipop	4.96	91
lollygag	2.44	3
lollypop	5	2
lone	1.59	268
loneliness	2.37	255
lonely	2.19	2125
loneness	1.93	1
loner	3.36	158
lonesome	1.83	357
lonesomeness	1.83	1
long	3.18	34433
longboat	4.5999999999999996	21
longbow	4.96	7
longer	2.75	5046
longevity	1.9	28
longhair	4.21	4
longhaired	4.18	8
longhand	3.62	0
longhorn	4.5599999999999996	16
longing	2.14	145
longingly	1.52	2
longish	2.15	3
longitude	2.93	42
longitudinal	2.83	4
longitudinally	2.93	0
longneck	4.04	4
longship	3.96	2
longshoreman	4.58	14
longshot	1.89	5
longstanding	2.2799999999999998	8
longterm	2.0699999999999998	0
longtime	2.2999999999999998	27
longways	3	3
longwise	2.73	0
loo	4.2	121
look	2.96	99311
lookalike	3.17	3
looker	3.36	53
looking	3.53	22066
lookout	4.04	227
looks	2.7	15886
lookup	2.67	2
loom	4.5	21
looming	1.96	27
loon	4.26	72
looney	2.2799999999999998	54
loony	2.15	123
loop	4.26	345
loophole	2.63	52
looping	3.37	17
loopy	2.46	33
loose	3.18	2131
loosely	2.52	41
loosen	3.24	282
looseness	2.71	4
looser	2.75	26
loosing	1.97	14
loot	4.5	181
looter	4.38	10
lop	3.32	22
lopsided	3.56	22
lopsidedly	3.52	0
lopsidedness	3.45	0
loquaciously	2.04	0
lord	3.04	7046
lording	1.68	3
lordliness	1.89	0
lordly	2.14	7
lordship	3	165
lore	2.35	34
lose	2.25	8382
loser	2.35	1381
losing	2.2799999999999998	2722
loss	2.19	1485
lost	2.67	13974
lot	3.7	29066
lotion	4.79	166
lots	3.3	3068
lottery	4.1900000000000004	344
lotto	3.64	85
lotus	4.3499999999999996	104
loud	3.73	2031
loudly	3.12	131
loudmouth	3.16	53
loudmouthed	2.89	11
loudness	3.07	2
loudspeaker	4.82	47
lounge	3.96	401
lounger	4.04	3
lounging	3.21	21
lousily	1.86	0
lousiness	2.04	0
lousy	1.93	1210
lovability	1.79	0
lovable	1.97	91
lovably	1.96	1
love	2.0699999999999998	56864
lovebird	4.62	5
lovechild	2.87	0
loveless	1.86	23
loveliness	2.0699999999999998	41
lovelorn	2.13	16
lovely	2.29	4853
lovemaking	4	56
lover	3.68	1358
loveseat	4.87	3
lovesick	2.09	35
lovesickness	1.59	3
loving	1.73	1275
lovingly	2	46
lovingness	2.14	0
low	3.34	3016
lowball	2.5	8
lowbrow	1.96	7
lowdown	2.38	55
lower	2.76	1417
lowercase	3.57	2
lowerclassmen	3.6	1
lowering	3	59
lowermost	2.76	0
lowland	3.82	6
lowlander	3.12	2
lowlife	3.27	105
lowliness	1.8	0
lowly	1.71	87
lowness	1.78	3
loyal	1.69	612
loyalism	1.61	0
loyalist	2.64	9
loyally	1.83	10
loyalty	1.57	595
lozenge	4.59	8
luau	4.04	79
lube	4	35
lubricant	4.5199999999999996	35
lubricate	4.18	8
lubrication	3.62	13
lubricator	4.22	3
lucid	2.2999999999999998	65
lucidity	1.96	14
lucidly	2.0699999999999998	0
lucidness	2.13	0
luck	1.33	7840
luckily	1.55	326
luckiness	1.48	0
luckless	1.9	2
lucklessly	1.68	0
lucky	1.76	7316
lucrative	1.69	66
lucratively	1.92	0
ludicrous	1.68	84
ludicrously	1.43	4
ludicrousness	1.86	1
lug	3.78	132
luggage	4.83	567
lugged	3.19	9
lukewarm	3.64	24
lukewarmly	2.27	0
lull	2.3199999999999998	60
lullaby	3.83	88
lumbar	3.96	52
lumber	4.5599999999999996	126
lumbering	3.14	12
lumberjack	4.75	28
lumberman	4.43	1
lumberyard	4.5599999999999996	9
luminance	2.29	0
luminary	2.78	5
luminescence	3.19	4
luminescent	3.67	3
luminosity	2.68	2
luminous	3.12	39
luminously	2.38	0
luminousness	2.65	0
lump	4.5599999999999996	181
lumpiness	3.45	0
lumping	2.79	1
lumpish	2.76	0
lumpy	3.59	89
lunacy	1.76	51
lunar	3.56	105
lunatic	3.27	433
lunch	4.3099999999999996	5310
lunchbox	4.75	20
luncheon	3.92	167
lunchroom	4.63	17
lunchtime	3.79	125
lung	4.82	420
lunge	4.16	24
lunged	3.75	10
lungfish	4.58	11
lungworm	4.68	0
lupus	3.46	88
lurch	3.41	43
lure	3.59	217
luridly	1.62	0
luridness	1.64	0
lurk	2.85	21
lurker	3.46	3
luscious	1.93	65
lusciously	1.96	0
lusciousness	1.88	0
lush	2.8	60
lushly	2.0699999999999998	0
lushness	2.2400000000000002	0
lust	2.15	284
luster	2.93	16
lusterless	2.64	0
lustful	2.23	20
lustfully	2.11	1
lustfulness	2.0299999999999998	1
lustily	1.73	2
lustiness	2.1800000000000002	0
lustrous	2.5	15
lustrously	2.04	0
lusty	1.96	31
luxuriant	1.71	3
luxuriantly	1.86	1
luxuriate	1.52	2
luxurious	2.93	57
luxuriously	2.52	2
luxuriousness	2.2599999999999998	2
luxury	2.59	307
lye	3.92	31
lying	2.52	4472
lymph	3.48	14
lymphatic	2.9	14
lymphoma	3.76	28
lynch	3.39	257
lynching	4.28	47
lynx	4.5	1
lyre	4.2300000000000004	4
lyric	3.61	56
lyrical	2.15	26
lyrically	1.96	5
lyricism	2.25	2
lyricist	3.43	9
lyrics	3.86	259
ma	3.59	9476
macabre	2.25	19
macadamia	4.67	31
macarena	3.81	0
macaroni	4.97	166
macaroon	4.96	5
macaw	4.8099999999999996	12
mace	4.8099999999999996	178
machete	4.82	53
machetes	4.63	8
machination	2	2
machine	4.25	3583
machinegun	4.8499999999999996	0
machinelike	3.21	0
machinery	4.75	187
machinist	4.24	21
macho	1.9	191
mackerel	4.8899999999999997	108
macrame	4.17	4
macro	2.31	28
macrobiotic	2.2599999999999998	4
macrobiotics	2.93	1
macroeconomic	1.85	1
macronutrient	2.95	0
macroscopic	2.46	11
mad	2.76	5784
madam	3.77	2244
madame	4.24	1591
maddening	2.08	22
maddeningly	1.89	0
madder	2.36	44
made	2.52	28626
mademoiselle	3.67	417
madhouse	3.1	67
madly	1.75	155
madman	3.63	269
madness	1.97	431
madwoman	3.14	19
maelstrom	3.24	5
maestro	4.16	152
mafia	3.66	238
magazine	5	1693
magenta	3.81	32
maggot	4.97	81
magi	3.76	26
magic	2.9	2687
magical	2.2999999999999998	464
magically	1.67	85
magician	4.21	390
magistrate	3.82	70
magma	4.7300000000000004	18
magnanimous	1.71	13
magnanimously	1.39	0
magnesium	4.07	46
magnet	4.7	140
magnetic	3.4	215
magnetically	2.96	4
magnetism	2.54	49
magnetization	3.48	0
magnetize	2.81	3
magnetizer	3	0
magnetoelectricity	3.16	0
magnetometer	4.25	5
magnification	3.52	27
magnificence	1.83	33
magnificent	1.86	674
magnificently	1.83	28
magnifier	4.4000000000000004	3
magnify	3.71	30
magnifying	3.5	49
magnitude	2.4300000000000002	73
magnolia	4.71	36
magnum	3.28	613
mahjong	3.92	89
mahogany	4.5	38
maid	4.6399999999999997	1164
maiden	4.24	282
maidenhood	2.72	6
maidenly	1.83	1
maidservant	4.3899999999999997	6
mail	4.6900000000000004	1879
mailbag	4.8899999999999997	5
mailbox	5	212
mailed	3.69	106
mailer	4.12	33
mailing	3.63	67
mailman	4.57	147
mailroom	4.57	0
mailserver	4.07	0
mailwoman	4.5599999999999996	2
maim	3.36	22
maimed	3.72	38
main	2.41	2179
mainframe	3.86	103
mainland	4.3099999999999996	154
mainlander	3.71	10
mainline	2.96	10
mainly	2	256
mainsail	4.6100000000000003	22
mainsheet	3.5	1
mainstay	2.19	9
mainstream	1.81	63
maintain	2.3199999999999998	661
maintainable	1.68	0
maintenance	3.07	349
maize	4.58	9
majestic	2.04	70
majestically	1.61	8
majesty	1.94	1863
major	2.16	5343
majorette	3.68	11
majority	2.54	261
make	2.67	70775
makeover	3.64	83
maker	3.9	251
makeshift	2.83	20
makeup	4.45	790
making	2.34	11349
maladjusted	1.52	10
maladjustment	2.38	4
malaria	3.93	85
malarkey	2.23	23
malcontent	2.16	10
male	4.45	1731
maleficent	1.83	13
maleness	2.16	4
malevolence	2	6
malevolent	2.19	18
malevolently	2	0
malformation	2.71	6
malformed	3.23	7
malfunction	2.74	147
malice	1.72	60
malicious	2.33	80
maliciously	1.96	12
maliciousness	1.9	0
malign	2.04	10
malignancy	1.96	7
malignant	2.52	63
malignantly	1.96	2
mall	4.83	964
mallard	4.2699999999999996	19
malleability	2.92	1
malleable	3.64	5
mallet	4.93	35
malnourished	3.26	8
malnourishment	3.5	2
malnutrition	3.1	23
malpractice	1.79	79
malpractitioner	2.92	0
malt	4.57	84
malted	3.41	14
maltreat	2.33	2
maltreatment	2.97	4
malty	2.83	0
malware	3.5	0
mama	4.3	5289
mamma	4.58	154
mammal	4.59	62
mammalian	3.27	6
mammary	3.63	9
mammogram	4.58	6
mammography	3.92	0
mammoth	4.1100000000000003	40
man	4.79	94133
manage	2	1095
manageability	1.78	0
manageable	2.1	32
manageably	1.81	0
management	2.72	594
manager	4.1399999999999997	2038
managerial	2.14	21
managerially	1.73	0
manatee	4.66	10
mandarin	3.67	67
mandate	3.08	76
mandatory	2.2400000000000002	126
mandolin	4.76	24
mane	4.7300000000000004	30
manes	4.2	2
maneuver	3.03	143
maneuverability	2.25	6
maneuverable	2.11	12
mange	3.58	11
manger	4.5599999999999996	51
mangle	3.34	14
mangling	2.39	3
mango	5	84
mangy	3.24	81
manhandle	3.41	5
manhole	4.7	38
manhood	2.59	146
manhunt	3.39	62
mania	2.42	52
maniac	3.1	479
maniacal	1.96	27
maniacally	2.34	9
manic	2.42	70
manicotti	4.63	16
manicure	4.3899999999999997	101
manicured	4.1100000000000003	18
manicurist	4.1100000000000003	31
manifest	2.4300000000000002	188
manifestation	2.39	53
manifested	2.17	28
manifestly	1.65	1
manifesto	3.24	37
manifold	3.58	25
manila	3.76	74
manipulate	2.5499999999999998	177
manipulation	2.25	69
manipulative	2.21	83
manipulatively	1.6	0
manipulator	2.96	10
mankind	2.97	447
manlike	2.85	6
manliness	2.15	12
manly	2.0299999999999998	206
manmade	3.32	9
manned	3.52	66
mannequin	4.53	62
manner	1.62	588
mannered	2.1	7
mannerism	2.37	2
mannerly	2.04	7
manners	2.17	651
mannish	2.3199999999999998	14
mannishly	2.11	0
mannishness	2.2200000000000002	0
manor	4.7	174
manpower	3.37	105
manservant	3.72	15
mansion	4.8899999999999997	329
mansions	4.46	36
manslaughter	3.37	140
manslayer	3.7	2
mantel	4.6399999999999997	38
mantelpiece	3.76	18
mantis	4.8499999999999996	23
mantle	4.57	110
mantled	2.78	0
mantra	2.73	43
manual	4.45	408
manually	3.19	83
manufacture	3.07	124
manufacturer	3.69	91
manufacturing	3.52	86
manure	4.6399999999999997	106
manuscript	4.57	137
many	2.37	18331
map	4.93	1623
maple	4.46	165
mapleleaf	4.95	0
mapmaker	3.81	7
mapmaking	3.64	3
maraschino	4.3600000000000003	12
marathon	3.96	228
marathoner	4.22	2
marauder	3.26	7
marauding	2.81	8
marble	4.8499999999999996	266
marbled	3.69	3
marbles	4.96	155
marblewood	4.84	0
marbling	3.29	3
march	4.03	1225
marcher	4.04	3
mare	4.75	148
margarine	4.58	32
margarita	5	71
margin	3.46	100
marginal	1.92	28
marginality	1.59	0
marginalize	1.85	1
marginally	1.93	11
marigold	4.59	8
marijuana	4.8899999999999997	271
marina	4.0999999999999996	240
marinade	4.07	3
marinara	4.62	24
marinate	3.55	19
marinated	3.32	18
marine	4.25	718
mariner	4.38	22
marionette	4.63	7
marital	2.04	105
maritime	2.3199999999999998	37
mark	4.21	4183
markdown	2.82	0
marked	3.88	547
markedly	1.62	3
marker	4.62	267
market	4.7	1848
marketability	1.66	3
marketable	2.16	14
marketeer	3.71	2
marketer	3.46	1
marketing	2.33	243
marketplace	4.28	83
marketwise	1.89	0
marking	3.79	82
marksman	4.12	74
marksmanship	3.15	23
markswoman	4.5199999999999996	0
markup	2.7	8
marlin	4.5599999999999996	85
marmalade	4.83	52
marmot	4.33	3
maroon	3.84	61
marooned	2.44	31
marriage	2.5099999999999998	3930
marriageable	2.23	9
married	2.82	12163
marrow	4.4800000000000004	151
marrowbone	3.92	0
marry	3.03	5322
marrying	2.59	812
mars	4.4800000000000004	535
marsh	4.8499999999999996	179
marshal	4.41	900
marshland	4.28	5
marshmallow	4.8499999999999996	77
marshy	3.55	3
marsupial	4.55	2
martial	2.4300000000000002	296
martin	3.48	2170
martini	4.83	405
martyr	3.07	132
martyrdom	1.64	16
marvel	2.12	99
marvelous	2.04	671
marvelously	1.55	10
marxism	1.48	7
marxist	2.04	21
mascara	4.93	64
mascot	4.2	84
masculine	2.21	125
masculinity	2.67	25
mash	3.78	224
mashed	4	188
masher	3.89	12
mashing	3.56	12
mask	4.96	1010
masked	3.81	120
masklike	2.37	0
masochism	2.69	6
masochist	2.73	32
masochistic	2	12
mason	4.2	709
masonic	2.2200000000000002	10
masonry	3.82	5
masque	3.88	8
masquerade	3.35	82
masquerader	3.93	1
mass	3.44	880
massacre	4	202
massage	4.18	565
massager	4.5999999999999996	16
masses	3.14	138
masseur	4.3899999999999997	20
masseuse	4.5599999999999996	72
massive	3.21	508
massively	1.67	11
massiveness	2.89	0
mast	4.92	83
mastectomy	4.09	12
master	2.63	4450
mastercard	4.25	0
masterful	1.93	20
masterfully	2.2999999999999998	4
masterfulness	2.0699999999999998	0
masterly	1.82	3
mastermind	3	69
masterpiece	3.11	180
mastership	2.36	1
masterwork	3.07	2
mastery	2.69	29
masticate	3.38	0
mastiff	4.6900000000000004	6
masturbate	4.18	62
masturbation	4.03	87
masturbator	4.04	10
masturbatory	2.65	7
mat	4.83	178
matador	4.33	40
match	4.1399999999999997	2521
matchboard	4.67	0
matchbook	4.8	51
matchbox	4.78	19
matcher	2.76	0
matching	2.82	230
matchless	2.21	7
matchlessly	1.39	0
matchlessness	1.96	0
matchmaker	3.12	41
matchmaking	2.37	15
matchstick	4.96	1
matchwood	4.1500000000000004	1
mate	4.34	1491
material	4.26	1129
materialism	1.7	20
materialist	2.37	2
materialistic	2.41	23
materialistically	1.77	1
materiality	2.12	4
materialization	1.62	2
materialize	2.46	25
materially	2.2799999999999998	5
maternal	2.42	75
maternally	2.62	0
maternity	2.76	125
math	3.15	836
mathematic	2.89	18
mathematical	2.9	81
mathematically	2.46	15
mathematician	4.38	49
mathematics	2.52	156
matinee	3.78	58
mating	3.53	194
matriarch	3.93	15
matriarchal	2.48	1
matriarchs	3.44	4
matriarchy	2.63	1
matriculation	2.16	1
matrimonial	2.54	15
matrimonially	2.38	0
matrimony	2.11	136
matrix	3.11	194
matron	3.93	40
matronly	2.2599999999999998	1
matte	3.25	14
matted	3.46	5
matter	3.54	18900
matting	4.12	1
mattress	5	337
maturation	2.2599999999999998	3
mature	1.86	419
maturely	2	5
maturing	1.9	10
maturity	1.81	102
maul	4.04	16
mauler	2.96	6
mauling	3.25	15
mausoleum	4.2300000000000004	43
mauve	4	27
maverick	2.96	134
max	2.1800000000000002	3620
maxim	2.46	65
maximal	2.2599999999999998	2
maximization	1.7	1
maximize	1.79	45
maximum	2.54	396
may	3	26080
maybe	1.52	47249
mayday	2.74	300
mayflower	4.3600000000000003	76
mayhem	2.2400000000000002	109
mayo	4.96	166
mayonnaise	4.9000000000000004	115
mayor	4.37	1595
mayoral	2.27	9
maypole	4.54	14
maze	4.45	130
me	4.33	471339
mead	4.22	53
meadow	4.8600000000000003	116
meadowland	4.1500000000000004	0
meadowlark	4.3499999999999996	13
meager	2.08	32
meagerly	2.1	0
meagerness	1.93	0
meal	4.62	1472
mealtime	3.5	9
mealworm	4.57	0
mean	2.5	63443
meander	2.52	3
meanderer	2.89	0
meanderingly	2.2200000000000002	0
meaner	2.08	60
meanie	2.4300000000000002	21
meaning	1.85	1904
meaningful	1.62	176
meaningfully	1.83	7
meaningfulness	1.5	1
meaningless	1.86	248
meaninglessly	2.14	0
meaninglessness	1.79	5
meanly	1.93	3
meanness	2.21	26
means	1.93	11136
meant	1.5	5316
meantime	1.87	769
meanwhile	1.27	812
measles	4.6900000000000004	107
measly	2	63
measurability	2.56	0
measurable	2.93	6
measurably	2.56	1
measure	3.59	537
measured	3.4	144
measureless	1.63	0
measurement	3.26	27
measurer	4.0999999999999996	1
measuring	3.52	126
meat	4.9000000000000004	2226
meatball	4.93	132
meathead	2.97	30
meatiness	2.68	0
meatless	3.85	8
meatloaf	5	119
meatpacking	4	12
meaty	3.46	18
mechanic	4.38	258
mechanical	3.17	250
mechanically	2.64	10
mechanics	3.59	123
mechanism	3.67	190
mechanist	3.8	0
mechanization	2.92	1
mechanize	2.96	0
medal	4.8899999999999997	590
medalist	4.33	4
medallion	4.68	68
meddle	2.4300000000000002	63
meddler	3.16	15
meddlesome	1.79	18
meddlesomeness	1.86	0
meddling	2.1	69
media	3.57	1137
medially	2.08	4
median	4	20
mediate	2.54	14
mediating	2.37	3
mediation	2.6	24
mediator	3.26	15
medic	4.43	291
medical	3.07	2774
medically	2.14	75
medicare	3.34	35
medicate	3.04	22
medication	4.53	652
medicinal	2.1	31
medicinally	2.15	0
medicine	4.79	1744
medics	4.47	66
medieval	2.46	151
medievalism	2.11	1
medievalist	3.32	0
mediocre	1.62	71
mediocrity	1.33	36
meditate	3.25	52
meditating	3.59	34
meditation	2.85	84
meditative	1.75	11
meditatively	1.62	0
mediterranean	3.2	121
medium	3	362
medley	2.93	32
medulla	3.38	16
medusa	3.89	53
meek	2.2200000000000002	88
meekly	1.78	6
meekness	1.68	5
meerkat	5	11
meet	3	17966
meeting	3.31	6752
meetinghouse	4.58	1
mega	2.0699999999999998	40
megabit	4	0
megabits	2.97	2
megabyte	3.07	2
megacity	3.88	0
megahertz	2.88	8
megalomaniac	2.35	16
megalomaniacal	1.96	4
megaphone	4.76	15
megapixel	3.3	0
megastar	3.64	4
megastore	3.86	0
megaton	3.17	6
megawatt	2.7	2
melancholia	2.27	7
melancholic	1.89	5
melancholy	2	111
melanin	3.82	4
melanoma	4.0999999999999996	19
melatonin	4	4
meld	2.86	12
melee	3.22	14
mellow	1.96	153
mellowness	2.35	0
melodic	2.2599999999999998	10
melodically	2.81	2
melodiously	2.21	0
melodiousness	2.36	0
melodrama	2.14	35
melodramatic	2.08	62
melodramatically	1.9	0
melodramatics	2.2799999999999998	0
melody	3.71	337
melon	4.78	218
melt	3.96	373
meltdown	3.17	103
melted	3.66	201
melting	3.83	168
meltingly	3.09	0
member	3.07	1468
membership	3.04	165
membrane	3.97	57
membranous	3.29	1
meme	2.92	0
memento	3.35	65
memo	4.25	337
memoir	3.76	9
memoire	3.79	2
memorabilia	4.1500000000000004	25
memorable	1.79	115
memorably	1.86	0
memoranda	3.48	5
memorandum	3.48	27
memorial	3.68	360
memorialize	2.4700000000000002	7
memorization	2.41	7
memorize	3.3	148
memorizer	2.81	0
memory	2.38	2477
men	4.75	19011
menace	2.2999999999999998	190
menacing	2.19	28
menacingly	1.93	5
menagerie	3.12	17
mend	3.5	133
mendable	2.4500000000000002	0
mender	3.56	1
mending	3.43	49
mends	3	6
menial	1.81	26
meningitis	4.1100000000000003	36
menopausal	2.4300000000000002	9
menopause	3.19	63
menstrual	3.27	27
menstruate	3.74	4
menstruation	4	14
menswear	4.4800000000000004	8
mental	2.04	1002
mentalist	3.07	9
mentality	2	108
mentally	1.93	290
menthol	3.85	22
mention	2.69	3033
mentionable	2.08	0
mentor	3.7	178
mentorship	2.04	0
menu	4.67	508
meow	3.92	150
mercantile	2.93	12
mercenary	4.3	98
merchandise	4.5199999999999996	245
merchandiser	3.97	4
merchant	4.3099999999999996	146
merchantable	2.2599999999999998	0
merchantman	4.1900000000000004	2
merciful	1.63	178
mercifully	1.81	16
mercifulness	1.82	1
merciless	1.96	61
mercilessly	2.0699999999999998	15
mercilessness	1.71	0
mercury	4.5199999999999996	195
mercy	1.57	1291
mere	1.43	401
merely	1.42	795
merge	3.24	71
merger	2.34	202
meridian	3.21	18
merit	1.66	173
merited	2	5
meritless	1.93	0
merlot	4.5199999999999996	0
mermaid	4.5	161
merrily	1.93	111
merriment	2.04	12
merriness	2.19	0
merry	2.41	1994
merrymaker	3.25	0
merrymaking	2.52	1
mesa	3.77	66
mesh	4.41	35
meshed	3.52	3
mesmeriser	2.85	0
mesmerism	2.27	4
mesmerize	2.11	1
mesquite	3.5	12
mess	3.9	3985
message	3.97	4667
messageboard	4.6500000000000004	0
messaging	3.41	9
messenger	3.89	411
messiah	3.26	136
messily	2.85	1
messiness	2.83	1
messing	2.81	665
messy	3.59	350
met	2.58	9758
metabolic	2.44	40
metabolism	2.27	55
metabolite	2.52	3
metabolize	2.2400000000000002	12
metacarpal	3.92	7
metal	4.87	992
metallic	4.03	67
metallically	2.85	0
metallization	2.92	0
metalloid	3.17	1
metalware	3.79	0
metalwork	4.46	2
metalworker	4.18	2
metalworking	3.97	2
metamorphic	2.62	3
metamorphism	2.2400000000000002	0
metamorphoses	2.52	2
metamorphosis	3.11	28
metamorphous	2.33	0
metaphor	1.94	198
metaphoric	1.86	4
metaphorical	1.74	14
metaphorically	1.63	38
metaphysic	1.54	3
metaphysical	1.54	42
metaphysically	1.31	1
metaphysician	3.42	4
metaphysics	2	10
meteor	4.96	180
meteoric	2.41	9
meteorite	4.5999999999999996	41
meteoroid	4.46	0
meteorological	2.62	14
meteorologically	2.17	0
meteorologist	4.5599999999999996	11
meteorology	2.63	6
meter	4.7	317
metered	2.85	3
meth	4.63	120
methadone	4.24	37
methamphetamine	4.63	16
methane	4.32	58
methanol	3.54	12
method	2.41	402
methodic	2.15	0
methodical	1.93	26
methodically	2.04	14
methodological	2.33	1
methodologically	1.82	0
methodologist	3.25	0
methodology	1.76	33
meticulous	1.9	52
meticulously	1.75	19
meticulousness	1.79	0
metric	3.14	25
metrical	2.56	0
metrically	2.36	0
metrics	2.81	0
metro	3.48	231
metronome	4.2699999999999996	10
metropolis	3.89	52
metropolitan	2.89	76
mettlesome	1.92	1
mice	4.84	335
micro	2.08	29
microanalysis	2.0699999999999998	0
microbe	4.1900000000000004	12
microbial	3.26	2
microbiologic	2.66	0
microbiological	3.04	1
microbiologically	2.4500000000000002	0
microbiologist	4.28	1
microbiology	2.93	9
microbrew	4.12	0
microcellular	2.71	1
microchemistry	3.15	2
microchip	4.75	74
microclimatology	2.79	0
microcomputer	4.55	8
microcontroller	3.35	0
microcosmic	2.27	0
microcrystal	3.74	0
microeconomic	2.0299999999999998	4
microeconomics	2	2
microelectronic	3.14	2
microelectronics	3.63	1
microevolution	2.31	0
microfiber	4.4800000000000004	0
microfilm	4.37	67
microfossil	4.33	0
microgram	3.25	1
micrographic	2.72	0
microhabitat	3.35	0
micromanage	2.08	11
micromanipulation	2.59	0
micromechanics	2.92	0
micrometer	4.26	2
micron	3.25	3
micronutrient	3.04	0
microorganism	3.7	7
micropaleontology	2.88	0
micropayment	2.8	0
microphone	4.88	232
microphysics	2.67	0
microprobe	3.58	1
microprocessor	4.18	19
microscope	5	129
microscopic	3.46	58
microscopically	2.5	4
microscopy	2.27	5
microsecond	2.9	5
microspore	3.3	0
microstructure	2.83	0
microsurgery	3.76	0
microtubule	3.85	0
microvolt	3.12	0
microwatt	3.09	0
microwavable	3.03	4
microwave	4.34	199
mid	2.69	64
midair	3.32	35
midbrain	3.23	3
midcourse	2.48	1
midday	3.72	42
middle	3.69	4549
middlebrow	3.69	2
middleclass	2.3199999999999998	1
middleman	2.79	41
middleweight	3.07	43
midevening	3.28	0
midfield	4.57	14
midfielder	4.08	1
midget	4.4000000000000004	235
midland	3.36	33
midlife	3.07	35
midline	3.42	29
midmonth	3.15	0
midmorning	3.5	4
midnight	3.14	1447
midpoint	3	2
midrange	2.46	8
midriff	4.2300000000000004	9
midseason	2.52	3
midsection	4.0999999999999996	19
midsentence	3.17	0
midshipman	4.54	37
midsize	3.39	10
midst	2.33	175
midstream	2.96	2
midsummer	3.36	30
midterm	4.1100000000000003	101
midtown	3.46	75
midway	3.2	113
midweek	2.19	6
midweekly	3.14	0
midwife	4.5599999999999996	29
midwifery	2.96	0
midwinter	3.41	2
midyear	3.26	0
might	2.3199999999999998	26334
mightily	2.39	11
mightiness	1.83	1
mighty	2.61	1355
migraine	3.2	95
migrant	4.03	13
migrate	3.15	21
migration	3.55	33
migratory	2.73	14
mike	4.6500000000000004	5707
mild	2.48	245
milder	2.21	5
mildew	4.57	22
mildly	2.04	68
mildness	2	3
mile	3.63	1071
mileage	3.47	101
milepost	4.5	1
miles	3.61	4500
milestone	3.22	36
militant	2.62	45
militantly	2.42	0
militarily	2.17	15
militarism	2.0699999999999998	5
militaristic	2.29	6
militarization	2.2000000000000002	1
militarize	2.44	1
military	4	2103
militia	4	115
militiaman	3.56	0
milk	4.92	2169
milker	4.04	1
milking	4.07	71
milkmaid	4.74	19
milkman	4.6100000000000003	48
milkshake	4.97	42
milkweed	4.62	1
milky	3.52	95
mill	4.72	486
milled	2.88	1
millennia	2.59	20
millennial	1.96	1
millennium	2.63	219
miller	3.88	1165
millet	3.88	16
milligram	3.61	28
milliliter	3.96	2
millimeter	4.38	70
milling	3.46	15
million	2.9	6145
millionaire	3.6	291
millions	3.59	1147
millionth	2.7	29
millipede	4.7699999999999996	0
millisecond	2.69	13
millstone	3.92	20
millwork	4.07	0
millworker	4.6399999999999997	0
mime	4.5	58
mimic	3.22	40
mimicker	3.46	0
mimicry	3	4
mimosa	4.62	18
mince	4	27
minced	4.04	4
mincemeat	4.3600000000000003	22
mincer	3.96	0
mincing	4	14
mind	2.5	24715
mindblower	2.08	1
minded	1.79	71
mindful	1.48	25
mindfully	1.69	0
mindfulness	2.21	0
minding	1.8	130
mindless	1.63	87
mindlessly	1.69	3
mindlessness	2.04	0
mindset	1.55	18
mine	3.56	12800
minefield	4.43	52
miner	4.3	74
mineral	4.41	132
mineralization	2.63	0
mineralize	2.7	0
mineralogist	4.1500000000000004	0
mineralogy	2.59	1
mines	4.7	316
mineshaft	4.6100000000000003	0
minesweeper	4.17	7
minesweeping	3.4	1
mineworker	4.6100000000000003	0
mingle	3.17	137
mini	2.89	184
miniature	3.46	128
miniaturist	3	0
miniaturization	2.83	9
miniaturize	2.6	5
minibar	4.8499999999999996	52
minibus	4.55	28
minicomputer	4.5	0
minidress	4.79	0
minilab	4.5199999999999996	0
minimal	2	110
minimalism	1.89	0
minimalist	2.5499999999999998	9
minimally	2.09	3
minimization	2.42	0
minimize	2.37	54
minimum	2.25	415
mining	4.03	161
minion	3.11	47
miniscule	2.62	11
miniseries	3.68	9
miniskirt	4.8099999999999996	19
minister	4.22	941
ministry	3.21	196
minivan	4.92	81
mink	4.58	189
minnow	4.84	14
minor	2.61	654
minority	2.65	113
minstrel	4.1100000000000003	28
mint	4.54	277
minty	4.1100000000000003	25
minuet	3.33	15
minus	2.37	401
minuscule	2.67	13
minute	3.04	19252
minutely	1.79	3
minuteman	3.88	12
minuteness	1.93	1
miracle	1.96	1359
miraculous	1.93	107
miraculously	1.81	44
mirage	3.32	79
mirror	4.97	1233
mirrored	3.5	23
mirth	2.83	11
misaddress	2.38	0
misadjust	2	0
misadministration	1.81	0
misadventure	1.76	10
misadvise	1.89	0
misadvised	1.58	0
misalignment	3.04	1
misallocation	2	1
misanthropic	1.69	5
misanthropically	1.63	0
misanthropy	1.48	1
misapplication	2.2400000000000002	1
misapply	2.04	0
misapprehend	2.0699999999999998	0
misapprehension	1.57	8
misappropriate	1.85	0
misappropriation	1.59	2
misarrange	2.61	0
misarrangement	2	0
misattribute	1.7	0
misattribution	2	0
misbehave	2.0699999999999998	30
misbehavior	1.8	5
misbelieve	1.84	0
misbeliever	1.81	1
misbrand	2	0
miscalculate	1.86	2
miscalculation	2.31	23
miscarriage	3.11	58
miscarry	2.97	5
miscellaneous	2.04	22
miscellaneously	2	0
mischaracterization	1.72	0
mischaracterize	1.78	0
mischarge	2.86	0
mischief	1.9	107
mischievous	2.37	22
mischievously	1.88	0
mischievousness	2	1
misclassification	2.2799999999999998	0
misclassify	2.04	0
miscommunication	2.17	15
miscomprehend	1.71	0
miscomprehension	2.04	0
miscomputation	2.04	0
miscompute	2.2999999999999998	0
misconceive	1.78	0
misconception	1.93	22
misconduct	2.19	40
misconstruction	2.21	0
misconstrue	1.58	5
miscount	2.72	0
miscreant	2.7	12
misdeal	2.7	5
misdeed	2.2999999999999998	1
misdemeanor	2.48	73
misdiagnose	2.39	3
misdiagnosis	2.2599999999999998	2
misdirect	2.29	12
misdirection	2.27	24
misdoing	1.85	0
misemploy	1.76	0
miser	2.36	25
miserable	1.97	1096
miserably	2.0699999999999998	54
misery	2.04	526
misfile	3.28	1
misfire	3.31	21
misfit	2.72	30
misfortunately	1.31	1
misfortune	2.0699999999999998	136
misgauge	2.04	0
misgiving	1.83	3
misgovern	1.65	0
misguidance	1.58	1
misguide	1.96	1
misguided	2.08	85
misguidedly	1.52	0
misguiding	1.67	0
mishandle	2.75	0
mishap	2.5	53
mishear	2.65	2
misheard	2.82	6
mishmash	2.08	6
misidentification	2.14	2
misidentify	2.63	1
misimpression	1.62	0
misinform	1.77	0
misinformation	2.23	14
misinterpret	2.0299999999999998	17
misinterpretation	1.91	4
misjudge	1.8	13
misjudgment	2	1
mislabel	3.17	1
mislay	2.42	3
mislead	2.41	38
misleading	1.76	43
misleadingly	1.64	0
misled	1.96	48
mismanage	1.82	3
mismanagement	1.84	7
mismatch	3	11
mismatched	3.08	11
misogynist	2.7	8
misperceive	1.93	0
misperception	1.66	5
misplace	2.52	23
misplacement	2.23	0
misprint	3.69	14
mispronounce	2.63	9
mispronunciation	2.54	0
misquotation	2.33	0
misquote	2.35	4
misread	2.0699999999999998	44
misrecognition	1.64	0
misreport	2.46	0
misrepresent	1.41	5
misrepresentation	1.55	4
misrepresentative	1.69	0
misrule	1.92	1
miss	2.54	23850
misshape	2.71	0
misshapen	3	15
misshapenness	2.0699999999999998	0
missile	4.83	670
missing	2.57	4484
mission	2.9	2400
missionary	3.71	109
misspeak	2.81	1
misspell	3.29	3
misspelling	3.19	0
misspend	2.35	0
misspent	2.21	10
misspoken	2.12	3
misstate	1.96	0
misstatement	2.15	0
misstep	3.21	10
mist	4.51	181
mistakable	1.87	0
mistakably	1.67	0
mistake	1.97	5200
mistaken	1.72	654
mistakenly	1.93	33
mistaking	2.17	43
misted	3.46	0
mister	3.15	2326
mistflower	3.61	0
mistiness	3.22	0
mistletoe	4.8499999999999996	98
mistook	2.2400000000000002	79
mistranslate	2.0699999999999998	0
mistranslation	2.54	1
mistreat	2.4700000000000002	15
mistreatment	2.29	15
mistress	4.22	606
mistrial	2.12	59
mistrust	2.04	32
mistrustful	1.93	3
mistrustfully	1.48	0
mistrustfulness	1.68	0
mistrusting	1.46	1
misty	3.37	80
misunderstand	1.85	168
misunderstanding	1.97	422
misunderstood	2.1800000000000002	283
misusage	1.46	0
misuse	2.0699999999999998	28
miswrite	2.31	0
mite	4.3	60
mitigate	2.16	21
mitigating	2.5	31
mitigation	2	3
mitochondria	3.26	2
mitochondrial	3.7	1
mitosis	3.39	9
mitt	4.76	70
mitten	4.8899999999999997	23
mix	3.82	834
mixable	2.87	0
mixed	3.03	1090
mixer	4.33	55
mixture	3.79	126
moan	3.72	96
moaner	3.26	1
moaning	3.76	245
moat	4.6900000000000004	60
mob	3.88	660
mobile	2.93	381
mobility	2.2000000000000002	35
mobilization	2.2999999999999998	19
mobilize	2.62	52
mobilizer	3	0
mobster	4.13	43
moccasin	4.78	2
mocha	4.74	66
mock	2.4300000000000002	274
mocker	2.74	5
mockery	2.33	94
mockingbird	4.75	60
mockup	3.41	6
mode	2.46	263
model	4.53	1635
modeler	3.67	0
modeless	1.88	0
modeling	3.48	185
modem	4.29	55
moderate	1.97	63
moderated	2.44	2
moderately	2	34
moderateness	2.2999999999999998	0
moderation	1.9	37
moderator	4.12	8
modern	2.31	930
modernism	2.12	2
modernist	2.2599999999999998	0
modernistic	1.84	2
modernization	2.41	5
modernize	2.46	6
modernly	1.66	0
modest	2.21	300
modestly	1.93	23
modesty	2.23	90
modifiability	2.19	0
modifiable	2.11	0
modification	2.79	43
modified	2.52	100
modifier	2.41	2
modify	2.5499999999999998	50
modular	2.75	8
modularity	1.59	1
modulate	2.52	5
modulation	2.64	7
modulator	3.27	7
module	3.93	136
mogul	4.04	47
moist	4	92
moisten	3.48	4
moistener	3.96	0
moistly	3.29	0
moistness	3.5	0
moisture	4.07	62
moisturize	3.04	5
moisturizer	4.67	24
moisturizing	3.41	7
molar	4.83	26
molasses	4.84	52
mold	4.8499999999999996	219
moldable	2.56	0
moldiness	3.79	0
molding	4.3899999999999997	37
moldy	3.93	30
mole	4.41	411
molecular	3.09	134
molecularly	2	0
molecule	3.27	40
molehill	4.6399999999999997	15
moleskin	4.21	1
molest	3.03	31
molestation	2.74	18
molester	3.59	43
mollusk	4.67	8
molten	3.2	59
mom	4.4000000000000004	21950
moment	1.61	9539
momentarily	2.0699999999999998	81
momentary	1.93	56
momentous	1.7	36
momentously	1.44	1
momentum	2.5	87
momma	4.29	412
mommy	4.07	3617
monarch	4.1399999999999997	42
monarchial	2.4300000000000002	0
monarchical	1.65	2
monarchist	2.92	1
monarchy	2.5499999999999998	34
monastery	4.75	189
monastic	2.21	4
monday	2.25	1698
monetarily	2.69	1
monetary	2.96	52
monetize	2.44	2
money	4.54	32679
moneybag	4.6500000000000004	4
moneybags	3.85	13
moneybox	4.62	0
moneygrubber	2.89	0
moneylender	4.43	4
moneyless	3.4	0
moneymaker	3.14	19
moneymaking	2.64	4
moneyman	3.55	2
moneysaving	2.2999999999999998	0
moneywise	2.33	3
mongoose	4.8899999999999997	33
mongrel	3.8	44
moniker	3.65	16
monitor	3.65	669
monk	4.3499999999999996	376
monkey	4.9000000000000004	1709
monkeylike	2.63	0
monkfish	4.63	2
monkhood	2.3199999999999998	0
monkish	2.3199999999999998	0
mono	2.04	37
monochromatic	3.26	8
monochromatically	2.65	0
monochrome	3.27	4
monochromic	3.38	0
monocle	3.87	11
monocular	2.76	0
monofilament	3.83	2
monogamist	3.24	4
monogamous	2.58	42
monogamy	1.7	46
monogenetic	2.38	0
monogram	4.57	14
monogrammed	3.75	30
monograph	3.67	7
monohydrate	2.83	0
monohydrated	2.6	0
monolingual	2.39	0
monolithic	2.65	4
monologue	3.3	58
mononucleosis	3.58	5
monophonic	2.36	0
monopolist	2.96	1
monopolization	1.96	0
monopolize	2.2000000000000002	14
monopoly	2.69	141
monorail	4.71	5
monosyllabic	3.32	5
monosyllable	2.89	2
monotheism	2.0699999999999998	2
monotheist	2.85	0
monotone	3.07	5
monotonous	1.55	43
monotonously	2.2999999999999998	0
monotonousness	2	0
monotony	1.79	17
monotype	3	0
monoxide	2.9	58
monsieur	3.54	1585
monsignor	3.42	111
monsoon	4.4800000000000004	40
monster	3.72	1982
monstrosity	2.4	38
monstrous	2.48	122
monstrously	2.04	5
monstrousness	2.31	0
montage	2.93	57
month	4.2	4854
monthly	3.57	152
monument	4.58	117
monumental	2.2799999999999998	54
monumentality	1.62	0
monumentalize	1.86	0
monumentally	1.8	21
moo	3.4	106
mooch	2.2799999999999998	45
moocher	2.71	14
mood	1.75	1736
moodily	1.57	2
moodiness	2	4
moody	2.36	115
mooing	3.89	12
moon	4.9000000000000004	2548
moonbeam	3.81	38
mooned	4	13
mooning	3.52	33
moonless	3.41	4
moonlight	4.43	354
moonlighted	2.96	5
moonlighter	3.08	3
moonlighting	2.84	31
moonlike	2.85	0
moonlit	3.48	28
moonrise	4	9
moonscape	3.81	3
moonshine	4.46	49
moonshiner	3.92	4
moonstone	4.92	6
moonwalk	3.86	32
moonwalker	3.64	0
moonward	3.22	0
moors	3.71	57
moose	4.97	282
moot	1.71	60
mop	4.97	211
mope	2.17	34
moped	3.26	23
moping	2.77	65
moral	1.69	689
morale	1.85	210
moralist	2.67	6
moralistic	1.9	1
moralistically	1.39	0
morality	1.47	189
moralization	1.63	0
moralize	1.36	1
moralizer	1.96	0
morally	1.4	100
morals	1.31	149
moratorium	2.12	14
morbid	2.14	132
morbidity	2.4700000000000002	5
morbidly	1.76	8
more	2.37	66228
moreover	2	63
morgue	4.62	440
mormon	3.85	115
morning	3.44	22389
mornings	3.65	168
morocco	4	120
moron	2.8	754
moronic	1.89	55
morosely	1.64	0
moroseness	1.93	0
morph	2.7	38
morphine	4.5	331
morphing	2.66	10
morsel	4.1900000000000004	32
mortal	1.96	488
mortality	1.46	77
mortally	2.15	14
mortar	4.4800000000000004	117
mortarboard	4.4800000000000004	0
mortgage	3.14	301
mortician	4.3	31
mortification	2.38	4
mortified	1.67	51
mortify	2.1800000000000002	7
mortifying	1.89	7
mortifyingly	1.55	0
mortuary	4.5199999999999996	94
mosaic	4.26	23
mosque	4.54	60
mosquito	4.88	93
moss	4.9000000000000004	145
mossy	3.65	2
most	2.38	17889
mostly	2.0299999999999998	1330
motel	4.93	927
moth	4.6900000000000004	116
mothball	4.62	5
mother	4.5999999999999996	24476
motherboard	4.5199999999999996	9
mothered	2.4	7
motherfucker	2.31	2616
motherfucking	1.74	476
motherhood	3	58
mothering	2.74	21
motherland	2.78	24
motherless	3.08	29
motherliness	2.29	0
motherly	2.46	23
mothproof	3.36	1
motif	2.4500000000000002	33
motion	3.8	967
motional	2.31	0
motionless	3	17
motionlessly	3.1	0
motionlessness	2.96	1
motivate	2.0699999999999998	54
motivation	2.1	151
motivational	2.21	33
motivator	2.21	13
motive	1.5	675
motiveless	2.19	3
motley	2.21	26
motocross	4.04	6
motor	4.84	671
motorbike	4.79	38
motorboat	4.93	29
motorbus	4.92	3
motorcade	3.92	65
motorcar	4.93	29
motorcycle	4.97	455
motorcyclist	4.79	13
motored	2.97	1
motorhome	4.6900000000000004	0
motoring	3.58	16
motorist	4.72	25
motorize	3.22	0
motorized	3.9	15
motorsport	3.86	0
motorway	4.88	7
mottled	2.78	2
motto	2.48	260
mound	4.63	77
mount	4	597
mountable	2.56	0
mountain	4.96	1805
mountaineer	4.41	62
mountaineering	3.15	4
mountainous	3.67	8
mountainside	4.4800000000000004	14
mountaintop	4.5599999999999996	26
mounted	3.71	132
mounting	3.54	58
mourn	2.33	129
mourner	3.62	8
mournful	2.1	25
mournfully	2.31	4
mournfulness	1.93	0
mourning	2.17	175
mouse	4.83	975
mousepad	4.83	0
mousetrap	5	30
mousey	2.58	12
mousiness	2.14	0
mousse	4.83	59
moustache	4.96	193
mousy	2.5	42
mouth	4.74	5325
mouthed	3.07	16
mouthful	3.96	86
mouthing	3.87	53
mouthpiece	4.66	47
mouthwash	4.67	49
mouthwatering	2.86	4
mouthy	2.59	5
movable	3.17	15
move	3.25	21325
movement	3.63	757
mover	3.75	23
movers	4.16	58
movie	4.59	6271
moviegoer	4.4800000000000004	1
moviemaker	4.2	1
moving	3.82	6104
movingly	1.88	2
mow	4.32	117
mower	4.8600000000000003	75
mowing	3.63	48
mozzarella	4.8899999999999997	28
much	1.69	49636
muck	3.77	97
muckiness	2.77	0
mucky	3	9
mucous	4.17	20
mucus	4.76	30
mud	4.8600000000000003	756
muddiness	3.11	1
muddle	2.71	22
muddled	2.34	18
muddleheaded	1.54	0
muddy	4.32	153
mudflow	4.5	0
mudguard	4.32	0
mudpack	4.1399999999999997	2
mudslide	4.5199999999999996	4
mudslinger	3.43	1
mudslinging	2.96	1
muff	4.12	49
muffed	2.64	7
muffin	4.78	297
muffle	3.21	11
muffled	3.04	157
muffler	4.68	51
mug	4.8	349
mugger	4.2699999999999996	49
mugginess	3.08	0
muggy	3.28	5
mugshot	4.67	4
mulberry	4.4800000000000004	31
mulch	4.59	22
mule	5	358
mull	2.4300000000000002	24
mulled	2.56	4
mullet	4.78	29
mullets	4.72	2
multi	2.81	4
multicolor	3.84	0
multicolored	4.1100000000000003	8
multicourse	2.4	0
multicultural	2.5499999999999998	3
multidigit	3.64	0
multidimensional	2.04	5
multidimensionality	1.93	1
multidirectional	2.64	1
multidisciplinary	2	0
multifaceted	2.79	2
multifactor	2.21	0
multifariously	1.92	0
multifocal	2.04	6
multifold	2.78	0
multifunctional	2.61	0
multihued	3.08	0
multilateral	2.44	1
multilaterally	2.04	0
multilayered	3.25	5
multilevel	3.29	3
multilingual	2.65	0
multimedia	3.5	28
multimillion	2.89	6
multimillionaire	3.12	17
multinational	3.3	32
multiphase	2.2999999999999998	1
multiple	3.26	540
multiplex	3.78	20
multipliable	2.27	0
multiplication	3.46	14
multiplicative	2.2400000000000002	0
multiplicatively	1.84	0
multiplicity	2.21	4
multiplier	2.85	0
multiply	2.79	99
multiplying	2.62	30
multipoint	2.42	0
multiprocessing	2.17	1
multiprocessor	3.63	1
multipurpose	2.64	3
multiracial	2.66	0
multisensory	2.39	0
multispecies	2.88	1
multispeed	2.93	0
multistage	2.57	1
multistory	3.07	1
multisyllabic	2.92	0
multisystem	2.7	1
multitask	2.41	10
multitasking	2.7	10
multithreaded	2.96	0
multitude	2.42	29
multivalve	3.88	0
multivitamin	4.7699999999999996	6
multivolume	2.92	1
mum	4.1100000000000003	1108
mumble	3.69	40
mumbling	3.26	119
mummification	3.57	5
mummified	4.33	14
mummify	3.71	4
mummy	4.72	500
mumps	4.0999999999999996	60
munch	3.82	43
munchkin	3.85	41
mundane	1.92	41
mundanely	1.9	0
municipal	2.2599999999999998	90
municipality	2.44	10
municipalize	1.84	0
municipally	2.2999999999999998	0
munitions	3.82	64
muppet	4.8499999999999996	0
mural	4.66	52
murder	3.61	5717
murderer	3.83	1355
murderess	3.36	37
murdering	3.33	241
murderous	2.41	93
murderously	2.2000000000000002	2
murderousness	1.77	0
murkily	2.04	0
murkiness	3.04	0
murky	3.08	31
murmur	3.19	48
murmuring	3.5	88
muscle	4.5	694
muscled	4.29	8
muscleman	4.5	5
muscular	3.82	79
muscularity	3.59	1
muscularly	3.07	0
musculature	3.41	17
muse	2.4500000000000002	98
mused	1.84	4
museum	4.5999999999999996	942
mush	3.67	143
mushily	1.88	0
mushiness	3.14	0
mushroom	4.83	109
mushy	3.57	77
music	4.3099999999999996	7734
musical	3.72	671
musicality	1.96	1
musically	2.68	24
musician	4.42	308
musicianship	2.0699999999999998	1
musicological	2.35	0
musicologist	3.46	1
musicology	2.15	1
musing	2.56	11
musk	3.44	27
musket	4.67	50
musketeer	4.08	22
muskiness	2.73	0
muskrat	4.96	28
musky	2.5	7
muslim	3.41	121
muslin	4.04	6
mussel	4.6900000000000004	14
must	2.13	35661
mustache	4.9000000000000004	252
mustached	4.32	1
mustang	4.8899999999999997	175
mustard	4.93	329
muster	2.0299999999999998	76
mustiness	3.32	0
musty	3.07	25
mutable	2.33	3
mutant	4.2	183
mutate	2.52	24
mutation	3.52	88
mutational	2.37	0
mutative	2.0499999999999998	1
mute	3.24	127
muted	2.57	20
mutedly	2.67	0
mutely	2.11	2
muteness	2.57	0
muter	3	0
mutilate	3.86	29
mutilated	2.59	65
mutilation	3.14	48
mutilator	2.83	6
mutinous	2.36	7
mutinously	1.75	0
mutiny	2.2400000000000002	126
mutism	2.31	4
mutt	3.89	202
mutter	3.21	22
mutterer	3.4	0
muttering	2.72	88
mutton	4.25	40
muttonfish	4.58	0
mutual	2.21	368
mutualism	2.08	0
mutuality	1.75	3
mutually	1.9	54
muzzle	4.59	81
muzzleloader	4.5999999999999996	0
my	2.42	344899
myopia	2.92	9
myopic	2.2400000000000002	13
myriad	2.12	28
myself	2.97	17470
myspace	4.0999999999999996	0
mysterious	1.96	765
mysteriously	2.2599999999999998	87
mysteriousness	1.64	4
mystery	2.33	1171
mystic	2.59	74
mystical	2.0699999999999998	144
mystically	1.67	2
mysticism	1.86	22
mystification	1.63	3
mystified	2.04	26
mystify	2.04	7
mystifyingly	1.39	0
mystique	1.67	179
myth	2.17	352
mythic	1.56	19
mythical	2	45
mythically	1.96	0
mythmaker	2.62	0
mythological	2.04	19
mythologist	2.96	0
mythologize	1.93	0
mythology	2.15	101
nab	3.46	34
nacho	4.8600000000000003	67
nag	3.03	111
nagger	3	0
nagging	2.34	122
naggy	2.15	1
nail	4.93	951
nailbrush	5	0
nailfile	4.3600000000000003	4
nailing	3.85	51
naive	1.85	329
naively	1.62	2
naivete	1.77	5
naivety	1.74	1
naked	4.5	2002
nakedly	3.45	4
nakedness	3.76	23
name	3.5	32735
nameable	2	0
nameless	1.83	72
namelessly	1.46	0
namelessness	1.86	0
namely	1.66	53
nameplate	4.5199999999999996	7
namesake	2.5499999999999998	11
nametag	4.7300000000000004	0
naming	2.23	109
nanny	4.21	531
nanometer	3.96	0
nanosecond	2.85	7
nanostructure	3.44	0
nanotechnology	2.83	7
nap	4.03	645
nape	4.4400000000000004	12
napkin	4.93	184
napoleon	4.3099999999999996	317
napped	3.48	5
napping	4.03	64
nappy	3.19	40
narcism	1.85	0
narcissism	1.85	33
narcissist	2.17	26
narcissistic	2.0699999999999998	32
narcissus	2.63	12
narcolepsy	3.29	12
narcoleptic	3.04	7
narcotic	4.04	44
narcotics	4.59	262
narrate	2.69	12
narration	2.93	14
narrative	3.18	53
narrator	3.89	529
narrow	3.04	358
narrower	3.15	11
narrowly	2.41	13
narrowness	3.32	1
nasal	3.83	106
nasality	2.44	0
nasally	3.4	7
nastily	2.2599999999999998	0
nastiness	2.2400000000000002	9
nasty	2.37	1151
natal	2.52	5
nation	3.62	1045
national	2.2400000000000002	1946
nationalism	1.78	12
nationalist	2.09	12
nationalistic	1.83	4
nationalistically	1.79	0
nationality	2.74	42
nationalization	1.54	2
nationalize	1.75	0
nationally	2.46	27
nationhood	2.58	0
nationwide	2.63	68
native	3.03	421
natively	2.04	0
natives	4	216
nativity	3.6	18
natural	1.85	2160
naturalism	1.96	0
naturalist	3.42	14
naturalistic	2	3
naturalistically	1.45	0
naturalization	2.11	13
naturalize	1.78	0
naturalized	1.96	9
naturally	1.48	1250
naturalness	1.85	0
nature	2.92	2303
natured	1.83	1
naturist	2.73	0
naughtily	2	0
naughtiness	1.87	2
naughty	2.04	523
nausea	3.36	110
nauseate	2.97	3
nauseating	2.83	30
nauseatingly	1.87	3
nauseous	2.41	158
nauseously	2.33	0
nautical	2.4500000000000002	45
nautically	2.61	1
naval	4.1399999999999997	292
navel	4.71	63
navigability	2.2200000000000002	0
navigable	2.38	3
navigate	2.68	98
navigation	2.35	87
navigational	2.4500000000000002	48
navigator	3.9	137
navy	3.93	1310
nay	2.41	172
naysayer	2.64	3
nazism	2.04	8
near	2.79	4238
nearby	2.86	425
nearest	3	382
nearly	1.89	1721
nearness	2.58	1
nearside	2.59	1
nearsighted	3.52	27
nearsightedly	2.75	0
nearsightedness	2.93	1
neat	2.4700000000000002	635
neatly	2.57	68
neatness	2.42	18
nebula	4.03	75
nebulae	3.45	2
nebulizer	4.4400000000000004	5
nebulous	2.5	3
necessarily	1.36	575
necessary	1.8	2345
necessitate	1.67	2
necessity	2.08	147
neck	5	3035
neckband	4.7699999999999996	1
necked	3.4	4
neckerchief	4.5	2
necking	3.77	27
necklace	4.96	497
neckline	4.8600000000000003	15
neckpiece	4.21	0
necktie	4.96	61
neckwear	4.5599999999999996	2
necromancy	2.54	3
necrophilia	2.44	16
nectar	4.63	47
nectarine	5	3
need	1.69	66040
needful	1.9	2
needfulness	1.96	0
neediness	1.44	3
needing	1.78	412
needle	4.93	608
needled	2.87	4
needlelike	2.92	0
needlepoint	4.4800000000000004	28
needles	4.96	263
needless	1.96	116
needlessly	1.71	31
needlessness	2	0
needlework	4.41	14
needling	2.92	10
needs	2.25	8198
needy	2.2799999999999998	155
nefarious	1.85	38
nefariously	1.8	0
negate	2.15	18
negation	1.92	5
negative	1.79	1308
negatively	2.11	14
negativism	2.2200000000000002	2
negativity	2.2999999999999998	33
neglect	2.2599999999999998	86
neglecter	2.64	0
neglectful	2.33	15
neglectfully	1.89	0
neglectfulness	2.11	0
neglector	3.21	0
negligee	4.4800000000000004	37
negligence	2.04	91
negligent	1.92	51
negligently	1.93	1
negligibility	2.0699999999999998	0
negligible	1.65	20
negligibly	1.59	0
negotiability	2.08	0
negotiable	1.97	46
negotiate	2	342
negotiation	2.37	117
negotiator	3.85	67
negro	4.3	274
neigh	3.57	12
neighbor	4.6399999999999997	864
neighborhood	4.75	1871
neighboring	3.04	38
neighborliness	1.96	0
neighborly	2.0299999999999998	34
neither	1.64	3451
nemeses	2.78	1
nemesis	2.89	45
neoclassical	1.72	4
neoclassicism	1.93	1
neoconservative	1.68	1
neoimpressionist	2.54	0
neoliberal	1.72	0
neolithic	1.85	6
neon	4.07	146
neonatal	3.65	4
nephew	4.4800000000000004	846
nepotism	2.08	9
nerd	3.23	168
nerdy	2.17	24
nerve	3.89	1171
nervous	1.85	3425
nervously	1.96	24
nervousness	2.31	30
nervy	1.96	8
nest	4.8600000000000003	566
nestle	3.41	20
nestling	3.54	0
net	4.53	793
netbook	4.7300000000000004	0
nether	1.86	20
netherworld	2.61	12
netlike	3	0
netscape	3.32	0
netted	2.93	12
netting	4.3899999999999997	18
nettle	3.88	8
network	3.2	843
networker	3.65	0
networking	2.69	27
neurobiological	2.62	2
neurobiologist	3.84	2
neurobiology	2.42	1
neurochemistry	2.84	5
neuroimaging	3.69	0
neurologic	2.64	7
neurological	2.17	57
neurologist	4.0999999999999996	51
neurology	2.5	23
neuromuscular	3.78	3
neuron	3.69	7
neuropathic	2.69	2
neuropathology	2.83	1
neuropathy	2.57	2
neurophysiological	1.93	0
neurophysiologist	3	1
neurophysiology	2.83	8
neuropsychiatric	2.78	0
neuropsychological	3.11	1
neuropsychologist	4.38	1
neuropsychology	2.93	0
neuroscience	3.14	2
neurosciences	2.72	0
neuroscientific	2.3199999999999998	0
neuroscientist	4	2
neuroses	1.69	27
neurosis	2.41	32
neurosurgeon	4.66	41
neurosurgery	4.1500000000000004	39
neurosurgical	3.11	1
neurotic	1.86	136
neurotically	1.52	1
neuroticism	2.33	0
neurotoxin	3.12	5
neurotransmitter	2.92	14
neurovascular	2.75	5
neuter	3.11	40
neutral	1.8	215
neutralism	1.78	0
neutralist	2.33	1
neutrality	1.63	17
neutralization	2.21	5
neutralize	2.2799999999999998	62
neutralizer	2.33	2
neutrally	2.3199999999999998	1
neutron	2.69	63
never	1.59	69490
nevermore	1.38	13
nevertheless	1.48	301
new	2.81	36913
newbie	2.83	19
newborn	4.3899999999999997	128
newcomer	3.13	55
newfangled	1.96	15
newfound	2.14	60
newish	1.77	5
newly	2.4	140
newlywed	3.81	22
newlyweds	3.79	74
newness	1.79	13
news	3.41	8399
newsagent	4.41	1
newsbeat	2.12	1
newsboy	4.42	14
newsbreak	3.04	6
newscast	4.26	27
newscaster	4.5	29
newsflash	3.82	32
newsgathering	3	0
newsgroup	3.72	1
newshound	3.19	3
newsletter	4.66	43
newsmaker	3.69	0
newsman	4.26	20
newsmonger	3.3	0
newspaper	4.82	1208
newspaperman	4.5	73
newspaperwoman	4.1100000000000003	8
newsprint	4.62	8
newsreader	3.93	17
newsreel	4.4800000000000004	38
newsroom	4.54	39
newssheet	4.1500000000000004	0
newsstand	4.71	53
newswire	3.84	0
newswoman	4.29	8
newsworthiness	2.12	0
newsworthy	1.88	16
newt	4.17	68
next	2.56	23090
nextdoor	3.59	1
nexus	2.73	57
niacin	3.32	2
nibble	3.72	77
nice	2.1800000000000002	33125
nicely	2.1800000000000002	510
niceness	2.15	12
niche	2.52	47
nick	3.87	3062
nickel	4.79	431
nickelodeon	4.1900000000000004	10
nicking	3	5
nickname	2.97	346
nicotine	4.0999999999999996	87
niece	4.28	486
niftiness	1.75	1
nifty	1.73	71
nigger	3.5	1034
nigh	2.42	42
night	4.5199999999999996	44168
nightcap	4.41	90
nightcaps	4.07	1
nightclothes	4.4400000000000004	0
nightclub	4.96	237
nightclubbing	3.48	1
nightdress	4.62	4
nightfall	3.79	118
nightgown	4.9000000000000004	100
nighthawk	4.3899999999999997	27
nightie	4.3	35
nightingale	4.46	145
nightlife	3.17	28
nightlight	4.93	4
nightlong	3.35	0
nightly	2.19	70
nightmare	2.96	1142
nightmarish	2	11
nightmarishly	1.78	1
nights	4.41	1727
nightshade	4.2300000000000004	25
nightshift	3.23	0
nightshirt	5	11
nightspot	3.68	9
nightstand	4.8099999999999996	43
nightstick	4.74	21
nighttime	3.86	105
nightwalker	3.65	4
nightwear	4.63	2
nil	2.4300000000000002	23
nimble	2.34	30
nimbleness	2.31	1
nimbly	2.3199999999999998	5
nimrod	2.65	24
nincompoop	2.4	42
nine	4.04	3441
ninefold	2.36	0
ninepin	4	1
nineteen	3.26	169
nineteenth	3.63	18
ninetieth	3.08	1
ninety	3.39	142
ninja	4.28	131
nintendo	4.6399999999999997	0
ninth	3.57	334
nip	3.43	165
nippiness	2.7	0
nipping	3.31	20
nipple	4.83	144
nippy	2.91	48
nirvana	1.52	57
nitpick	2.91	5
nitpicker	2.81	0
nitrate	2.96	55
nitrite	3.72	2
nitrogen	3.41	61
nitroglycerin	4.12	33
nitroglycerine	4.2699999999999996	15
nitrous	3.08	35
nitwit	3.26	62
nix	1.82	83
no	2.4500000000000002	304549
nobility	2.81	84
noble	1.89	744
nobleman	3.85	37
nobleness	2.04	5
noblewoman	3.41	2
nobody	2.3199999999999998	13599
nocturnal	2.67	62
nocturnally	2.33	0
nod	4.62	203
nodding	4	42
node	4	25
nodule	3.62	2
noel	2.73	962
noggin	4.1900000000000004	34
noir	2.59	41
noise	3.52	1779
noiseless	2.41	3
noiselessly	2.65	2
noiselessness	2.48	0
noisemaker	4.1100000000000003	3
noisemaking	3.56	0
noiseproof	3.2	0
noisily	2.67	8
noisiness	2.74	1
noisy	3.56	257
nomad	4.0999999999999996	27
nomadic	2.39	15
nomadically	2.46	0
nominal	2.2599999999999998	38
nominally	1.5	0
nominate	2.96	46
nominated	2.23	119
nomination	2.85	122
nominative	1.75	1
nominator	3.33	0
nominee	3.9	40
nonabsorbent	2.76	0
nonacademic	1.74	0
nonacid	2.56	0
nonadjacent	3.04	0
nonadjustable	2.93	0
nonaffiliated	1.64	0
nonaggression	1.9	1
nonaggressive	2.1800000000000002	0
nonagricultural	2.14	0
nonalcoholic	3.39	6
nonaligned	3.08	1
nonalignment	2.42	0
nonappearance	2.16	0
nonassertive	1.56	0
nonathletic	2.78	0
nonattached	2.96	0
nonattachment	2.15	0
nonattendance	2.27	1
nonautomotive	2.89	0
nonbacterial	2.97	0
nonbeing	1.88	0
nonbeliever	2.1	4
nonbelligerent	1.65	0
nonbinding	1.57	1
noncapital	2.4500000000000002	0
noncertified	2.63	0
nonchalance	1.81	3
nonchalant	1.88	19
nonchalantly	1.81	4
nonchemical	2.36	0
noncircular	3.2	0
noncitizen	2.7	0
nonclinical	2.0699999999999998	0
noncombat	2.13	3
noncombatant	2.4500000000000002	1
noncombustible	2.72	1
noncommercial	2.0699999999999998	0
noncommissioned	2.12	9
noncommittal	1.68	7
noncommittally	2.08	0
noncommunist	1.92	0
noncompeting	1.93	0
noncompetitive	2	2
noncompetitively	1.83	0
noncompliance	2.04	11
nonconductive	2.46	0
nonconductor	3.17	0
nonconformance	1.36	0
nonconforming	1.93	0
nonconformist	2.5299999999999998	5
nonconformity	1.76	0
nonconsecutive	2.85	0
noncontact	2.48	1
noncontiguous	1.96	0
noncontributing	1.69	0
noncontroversial	1.33	0
nonconventional	1.63	0
nonconvertible	2.41	0
noncooperation	2.11	0
noncorrosive	2.33	0
noncreative	1.69	0
noncriminal	1.92	0
noncritical	1.96	2
noncumulative	1.75	0
noncurrent	2.08	0
noncyclical	2.08	0
nondairy	3.52	5
nondemocratic	1.69	0
nondenominational	2.04	4
nondependent	1.89	0
nondescript	2.4300000000000002	10
nondestructive	2.0699999999999998	0
nondisclosure	2	7
nondiscretionary	1.55	0
nondiscrimination	1.56	0
nondiscriminatory	1.96	0
nondomestic	2.2400000000000002	0
nondrinking	3.71	1
nondrying	3.04	0
none	2.59	5641
noneconomic	2	0
nonelection	2.42	0
nonelectric	2.5	0
nonelectrical	3.43	0
nonentity	1.74	3
nonequivalent	2.1800000000000002	0
nonessential	1.7	3
nonetheless	1.27	129
nonevent	2.2999999999999998	2
nonexclusive	1.93	3
nonexecutive	2.27	0
nonexempt	2.25	0
nonexistence	1.57	6
nonexistent	1.59	43
nonexpendable	1.82	0
nonfactual	2.08	0
nonfat	3.11	25
nonfatal	2.75	1
nonfederal	2.27	0
nonfiction	3.5	20
nonfictional	2.57	0
nonfigurative	1.81	0
nonfinancial	1.93	0
nonflammable	2.81	0
nonfood	3.48	0
nonfreezing	2.48	0
nonfunctional	2.11	4
nonfunctioning	2.2400000000000002	2
nongaseous	2.6	0
nongovernmental	2.74	0
nonhazardous	2.54	0
nonhereditary	2.04	0
nonhuman	3.83	8
nonidentity	1.61	0
nonimpact	1.8	0
nonindustrial	2.4300000000000002	0
noninfectious	2.61	3
nonintellectual	1.83	0
noninterference	1.75	0
nonintersecting	3.12	0
nonintervention	1.86	1
noninvasive	2.58	6
noninvolvement	1.52	1
nonirritant	2.2599999999999998	0
nonirritating	1.82	0
nonjudgmental	1.61	1
nonlethal	2	7
nonlinear	2.58	2
nonliterary	1.44	0
nonliving	2.71	0
nonlocal	2.72	0
nonmagnetic	3.17	0
nonmalignant	2.33	0
nonmalleable	3.19	0
nonmarket	1.7	0
nonmaterial	1.56	0
nonmathematical	1.56	0
nonmedical	2.34	0
nonmember	2.83	0
nonmetal	3.16	0
nonmetallic	3.64	4
nonmetropolitan	2.38	0
nonmilitant	2.48	0
nonmilitary	2.78	5
nonmusical	2.33	0
nonnegotiable	1.74	16
nonobjective	1.42	0
nonobligatory	1.81	0
nonobservant	2.27	0
nonoccurrence	1.92	0
nonofficial	2.19	1
nonoperational	2.79	2
nonorganic	3.56	1
nonpaid	2.15	2
nonparallel	3.34	0
nonparent	2.4	0
nonparticipant	2.74	0
nonparticipating	2.68	0
nonparticipation	2.13	1
nonpartisan	2.04	1
nonpartisanship	1.79	0
nonparty	2.04	0
nonpathogenic	1.62	0
nonpaying	2.54	1
nonpayment	2.83	8
nonperformance	2.37	1
nonperformer	2.65	0
nonperforming	2.3199999999999998	0
nonperishable	2.76	0
nonpermanent	1.97	2
nonperson	2.08	1
nonphysical	2.0699999999999998	6
nonplus	1.85	0
nonpoisonous	2	0
nonpolitical	1.62	2
nonporous	3.15	3
nonpresidential	2.04	0
nonproducing	2.81	0
nonproduction	2.19	0
nonproductive	2.67	1
nonproductively	1.88	0
nonprofessional	2.23	2
nonprofit	2.59	16
nonproprietary	1.57	0
nonpublic	2.46	1
nonracial	2	0
nonrandom	2.04	1
nonreactive	1.89	3
nonreactor	2.2000000000000002	0
nonreader	3.26	0
nonrealistic	1.83	0
nonreciprocal	1.31	0
nonrectangular	3.08	0
nonrecurring	1.64	0
nonrefundable	2.5299999999999998	7
nonregistered	2.67	0
nonreligious	2.0299999999999998	1
nonrenewable	2.31	0
nonrenewal	2.2400000000000002	0
nonrepresentational	1.8	0
nonresident	2.64	0
nonresidential	2.64	1
nonresistance	1.84	0
nonresistant	1.78	0
nonresponsive	2.56	9
nonrestrictive	1.96	0
nonretirement	2.0699999999999998	0
nonreturnable	2.5499999999999998	2
nonrevenue	2.12	0
nonreversible	2.73	0
nonromantic	2.2599999999999998	1
nonscheduled	2.0699999999999998	0
nonscientific	1.86	0
nonscientist	2.5	0
nonselective	1.68	0
nonsense	2.38	1452
nonsensical	1.82	13
nonsensically	1.78	0
nonsexual	2.54	2
nonsingular	2.11	0
nonskid	3.5	1
nonslip	3.27	2
nonsmoker	3.79	6
nonsmoking	2.88	14
nonsocial	2	0
nonsolid	3.38	0
nonspeaking	2.89	0
nonspecific	1.7	5
nonstandard	2.59	1
nonstarter	2.2200000000000002	1
nonstick	3.08	1
nonstop	2.64	90
nonstrategic	1.89	0
nonstructural	2.2400000000000002	0
nonstudent	2.86	0
nonsubscriber	2.69	0
nonsuccess	1.64	0
nonsupport	2.31	1
nonsurgical	3.5	1
nonsymmetrical	3.28	0
nonsystematic	2.37	0
nontaxable	1.93	1
nonteaching	2.15	0
nontechnical	2.38	0
nontheatrical	2.2599999999999998	0
nonthreatening	2	8
nontoxic	2.67	5
nontraditional	1.69	1
nontransferable	2.0699999999999998	0
nontransparent	3	0
nontribal	1.6	0
nontrivial	1.68	0
nonunion	1.74	2
nonurban	2.52	0
nonvascular	2.35	0
nonverbal	2.48	7
nonveteran	2.88	0
nonviolence	2.44	7
nonviolent	2.5	32
nonvolatile	2.0699999999999998	0
nonvoter	3.54	0
nonwestern	2.56	0
nonwhite	3.25	0
nonworking	3.28	0
noodle	4.71	148
noodles	4.96	309
nook	4.37	54
noon	2.67	924
noonday	3.84	2
noontime	3.15	8
noose	4.5199999999999996	111
nope	2.35	1783
nor	1.8	1835
nordic	2.7	17
norm	2.11	170
normal	1.4	3589
normalcy	1.77	20
normality	1.94	17
normalization	1.62	0
normalize	2.0299999999999998	4
normally	1.83	818
normalness	1.5	1
normative	1.56	3
north	4.1399999999999997	3258
northbound	3.56	32
northeast	3.83	164
northeaster	3.26	1
northeasterly	3.21	1
northeastern	3.93	16
northeastward	3.16	0
northeastwardly	3.36	0
northeastwards	3.08	0
northerly	2.92	3
northern	3.13	362
northerner	3.21	3
northernmost	3.34	3
northland	3.09	0
northside	3.48	0
northward	3.37	11
northwardly	3.04	0
northwards	2.92	0
northwest	3.59	204
northwester	3.12	0
northwesterly	3.23	4
northwestern	2.93	82
northwestward	3.72	0
northwestwardly	2.82	0
northwestwards	3.35	0
nose	4.8899999999999997	3557
nosebleed	4.43	41
nosed	2.84	3
nosedive	3.48	8
nosepiece	4.32	0
nosey	2.2999999999999998	33
nosiness	2.72	1
nosing	2.21	43
nostalgia	1.83	39
nostalgic	1.88	51
nostalgically	1.82	1
nostril	4.8899999999999997	35
nosy	2.0699999999999998	144
not	2.08	276673
notability	2.12	0
notable	2	31
notably	1.62	22
notarize	3.88	1
notary	3.69	35
notation	3.07	12
notational	2.04	0
notch	4.2300000000000004	170
notched	4.1100000000000003	3
notching	3.42	0
note	4.6100000000000003	2731
notebook	4.92	235
noted	3.15	245
notepad	4.7	8
notepaper	4.78	2
noteworthiness	1.72	0
noteworthy	2.11	8
nothing	2.21	43534
nothingness	1.74	43
notice	3.3	3022
noticeable	2.29	45
noticeably	1.83	10
noticeboard	4.4400000000000004	0
notification	3.34	31
notified	2.97	219
notify	3.04	367
notion	1.93	336
notoriety	2	23
notorious	1.63	189
notoriously	1.82	33
notoriousness	1.85	0
notwithstanding	1.38	51
nougat	4.21	11
noun	3.15	27
nourish	2.2599999999999998	22
nourishing	2.69	22
nourishment	2.97	62
nova	3.85	270
novel	4.21	513
novelist	4.07	61
novelistic	1.81	1
novelization	2.4500000000000002	0
novelize	2.56	0
novelty	2.21	85
november	2.93	447
novice	2.68	41
now	1.48	163333
nowadays	1.4	359
nowhere	1.79	1995
noxious	2.36	11
noxiously	2.16	0
noxiousness	2.13	0
nozzle	4.91	19
nuance	1.85	21
nub	4.2300000000000004	7
nubile	1.86	9
nuclear	2.97	968
nuclei	3.41	8
nucleoprotein	3.12	0
nucleus	3.48	45
nude	4.28	301
nudeness	3.28	1
nudge	4.47	57
nudism	3.54	2
nudist	4.66	33
nudity	4.13	89
nugget	4.45	60
nuisance	2.19	164
nuke	4	121
null	1.79	27
nullification	2.14	6
nullifier	2.15	0
nullify	2.1	16
numb	3.1	249
number	3.3	12288
numberless	1.83	0
numbing	3.41	23
numbingly	2.42	0
numbly	2.09	1
numbness	2.33	18
numbskull	2.08	20
numerable	2.48	0
numeral	3.88	9
numerate	2.61	0
numeration	2.69	0
numerator	3	5
numeric	3.07	1
numerical	3.07	20
numerically	2.83	2
numerologist	3.48	1
numerology	1.96	2
numerous	2.57	183
numerously	2.35	0
numskull	2.87	8
nun	4.92	355
nunnery	3.5	23
nuptial	2.4300000000000002	9
nuptials	3.15	30
nurse	4.3899999999999997	2294
nursemaid	4.5	28
nursery	4.4800000000000004	207
nurseryman	4.08	0
nursing	3.76	323
nurture	2.2400000000000002	37
nurturer	2.7	3
nut	4.5199999999999996	797
nutcase	2.93	67
nutcracker	4.8099999999999996	36
nutcrackers	4.7699999999999996	4
nuthouse	3.79	46
nutlike	3.23	0
nutmeg	4.6900000000000004	36
nutrient	3.5	19
nutrition	2.82	48
nutritional	2.31	20
nutritionally	1.86	4
nutritionist	4	12
nutritious	2.4500000000000002	45
nutritiously	1.93	0
nutshell	4.29	48
nuttiness	2.85	5
nutty	3.45	182
nuzzle	4.07	7
nylon	4.7	69
nymph	3.58	38
nymphomania	2.4	10
nymphomaniac	3.04	27
oaf	3.65	50
oak	4.82	286
oaken	3.54	2
oar	4.84	42
oarsman	3.72	3
oasis	4.4400000000000004	98
oat	5	27
oatcake	4.68	0
oath	2.79	504
oatmeal	4.93	169
oats	4.78	105
obedience	2.29	87
obedient	1.93	100
obediently	2.2400000000000002	2
obese	3.7	25
obesity	3.24	21
obey	2.67	456
obituary	4.18	68
object	3.66	1314
objectification	1.62	7
objectify	1.57	11
objection	2.29	1108
objectionable	1.9	19
objectionably	1.71	0
objective	2	359
objectively	1.3	51
objectiveness	1.45	0
objectivism	1.26	0
objectivist	1.52	0
objectivistic	1.59	0
objectivity	1.48	38
objectless	2.23	0
objector	3.43	15
obligate	2	6
obligation	2.04	344
obligator	2.23	0
obligatorily	1.8	0
obligatory	1.58	21
oblige	1.73	113
obliged	2.21	295
obliging	1.59	17
obligingly	1.44	5
oblique	3.15	23
obliquely	1.8	2
obliqueness	1.87	0
obliterate	3.07	18
obliteration	2	7
obliterator	2.85	0
oblivion	1.37	101
oblivious	1.93	54
obliviously	1.77	0
obliviousness	1.68	1
oblong	3.59	6
obnoxious	2.25	179
obnoxiously	2.39	2
obnoxiousness	1.93	2
oboe	4.43	18
obscene	1.87	176
obscenely	1.86	12
obsceneness	2.08	0
obscenity	2.31	53
obscure	2	132
obscurely	1.96	1
obscurer	2.56	0
obscurity	1.63	27
observable	2.2999999999999998	4
observably	1.96	0
observance	2.4500000000000002	3
observant	2.41	62
observantly	1.96	0
observation	2.12	380
observational	2.19	5
observationally	2.04	0
observatory	4.4800000000000004	51
observe	2.63	499
observer	3.88	188
observing	2.89	145
obsess	2.14	31
obsessed	2.04	526
obsession	1.7	289
obsessive	2.0299999999999998	90
obsidian	4.4400000000000004	3
obsolete	2.1	98
obsoleteness	2.17	0
obstacle	3.48	132
obstetrical	2.6	0
obstetrician	4.3099999999999996	13
obstinate	1.79	46
obstruct	2.46	30
obstructer	3.66	0
obstruction	3.73	122
obstructive	2.42	0
obstructively	2.15	0
obtain	3	190
obtainable	2.0299999999999998	0
obtainer	2.88	1
obtainment	1.76	0
obtrude	2.27	1
obtrusion	3.11	0
obtrusive	1.72	2
obtrusively	2.04	0
obtrusiveness	1.84	0
obtuse	2.14	13
obtusely	1.69	0
obtuseness	1.77	0
obvious	2.0699999999999998	1508
obviously	1.82	3082
obviousness	1.93	1
occasion	2.52	844
occasional	1.85	199
occasionally	2.0699999999999998	364
occlusion	2.46	7
occult	2.59	80
occultism	2.21	3
occultist	2.86	1
occupancy	2.57	14
occupant	3.5	41
occupation	3.68	210
occupational	2.0699999999999998	76
occupationally	1.69	0
occupier	3.3	0
occupy	3.32	126
occur	1.84	379
occurrence	2.57	60
ocean	4.8600000000000003	1545
oceanfront	4.5199999999999996	3
oceanic	2.83	31
oceanographer	3.97	4
oceanographic	2.62	12
oceanography	3.15	7
ocelot	4.43	2
octagon	4.43	11
octagonal	4.25	6
octane	3.4	4
octave	3.31	14
october	2.81	506
octopi	4.88	2
octopus	5	99
ocular	2.89	21
odd	1.7	1226
oddball	2.74	34
oddity	2.11	6
oddly	1.63	105
oddness	1.77	3
odds	2.2400000000000002	970
ode	2.91	41
odometer	4.72	11
odor	3.52	119
odorant	3.65	1
odoriferous	3.26	0
odorize	2.75	0
odorless	2.72	14
odorous	3.27	1
odorously	2.36	0
odyssey	2.64	45
of	1.67	590439
off	2.79	60155
offbeat	2.2200000000000002	17
offence	3.07	273
offend	1.68	266
offended	1.97	384
offender	3.88	140
offense	2.0299999999999998	840
offensive	2.1	327
offensively	1.66	2
offensiveness	1.69	3
offer	2.23	3810
offering	2.82	777
offhand	1.62	46
offhanded	1.64	0
offhandedly	1.92	0
offhandedness	1.54	0
office	4.93	10399
officeholder	3.69	0
officemate	3.46	1
officer	4.8	5265
official	2.54	1224
officially	1.61	775
officiate	2.58	11
officiator	3.46	0
offline	3.03	22
offload	2.5499999999999998	4
offputting	2	0
offscreen	3.07	1
offset	2.75	29
offshoot	2.88	7
offshore	3.65	115
offside	3.5	11
offspring	3.93	130
offstage	3.96	22
often	2.5	2925
oftentimes	1.85	20
ogle	2.67	19
ogre	3.97	71
oh	1.48	167781
ohm	2.48	4
oil	4.93	2095
oilcan	4.62	6
oilcloth	4.4000000000000004	1
oiled	3.81	29
oiler	3.61	6
oiliness	3.82	0
oillamp	4.84	0
oilman	4.5599999999999996	8
oilpaper	4.58	2
oilskin	4.32	1
oily	3.83	49
oink	3.24	55
ointment	4.5	83
ok	2.11	25928
okay	1.89	102320
okra	4.78	26
old	2.72	31056
older	3.19	2135
oldfashioned	2.2599999999999998	0
oldie	2.57	23
oldish	2.2200000000000002	0
oldness	2.7	1
olfactory	2.75	23
olive	4.9000000000000004	375
olympic	2.89	204
olympics	4.1100000000000003	217
omega	3.08	76
omelet	4.93	121
omelette	4.74	61
omen	2.69	87
ominous	1.93	68
ominously	2.0699999999999998	1
omissible	2.04	0
omission	1.89	20
omit	2.14	14
omnipotence	1.58	9
omnipotent	1.92	19
omnipresence	2	0
omnipresent	1.42	6
omniscience	1.79	4
omniscient	1.88	17
omnivore	3.16	0
omnivorous	2.62	2
on	3.25	354742
onboard	3.39	241
once	2.74	17589
oncologic	2.2599999999999998	0
oncologist	3.96	44
oncology	3	31
oncoming	2.63	22
one	3.97	156684
oneness	1.96	21
oneself	3.48	109
ongoing	1.88	111
onion	4.8600000000000003	216
onionskin	4.6399999999999997	0
online	3.35	342
onlooker	3.64	2
only	2.41	55269
onrushing	2.44	2
onscreen	3.42	4
onset	2.14	43
onshore	3.62	11
onslaught	2.35	17
onstage	3.8	104
onto	2.46	1871
onward	2.27	79
onwards	2.23	20
onyx	4.6399999999999997	17
oomph	1.52	33
oops	2.04	556
ooze	4	27
ooziness	2.88	0
oozy	3.19	2
opacity	2.93	1
opal	4.42	52
opalescent	2.88	0
opaque	3.62	6
opaquely	2.62	0
opaqueness	3.21	0
open	3.21	16341
opener	3.81	173
openhanded	3.17	0
openhandedly	2.12	0
openhandedness	2.08	0
openhearted	1.96	0
openheartedly	1.37	0
openheartedness	1.54	0
opening	3.79	1960
openly	1.55	108
openmouthed	4.07	0
openness	1.9	20
opera	4.28	873
operability	2.12	0
operable	2.72	12
operate	3	682
operatic	2.04	14
operating	3.46	582
operation	3.44	2241
operational	2.38	195
operative	2.64	166
operatively	1.74	1
operator	4.21	836
ophthalmologist	4.32	14
ophthalmology	2.86	5
opiate	4.17	20
opinion	1.93	2142
opinionate	2.13	0
opinionated	1.48	27
opinionative	2.41	0
opinioned	2.04	1
opium	4.5599999999999996	114
opossum	4.93	4
opponent	3.52	240
opportune	2.04	14
opportunely	2.0499999999999998	2
opportunism	2.36	1
opportunist	2.72	18
opportunistic	2.19	14
opportunistically	1.65	0
opportunity	1.88	2091
opposable	2.33	18
oppose	2.52	110
opposed	2.14	352
opposing	2.34	137
opposite	1.79	775
oppositely	1.96	0
oppositeness	1.81	0
opposition	2.25	155
oppositional	2.15	0
oppositionist	2.46	0
oppress	1.64	11
oppressed	1.89	65
oppression	2	76
oppressive	1.64	47
oppressively	1.85	0
oppressiveness	1.41	1
oppressor	2.76	26
opt	2.37	20
optic	3.46	52
optical	2.86	56
optically	2.5	1
optician	4.68	4
optics	3.29	36
optimal	1.76	15
optimism	1.48	79
optimist	1.9	78
optimistic	2	173
optimistically	2.14	1
optimization	1.96	1
optimize	2.72	5
optimum	1.76	33
option	2.39	736
optional	1.9	58
optionally	1.36	0
optometrist	4.8899999999999997	14
optometry	3.48	2
opulent	2.04	7
opulently	2.71	0
opus	3.25	46
or	1.72	86970
oracle	2.88	114
oral	3.45	220
orally	3	21
orange	4.66	1138
orangey	3.21	1
orangutan	4.8099999999999996	29
orate	3.24	2
orator	4	8
oratory	2.87	9
orb	4.12	140
orbit	3.93	288
orbital	3.11	64
orbiter	3.56	4
orchard	4.75	98
orchestra	4.79	281
orchestral	2.61	10
orchestrate	2.25	14
orchestration	2.82	6
orchestrator	4.03	0
orchid	4.92	110
ordain	1.96	9
ordainment	2.1800000000000002	0
ordeal	2.04	121
order	2.79	7985
ordered	3.14	1885
orderliness	2.19	2
orderly	2.77	223
ordinance	2.9	86
ordinarily	1.5	108
ordinariness	1.85	1
ordinary	1.79	973
ordination	2.19	5
ordnance	2.96	47
ore	4.4800000000000004	84
oregano	4.8099999999999996	42
organ	4.7699999999999996	370
organic	2.68	220
organically	2.66	8
organism	4.16	104
organismic	1.88	1
organist	4	20
organization	3	668
organizational	2.2799999999999998	18
organizationally	1.73	0
organize	2.72	220
organized	2.63	519
organizer	3.58	22
orgasm	3.97	213
orgasmic	2.7	13
orgy	3.67	87
orient	2.31	81
oriental	3.5	133
orientation	2.4300000000000002	124
orifice	4.3600000000000003	30
origami	4.38	39
origin	2.0299999999999998	227
original	2.0699999999999998	1440
originality	1.86	30
originally	1.66	355
originate	2.23	15
origination	2.0699999999999998	4
originative	1.55	0
originator	2.52	3
oriole	4.38	5
ornament	4.04	58
ornamental	2.7	9
ornamentally	2.33	0
ornamentation	3.36	3
ornate	3.19	10
ornately	2.35	0
orneriness	2.29	1
ornery	2	60
ornithology	3	4
orphan	4.04	293
orphanage	4.6500000000000004	273
orphaned	3.18	20
orthodontic	3.41	3
orthodontics	3.63	2
orthodontist	4.43	25
orthodox	1.68	53
orthographic	2.62	1
orthography	2.73	1
orthopedic	2.58	26
orthopedically	2.36	1
orthopedics	3.54	3
orthopedist	4.7300000000000004	12
oscillate	3.17	3
oscillating	3.39	7
oscillator	3.79	18
oscilloscope	4.63	4
osmosis	3.48	15
ostentatious	2.31	25
ostentatiously	1.57	1
osteoarthritis	3.52	0
osteoporosis	3.19	9
ostracize	2.67	1
ostrich	4.71	48
other	2.04	37505
otherness	1.62	3
otherwise	1.57	2119
otherworld	2.5	1
otherworldliness	1.96	0
otherworldly	1.35	12
otter	4.8600000000000003	69
ottoman	4.9000000000000004	16
ouch	2.76	559
ought	1.43	4118
ounce	3.86	206
our	1.97	71425
ours	1.81	1801
ourself	2.64	24
ourselves	2.41	2676
oust	2.73	3
out	2.73	197131
outage	2.83	21
outback	3.56	47
outbid	3.07	21
outboard	4.07	28
outbound	2.41	16
outbox	3.78	3
outbreak	3.04	99
outbreed	2.25	0
outbuilding	3.89	11
outburst	2.76	74
outcast	2.62	67
outclass	1.81	1
outcome	2.27	201
outcrop	2.77	0
outcry	3.23	12
outdate	1.86	0
outdated	2.33	41
outdo	1.59	26
outdoor	3.93	93
outdoors	4.6100000000000003	107
outdoorsman	4.3099999999999996	4
outdoorsy	2.33	12
outdraw	2.81	7
outdrink	2.83	2
outer	3.74	463
outermost	3.37	4
outerwear	4.5199999999999996	1
outfield	4.03	12
outfielder	4.67	5
outfit	4.12	1280
outfitter	3.7	2
outflank	2.4300000000000002	14
outflow	3.31	7
outfox	1.88	2
outgoing	2.2999999999999998	90
outgoingness	1.85	0
outgrow	2.88	21
outgrowing	2.23	1
outgrowth	3.46	2
outguess	1.88	2
outgun	2.8	1
outhit	2.59	0
outhouse	4.8899999999999997	38
outing	2.72	51
outland	3	0
outlander	3.42	1
outlandish	2.04	17
outlandishly	1.64	0
outlandishness	2.21	0
outlast	2.21	19
outlaw	3.61	149
outlay	2.52	6
outlearn	1.77	0
outlet	4.3099999999999996	102
outline	3.61	104
outlined	3.26	40
outlive	2.15	57
outlook	1.97	103
outlying	2.04	17
outmaneuver	2.97	4
outmatch	2	0
outmost	2.85	0
outnumber	2.5	39
outnumbered	2.93	108
outpace	2.4300000000000002	0
outpatient	3.24	31
outperform	2.4300000000000002	3
outplayed	2.3199999999999998	5
outpost	4.04	67
outpour	2.56	1
outpouring	2.46	13
output	2.48	71
outrace	2.65	5
outrage	2.4500000000000002	160
outraged	2.2799999999999998	66
outrageous	1.8	323
outrageously	1.9	10
outrageousness	1.81	1
outraging	1.89	0
outrank	2.36	30
outreach	2.57	24
outright	2.0299999999999998	63
outrun	2.88	99
outscore	3.2	0
outsell	2.61	2
outset	2.21	16
outshine	2.17	5
outshoot	2.76	9
outside	4.25	8671
outsider	2.33	121
outsize	3	1
outsized	2.65	3
outskirt	2.39	0
outskirts	3.17	38
outsmart	2.23	39
outsource	2.46	4
outspend	2.3199999999999998	1
outspent	2.75	0
outspoken	2.4300000000000002	25
outspokenly	1.86	0
outspokenness	2.48	1
outspread	2.12	0
outstand	2.35	0
outstanding	1.75	380
outstandingly	1.81	2
outstretch	2.81	0
outstretched	3.3	20
outtake	2.74	7
outtakes	3.63	5
outthink	1.66	14
outthrust	3.12	0
outvote	2.72	0
outwait	2.2000000000000002	0
outward	2.79	69
outwardly	2.3199999999999998	12
outwards	2.38	7
outweigh	2.63	24
outwit	1.97	30
outworn	2.19	7
outwrestle	2.25	0
oval	4.04	69
ovarian	3.25	17
ovary	4.18	26
ovation	3.45	45
oven	4.97	453
ovenproof	2.65	0
ovenware	4.7699999999999996	0
over	2.46	67488
overabundance	2.65	7
overabundant	2.11	0
overachieve	2.0299999999999998	2
overachiever	1.93	11
overact	2.81	4
overactive	2.39	20
overage	2.4300000000000002	5
overall	1.76	164
overalls	4.74	52
overambitious	1.86	1
overanalyze	1.93	3
overanxious	2	10
overanxiously	2.23	0
overarch	3.09	0
overarching	1.83	0
overassertive	2.0699999999999998	0
overbalance	2.4	0
overbear	2.37	0
overbearing	1.96	49
overbearingly	2.04	1
overbid	2.64	2
overbill	2.68	2
overbite	4.28	17
overblown	2.2599999999999998	12
overboard	3.44	259
overbook	3.04	0
overbought	2.5	0
overbuilt	2.81	2
overburden	2.62	1
overcapacity	2.68	0
overcapitalize	2.29	0
overcast	4.04	24
overcautious	2.0699999999999998	0
overcautiously	1.78	0
overcharge	2.46	19
overcoat	4.5	74
overcome	2.2799999999999998	316
overcompensate	2	5
overcompensation	1.83	1
overconcentration	2	0
overconfidence	1.81	5
overconfident	1.9	13
overconfidently	2.11	0
overconsumption	2.73	0
overcook	4	7
overcool	2.64	0
overcorrect	2.5	0
overcorrection	2.21	0
overcritical	1.79	0
overcrowd	3.44	1
overcrowded	3.81	23
overcurious	2.0699999999999998	0
overdelicate	2.5	0
overdevelop	2.41	0
overdevelopment	2.5499999999999998	0
overdo	2.19	82
overdone	2.93	32
overdose	2.83	136
overdraft	3.17	5
overdramatic	1.88	10
overdramatically	1.96	0
overdramatize	2.35	3
overdraw	2.79	0
overdrawn	2.76	11
overdress	3.43	1
overdrive	2.96	29
overdriven	1.96	0
overdubbed	2.92	2
overdue	2.86	148
overeager	1.73	10
overeagerly	1.88	0
overeat	2.93	5
overeaten	2.56	0
overeater	3.37	1
overeducate	1.93	0
overeducated	2.15	9
overemotional	2.14	3
overemphasis	2	1
overemphasize	2	0
overemphatic	1.76	0
overenthusiastic	2	3
overestimate	1.7	23
overestimation	2	1
overexcite	2.0699999999999998	1
overexcitement	2.64	1
overexert	2.19	0
overexerted	2.56	2
overexpansion	2.21	0
overexpose	2.96	1
overexposed	2.63	5
overexposure	2.41	4
overextend	2.38	1
overextension	2.93	1
overfed	3.33	8
overfeed	2.37	5
overfill	3.97	1
overfish	3.12	0
overflow	3.72	49
overflowing	3.59	41
overfull	3.64	0
overgenerous	2	0
overgraze	3.3	0
overgrow	2.91	0
overgrown	3.28	49
overgrowth	3.8	0
overhand	3.62	13
overhang	4.3099999999999996	9
overhanging	3.54	4
overhasty	2.08	0
overhaul	2.97	24
overhead	3.6	187
overheads	2.64	7
overhear	2.4	53
overheat	3.48	18
overheated	3.32	23
overhung	3.4	1
overhunt	2.56	0
overindulge	2	2
overindulgence	2.0699999999999998	1
overindulgent	2.0699999999999998	1
overinflate	3.37	0
overinflated	2.89	4
overinvest	1.8	0
overinvestment	2.1	0
overjoyed	2.5	37
overkill	2.3199999999999998	29
overlabor	2.63	0
overlaid	2.86	2
overlap	3.07	29
overlapping	3.27	46
overlarge	3.04	0
overlay	3.3	31
overleap	3.18	0
overlie	2.58	0
overload	2.69	91
overlook	2.41	148
overlord	3.61	21
overloud	2.58	0
overly	1.74	113
overlying	2.96	2
overmatch	1.74	1
overmodest	1.93	0
overnight	2.57	511
overnighter	3.79	3
overpass	4.1100000000000003	25
overpay	2.89	2
overpayment	3.14	2
overplant	3.08	0
overplay	2	7
overpopulate	2.48	2
overpopulation	2.72	1
overpower	2.59	30
overpowering	2.41	33
overpoweringly	1.93	0
overpressure	2.38	1
overprice	2.0699999999999998	1
overpriced	2.74	43
overprint	3.78	0
overproduce	2.57	1
overproduction	2.4500000000000002	3
overpromise	2.15	0
overprotect	2.2599999999999998	2
overprotection	1.84	0
overprotective	2.31	31
overqualified	1.5	16
overrate	1.86	2
overrated	1.63	135
overreach	2.4700000000000002	3
overreaching	1.96	8
overreact	2.11	73
overreaction	2.11	14
overregulation	1.96	0
overreliance	2.1800000000000002	0
overrepresentation	1.86	1
override	2.58	263
overriding	1.89	20
overripe	3.7	3
overrule	1.96	15
overruling	2.39	3
overrun	2.68	85
overrunning	3.04	3
oversaturation	2.85	0
oversea	2.83	2
overseas	3.31	233
oversee	2.82	68
overseen	1.93	4
overseer	3.73	21
oversell	1.64	6
oversensitive	2.14	6
overset	2.41	0
oversexed	2.09	16
overshadow	2.82	7
overshadowing	2.0299999999999998	2
overshoot	2.88	7
overshot	3	18
oversight	1.57	74
oversimplification	2.17	2
oversimplify	2	3
oversize	2.67	0
oversized	2.93	47
oversleep	3.19	8
oversold	2.33	1
overspecialization	2	0
overspecialize	1.89	0
overspecialized	1.92	1
overspend	2.71	2
overspill	3.4	0
overstaff	2.56	0
overstaffed	2.54	2
overstate	1.94	4
overstatement	1.54	4
overstay	2.25	6
overstep	3.03	14
overstimulation	2.41	1
overstock	3.28	2
overstrain	2.73	0
overstress	2.0699999999999998	1
overstretch	2.33	0
overstuff	3.21	1
oversupply	2.9	0
oversweet	3.07	0
overt	1.63	14
overtake	2.63	37
overtax	1.86	2
overthrow	2.35	69
overtime	2.8	318
overtiredness	2.56	0
overtly	1.64	12
overtone	2.41	3
overtreatment	2.62	0
overture	3.08	66
overturn	3	19
overuse	2.2400000000000002	5
overvaluation	2.2799999999999998	0
overvalue	2	0
overview	3.28	22
overweigh	2.96	0
overweight	3.57	93
overwhelm	1.42	35
overwhelmed	1.92	201
overwhelming	1.78	251
overwhelmingly	1.52	15
overwork	2.33	18
overworked	2.58	50
overwrite	3.26	5
overwrought	2.2799999999999998	35
overzealous	1.88	29
overzealously	1.96	0
overzealousness	2	4
ovulate	2.96	5
ovulation	3.19	9
ovum	4.38	7
owe	2.0699999999999998	3782
owing	2.15	63
owl	4.93	286
owlish	2.4300000000000002	0
own	1.96	23419
owner	3.78	1185
ownerless	2.09	0
ownership	2.42	116
ox	4.8600000000000003	397
oxblood	4.32	2
oxbow	4.17	2
oxcart	4.43	1
oxen	4.29	22
oxford	3.69	132
oxidant	3.07	0
oxidation	3.33	13
oxidative	2.31	0
oxide	3.87	61
oxidization	3	2
oxidize	3.79	0
oxidized	3.21	12
oxidizer	3.37	2
oxidizing	3.3	2
oxtail	4.5	1
oxygen	3.66	708
oxygenate	2.59	4
oxygenating	2.2999999999999998	4
oxygenation	2.4300000000000002	6
oxygenator	3.57	0
oxymoron	1.68	14
oyster	4.8499999999999996	156
ozone	3.5	109
pace	3.11	488
paced	2.81	14
pacemaker	4.68	38
pacer	3.64	13
pacific	3.79	493
pacification	1.76	3
pacifier	4.6100000000000003	20
pacifism	1.83	7
pacifist	2.44	35
pacify	2.04	20
pack	3.83	2235
packable	2.93	1
package	4.72	1162
packager	4.3099999999999996	0
packaging	4.4400000000000004	43
packer	3.96	22
packet	4.46	128
packhorse	4.76	1
pact	2.52	192
pad	4.43	415
padded	4.21	55
padding	4.5199999999999996	49
paddle	4.8	191
paddleball	4.33	2
paddled	4.13	9
paddlefish	4.82	0
paddler	3.58	1
paddling	3.83	46
paddock	4.22	17
padlock	4.92	35
padre	4.5999999999999996	215
pagan	2.73	69
paganism	2.2000000000000002	1
page	4.9000000000000004	1912
pageant	4	244
pageantry	2.52	10
pageboy	4.08	10
pagenumber	4.17	0
pager	4.57	147
paging	3.42	104
pagoda	4.67	56
pail	4.93	48
pain	3.5	4995
pained	2.29	13
painful	3.43	773
painfully	2.5299999999999998	91
painfulness	2.7	0
paining	2.57	6
painkiller	4.18	27
painless	2.29	99
painlessly	2.12	10
painlessness	2.14	0
pains	3.65	269
painstaking	2.04	12
painstakingly	1.93	5
painstakingness	1.74	0
paint	4.79	1877
paintable	2.31	0
paintball	4.79	38
paintbox	4.6500000000000004	5
paintbrush	4.79	27
painted	4.5	710
painter	4.5199999999999996	344
painting	4.59	1489
paintwork	4.41	1
pair	3.88	1900
paired	3.43	33
pajama	4.8499999999999996	65
pajamas	4.7300000000000004	297
pal	3.93	2937
palace	4.57	979
palatability	2.04	0
palatable	2.96	13
palatably	1.88	0
palate	3.73	50
pale	3.79	409
paled	2.62	3
paleface	3	11
paleness	3.7	1
paleoanthropologist	3.71	0
paleontological	2.38	0
paleontologist	4.62	17
paleontology	3.2	21
paler	3.38	13
pales	2.2799999999999998	11
palette	4.3	29
pallbearer	4.3499999999999996	11
pallet	4.59	21
palliative	2.75	3
pallor	3.18	7
palm	4.83	675
palmed	3.07	11
palmtree	4.7300000000000004	0
palpable	2.52	21
palpably	1.91	0
palpation	3.23	7
palpitate	3.58	2
palpitation	3.32	6
palsy	2.76	27
paltry	1.93	26
pamper	2.63	26
pampered	2.1800000000000002	32
pamperer	2.89	0
pampers	3.96	15
pamphlet	4.6100000000000003	60
pan	4.8600000000000003	627
panache	1.61	10
panama	4.21	229
pancake	4.8600000000000003	202
pancreas	4.79	40
pancreatic	3.21	19
pancreatitis	3.54	7
panda	4.75	108
pandemic	2.54	5
pandemonium	2.2400000000000002	33
panderer	2.76	0
pane	3.86	24
panel	4.26	372
paneling	4.41	9
panelist	4.3099999999999996	1
panfish	3.75	0
panfry	4.2699999999999996	1
pang	2.7	81
panhandle	3.75	20
panhandler	4	14
panic	3.04	1114
panicked	2.52	262
panicky	2.41	56
panning	3.3	18
panorama	3.41	7
panoramic	3.21	2
panoramically	2.33	0
pansy	3.89	99
pant	4.38	49
pantaloons	4.79	11
panther	4.93	131
panties	4.9000000000000004	414
panting	4	207
pantomime	3.84	17
pantry	4.67	89
pants	4.8600000000000003	2996
pantsuit	4.78	8
panty	4.59	53
pantyhose	5	87
papa	4.43	2172
paparazzi	4.1100000000000003	50
paparazzo	4.26	2
papaya	4.87	56
paper	4.93	5271
paperback	4.57	23
paperboard	4.26	0
paperboy	4.8600000000000003	22
paperclip	4.96	2
papered	3.45	8
paperhanger	4.04	8
papering	3.21	1
paperless	2.79	3
papermaker	3.7	0
papermaking	3.54	1
paperweight	4.78	21
paperwork	4.63	531
papery	3.04	4
paprika	5	41
papyrus	4.4400000000000004	4
par	2.2599999999999998	253
parable	1.89	9
parabola	3.88	0
parabolic	2.92	13
parachute	4.78	162
parachutist	4.3	8
parade	4.54	657
paradigm	1.73	37
paradigmatic	1.36	1
parading	3.43	56
paradise	2.72	676
paradox	1.54	65
paradoxical	2	7
paradoxically	1.5	2
paraglider	4.8099999999999996	2
paragliding	4.04	3
paragraph	3.96	144
parakeet	4.9000000000000004	55
paralegal	4.33	50
parallel	3.16	224
parallelism	1.86	1
parallelogram	4.07	2
paralympics	3.69	0
paralyses	3.11	1
paralysis	3.52	100
paralyze	3.41	24
paramedic	4.74	107
paramedical	2.38	1
paramedics	4.37	255
parameter	2.48	13
paramilitary	3.15	20
paramount	1.79	116
paranoia	1.74	136
paranoid	1.77	543
paranormal	2.6	67
paraphernalia	3.67	31
paraphrase	2.25	12
paraphraser	2.5	0
paraplegia	2.93	1
paraplegic	4	24
paraprofessional	3.32	0
parapsychology	1.76	11
parasail	4.37	0
parasite	4.34	126
parasitic	2.63	24
parasitical	2.2799999999999998	0
parasitically	2.44	0
paratroop	3.7	3
paratrooper	4.8899999999999997	16
paratroops	4.42	9
parcel	4.8099999999999996	71
parch	3.35	2
parched	3.21	58
parchedness	2.4500000000000002	0
parching	2.62	0
parchment	4.4800000000000004	39
pardon	2.2400000000000002	3297
pardonable	1.52	3
pardoning	2.23	6
parent	4.5599999999999996	670
parentage	2.87	8
parental	2.69	105
parentally	2.2999999999999998	0
parentheses	4.1500000000000004	4
parenthesis	4.78	3
parenthesize	2.92	0
parenthetical	2.29	0
parenthetically	1.52	2
parenthood	2.5499999999999998	40
parenting	2.5499999999999998	134
parentless	2.84	4
parfait	4.68	12
pariah	3.33	20
paring	2.92	6
parish	3.81	154
parishioner	4.04	8
park	4.74	3678
parka	4.6500000000000004	31
parking	3.85	1379
parkland	4.04	5
parkway	4.43	53
parlay	2.57	34
parliament	3.76	114
parliamentarian	3.73	0
parliamentary	1.78	12
parlor	4.28	303
parmesan	4.67	57
parochial	1.79	17
parody	2.56	36
parole	2.66	533
parolee	3.88	8
parrot	5	167
parrotfish	4.96	1
parsley	4.7699999999999996	43
parsnip	4.8499999999999996	4
part	3.29	13337
partake	2.19	49
partaker	2.96	1
parted	2.85	97
partial	2.31	247
partiality	1.72	4
partially	2.67	109
partialness	1.59	0
participant	3.38	30
participate	2.59	224
participation	2.86	101
participative	1.92	0
participator	3.67	1
participatory	2.04	1
participle	2.44	3
particle	3.78	91
particleboard	4.79	1
particular	2.23	1423
particularity	1.57	0
particularization	1.67	0
particularize	2.15	0
particularly	1.64	946
particulars	1.5	55
particulate	3.19	5
parting	2.79	116
partisan	1.65	9
partisanship	1.93	0
partition	3.72	25
partitioned	3.14	4
partitioner	3.54	0
partitioning	3.04	0
partly	2.2999999999999998	175
partner	3.53	3836
partnership	2.82	270
partook	2.21	4
partridge	4	173
parttime	3.15	0
partway	2.33	6
party	3.89	11890
partygoer	4.04	0
pass	2.71	5514
passable	2.44	14
passably	1.85	1
passage	3.8	390
passageway	4.67	60
passcode	3.89	0
passenger	4.34	549
passerby	4.04	8
passing	2.76	1325
passion	2.2999999999999998	1008
passionate	1.48	306
passionately	1.86	72
passionflower	4.72	1
passionless	1.75	3
passionlessly	1.64	0
passive	2.2599999999999998	111
passively	1.61	6
passiveness	1.82	0
passivism	1.63	1
passivity	1.6	3
passkey	4.1900000000000004	29
passover	2.78	48
passport	5	534
password	3.83	407
past	1.7	6312
pasta	4.8600000000000003	216
paste	4.45	87
pasted	3.28	21
pastel	4	14
pasteurization	3.43	0
pasteurize	3.07	1
pasteurizer	3	0
pasties	4.4800000000000004	11
pastime	2.5	41
pastiness	3.12	0
pasting	3.72	11
pastor	4.37	219
pastoral	2.2200000000000002	7
pastrami	4.74	49
pastry	4.97	98
pasture	4.78	78
pastureland	4.7300000000000004	1
pasty	3.45	31
pat	4.16	933
patch	4.7	888
patchable	3	0
patchily	2.31	0
patchiness	3.25	0
patchwork	3.67	5
patchy	3.21	9
patella	4.6100000000000003	12
patent	3.32	126
patentability	2.44	0
patentable	2.21	2
patented	2.54	41
patently	1.72	12
paternal	2.29	41
paternalism	1.61	0
paternalistic	1.79	0
paternally	2.5	0
paternity	2.59	49
path	4.41	1252
pathetic	1.97	1234
pathetically	1.65	21
pathfinder	3.44	6
pathless	2.64	2
pathogen	3.59	18
pathogenic	2.29	1
pathologic	1.97	1
pathological	1.88	75
pathologically	1.53	4
pathologist	4.2699999999999996	41
pathology	2.41	73
pathos	1.48	12
pathway	4.28	58
patience	1.66	784
patient	2.5	3246
patiently	1.92	49
patio	4.8899999999999997	133
patriarch	3.54	16
patriarchal	1.81	14
patriarchic	2.15	0
patriarchy	2.59	3
patrimonial	1.92	0
patrimony	2.09	1
patriot	3.36	133
patriotic	1.9	120
patriotically	2.0699999999999998	2
patriotism	2	84
patrol	3.86	792
patroller	3.82	0
patrolman	4.67	62
patrolwoman	4.3	0
patron	3.72	158
patronage	2.04	19
patronize	1.79	80
patronizing	1.54	56
patronizingly	1.56	0
patsy	2.59	188
patter	2.93	36
pattern	3.92	738
patterned	3.52	12
patterning	2.74	2
patternmaker	3.63	0
patternmaking	3.2	0
patty	4.38	564
pauper	3.8	25
pause	2.38	275
pave	4.03	20
pavement	4.72	103
paver	4.6100000000000003	1
pavestone	4.5	0
pavilion	4.59	49
paving	3.42	22
paw	4.3	159
pawing	3.48	32
pawn	3.9	221
pawnbroker	4.37	9
pawnshop	4.8600000000000003	41
pay	3.54	12985
payable	2.46	38
payback	2.5499999999999998	195
paycheck	4.41	218
payday	3.36	128
payee	3.96	0
payer	3.83	8
paying	3.64	2207
payload	3.82	31
payment	3.91	538
payoff	2.74	113
payout	3.15	21
payphone	4.79	36
payroll	3.7	257
pea	4.9000000000000004	199
peace	1.62	3550
peaceable	1.92	7
peaceably	2.19	14
peaceful	2.27	573
peacefully	2.23	117
peacefulness	2	7
peacekeeper	3.3	21
peacekeeping	2	2
peacemaker	3	12
peacemaking	1.83	2
peacetime	2.44	22
peach	4.9000000000000004	324
peachiness	1.96	0
peachy	2.4300000000000002	105
peacock	5	261
peak	4.2	303
peaked	2.82	62
peaking	2.86	15
peanut	4.8899999999999997	630
peanuts	4.9000000000000004	385
pear	4.93	68
pearl	4.87	799
pearled	3	0
pearlescent	2.62	0
pearliness	2.54	0
pearly	3.28	51
peasant	3.96	205
peasantry	2.83	5
peashooter	4.28	3
pebble	4.8600000000000003	65
pebbled	4.04	1
pebblestone	4.54	0
pebbly	3.33	0
pecan	4.87	48
peck	4.16	180
pecked	3.54	16
pecker	4.2300000000000004	92
pectin	4.04	0
pectoral	4	11
peculiar	1.95	385
peculiarity	1.96	5
peculiarly	1.93	7
pedal	4.4400000000000004	104
pedantic	2.08	16
peddle	4.04	54
peddler	4.5199999999999996	30
peddling	3.03	67
pedestal	4.4800000000000004	67
pedestrian	4.41	71
pedestrianism	2.52	0
pediatric	2.63	80
pediatrician	4.57	72
pediatrics	2.97	27
pedicure	4.3600000000000003	44
pedicurist	4.04	2
pedigree	2.79	39
pedigreed	2.7	6
pedometer	4.93	1
pedophile	3.37	69
pedophilia	2.59	5
pedophilic	2.33	0
pee	4.72	925
peed	3.63	134
peek	3.62	272
peekaboo	3.23	57
peel	4.6100000000000003	273
peeled	4.07	138
peeler	4.4800000000000004	15
peeling	3.82	56
peelings	4.2699999999999996	5
peep	3.37	226
peeper	3.54	47
peephole	4.74	24
peepshow	4.37	3
peer	3.83	78
peerless	1.72	18
peeve	2	9
peeved	2.35	23
peevish	1.88	8
peevishly	1.5	0
peewee	2.5	53
peg	4.93	1857
pegboard	4.93	1
pegged	3.21	182
pelican	4.96	89
pellet	4.5599999999999996	67
pelt	4.0999999999999996	48
pelting	3.37	9
pelvic	3.74	78
pelvis	4.93	103
pen	4.92	1261
penal	2.35	66
penalization	2.21	0
penalize	2.12	12
penalty	2.86	464
penance	1.52	73
pencil	4.88	503
penciled	4.04	7
penciling	3.57	0
pencilsharpener	4.97	0
pendant	4.75	46
pending	2.15	174
pendulous	2.5	3
pendulum	4.6900000000000004	27
penetrability	2.2000000000000002	0
penetrable	2.74	0
penetrate	3.5	146
penetrating	3	59
penetratingly	2.7	0
penetration	3.52	72
penetrative	2.76	1
penetrator	3.31	4
penguin	5	147
penholder	4.5999999999999996	0
penicillin	4.43	125
penile	3.21	27
peninsula	4.8600000000000003	70
penis	5	684
penitentiary	4.42	144
penknife	4.83	8
penlight	4.71	6
penmanship	3.85	28
pennant	4.37	38
penniless	2.44	63
pennilessness	2.46	0
penning	3.26	2
penny	4.83	1239
pennyweight	3.14	2
penpal	3.88	0
pension	3.89	247
pensioner	3.57	0
pensive	1.67	19
pensiveness	1.64	0
pentagon	4.45	298
pentagonal	3.79	0
pentagram	4.74	49
pentecostal	2.54	10
penthouse	4.3600000000000003	231
peon	2.67	11
peony	4.4800000000000004	2
people	4.82	56252
pepper	4.59	449
peppercorn	4.8899999999999997	6
peppermint	4.43	71
pepperoni	5	131
peppery	3.66	1
peppiness	2.2599999999999998	0
peppy	2.2400000000000002	33
per	1.69	1141
perceivable	2.08	0
perceivably	1.38	0
perceive	1.72	74
perceiver	2.38	0
perceiving	2.11	9
percent	2.7	1313
percentage	2.9	192
percentile	2.97	33
percept	1.87	1
perceptibility	1.78	0
perceptible	2.0499999999999998	4
perceptibly	1.73	0
perception	2	180
perceptional	1.84	0
perceptive	1.89	101
perceptively	1.62	1
perceptiveness	1.63	2
perceptivity	1.96	0
perceptual	1.75	4
perceptually	1.88	0
perch	4.0999999999999996	50
perchance	1.57	39
percolate	3.67	8
percolation	2.72	0
percolator	4.3899999999999997	4
percussion	3.52	29
percussionist	4.04	9
percussive	2.72	3
percussiveness	2.31	0
perennial	2.93	15
perennially	2.27	1
perfect	1.69	8091
perfected	2.04	67
perfectibility	1.4	0
perfectible	1.52	1
perfecting	1.82	29
perfection	1.9	275
perfectionism	2.1	4
perfectionist	2.82	40
perfectionistic	1.76	0
perfective	1.65	1
perfectively	1.96	0
perfectly	1.52	2206
perfectness	2.11	0
perforate	3.33	9
perforated	4.1100000000000003	24
perforation	3.82	8
perform	3.07	821
performable	2.11	0
performance	3.04	1113
performer	4.04	123
perfume	4.66	583
perfumed	3.79	34
perfunctory	1.8	9
perhaps	1.19	6939
peril	2.52	98
perilous	1.92	40
perilously	1.45	0
perimeter	3.46	461
perinatal	2.35	0
perineum	3.72	9
period	3.31	1417
periodic	2.0699999999999998	21
periodical	3.47	9
periodically	1.9	29
periodontal	3.28	4
periods	3.64	101
peripheral	3.07	49
peripherally	2	6
periphery	2.81	16
periscope	4.78	70
perish	3.22	132
perishable	2.83	13
perished	2.77	51
perishing	1.93	9
periwinkle	4.12	9
perjure	2.2000000000000002	8
perjured	1.67	25
perjurer	2.36	3
perjury	2.2200000000000002	115
perk	3.03	72
perkily	1.89	0
perkiness	3.11	4
perky	3.07	85
perm	4.3099999999999996	51
permafrost	4.5199999999999996	1
permanence	1.84	11
permanency	2.17	2
permanent	2.76	619
permanently	2.62	245
permeability	2.64	1
permeable	2.78	3
permeate	2.33	4
permeation	2.62	0
permissibility	1.73	0
permissible	2.36	23
permissibly	1.89	0
permission	2.27	1587
permissive	2	5
permissively	1.55	0
permissiveness	1.81	4
permit	3.43	617
permitted	2.21	222
permutation	2.2599999999999998	3
peroxide	4.93	55
perpendicular	3.31	10
perpendicularity	2.87	0
perpendicularly	3.78	0
perpetrate	2.0699999999999998	4
perpetration	1.93	1
perpetrator	3.38	86
perpetual	2.2999999999999998	79
perpetually	1.61	13
perpetuate	1.92	19
perpetuation	2.15	2
perpetuator	2.86	0
perpetuity	1.84	17
perplex	1.73	2
perplexed	1.79	17
perplexedly	1.72	0
perplexing	1.89	13
perplexingly	1.64	0
perplexity	1.86	0
persecute	2.5299999999999998	31
persecuting	2.11	13
persecution	2.4300000000000002	60
persecutor	3.7	4
perseverance	1.92	37
perseveration	2.1	0
persevere	1.48	19
persevering	2.4700000000000002	5
perseveringly	1.48	0
persimmon	4.74	4
persist	2.59	61
persistence	2.21	42
persistency	1.44	1
persistent	2.23	132
persistently	1.84	10
persisting	1.96	1
person	4.72	10857
persona	2.33	76
personable	2.1	12
personably	1.96	1
personage	2.4	11
personal	2.21	4675
personality	2.08	811
personalization	2.0699999999999998	0
personalize	2.73	15
personally	2.0699999999999998	1870
personhood	2.23	1
personification	1.74	13
personifier	2.41	0
personify	1.54	6
personnel	3.56	835
perspective	2.38	419
perspiration	4.8099999999999996	27
persuadable	1.54	0
persuade	2.0699999999999998	326
persuaded	2.4300000000000002	137
persuader	3.24	10
persuasion	1.9	100
persuasive	2.1800000000000002	111
persuasively	1.63	1
persuasiveness	1.57	2
pertain	1.62	14
pertaining	1.5	41
pertinence	2	1
pertinent	1.86	60
pertinently	1.69	0
pertness	2.1800000000000002	0
perturb	1.85	2
perturbed	1.77	20
perturbing	1.93	2
perusable	1.75	0
pervade	1.78	1
pervasive	1.83	16
pervasively	1.54	0
pervasiveness	1.92	0
perverse	1.96	66
perversely	1.96	4
perverseness	2.21	3
perversion	2.04	40
perversity	1.59	6
pervert	2.97	352
perverted	2.2999999999999998	90
peskiness	2.3199999999999998	0
pesky	2	52
peso	4.62	13
pessimism	1.88	15
pessimist	2.54	26
pessimistic	1.63	30
pessimistically	1.69	0
pest	3.96	146
pester	2.76	27
pesticide	4.54	18
pestilence	2.91	30
pestilent	2.5	1
pesto	4.46	25
pet	4.71	1029
petal	4.57	45
peter	3.68	4596
petite	3.55	54
petition	4.12	215
petitioner	4.1100000000000003	24
petrified	3.17	88
petrify	2.65	2
petrol	4.29	80
petroleum	4.6900000000000004	64
petted	3.36	12
petticoat	4.68	40
pettily	1.86	0
pettiness	1.74	8
petty	2.09	438
petulance	2.09	5
petulantly	1.84	1
petunia	4.57	106
pew	3.92	53
pewter	4.5199999999999996	18
phalanges	4.6100000000000003	17
phallic	3.31	15
phantom	2.4300000000000002	208
phantomlike	2.38	0
pharaoh	4.43	112
pharmaceutical	2.89	104
pharmaceutically	2.52	1
pharmaceutics	3.77	0
pharmacist	4.03	78
pharmacological	2.4300000000000002	2
pharmacologically	2.46	0
pharmacologist	4.5199999999999996	0
pharmacology	2.78	5
pharmacy	4.78	175
phase	2.46	629
phases	2.21	30
pheasant	4.75	41
phenomena	1.96	80
phenomenal	1.78	118
phenomenally	1.78	7
phenomenological	1.72	2
phenomenon	2.2599999999999998	234
pheromone	3.59	21
philander	2.41	2
philanderer	3.33	12
philanthropic	2.11	16
philanthropically	2.08	1
philanthropist	2.93	45
philanthropy	2.21	4
philharmonic	2.86	38
philosopher	3.63	155
philosophic	1.48	4
philosophical	1.66	81
philosophically	1.34	10
philosophize	1.61	5
philosophy	2.14	422
phishing	3.56	0
phlebotomy	3.12	1
phlegm	4.4800000000000004	34
phobia	2.1	52
phobic	2.2599999999999998	8
phoenix	4.3	555
phone	4.8600000000000003	13756
phonebook	4.96	0
phonetic	2.6	12
phonetically	2.33	9
phonetics	2.38	5
phoney	2.2400000000000002	159
phonic	2.68	0
phonics	2.82	5
phoniness	1.86	4
phonograph	4.59	56
phonographic	3.25	1
phonographically	2.41	0
phonologically	2.5	0
phony	2.19	421
phooey	2	59
phosphate	4.08	22
phosphorescence	2.79	6
phosphorescent	3.79	6
phosphoric	3.2	1
phosphorous	3.9	12
phosphorus	4.2699999999999996	34
photo	4.93	1165
photoactive	2.62	0
photocell	4.5	0
photochemical	3.32	1
photochemistry	3.23	0
photocopier	4.72	2
photocopy	4.5	15
photodynamic	2.4300000000000002	1
photoelectric	3.44	6
photoelectron	3.76	1
photoengraver	3.96	0
photoengraving	4.4800000000000004	0
photofinisher	4.34	0
photofinishing	3.26	0
photogenic	2.54	30
photograph	4.8899999999999997	579
photographable	2.82	0
photographer	4.76	465
photographic	2.9	97
photographical	3.61	0
photographically	2.59	2
photography	4.0999999999999996	198
photojournalism	2.62	2
photojournalist	4.1100000000000003	5
photolithography	3.5	0
photomap	4.5	0
photometer	3.93	0
photomontage	4.6100000000000003	1
photon	3.38	27
photonegative	3.65	0
photoreceptive	3	0
photoreceptor	3.7	0
photosensitive	2.67	2
photosensitivity	2.33	0
photosensitization	2.92	0
photosensitize	2.36	0
photoshop	3.93	0
photosynthesis	3.36	11
photosynthesize	2.71	1
photosynthetic	2.38	0
phototherapy	3.22	0
phototube	4.8499999999999996	0
phrase	2.86	464
phrasebook	4.33	2
phrasemaker	3.09	1
phrasemaking	2.76	0
phraseology	1.69	3
phrasing	1.93	13
physic	2.59	13
physical	3.31	1386
physicality	2.48	13
physically	2.48	471
physician	4.6500000000000004	313
physicist	4.26	69
physics	3.07	482
physiologic	2.19	1
physiological	1.93	32
physiologically	2.21	17
physiologist	4.25	5
physiology	2.72	49
physiotherapist	3.93	0
physiotherapy	2.58	2
physique	3.65	33
phytoplankton	3.96	0
pi	3.25	187
pianist	4.6900000000000004	86
piano	4.9000000000000004	1268
piazza	3.5	25
piccolo	4.71	65
pick	3.82	10118
pickax	4.72	11
pickaxe	4.93	8
picked	2.63	3534
picker	3.83	31
picket	4	113
picketer	4.38	0
pickings	3.18	45
pickle	4.6399999999999997	235
pickled	3.91	76
pickpocket	4.03	38
pickup	4.24	389
picky	2.11	111
picnic	4.83	596
picnicker	4.32	1
pictogram	4.46	1
pictograph	4.41	1
pictographically	2.56	0
pictography	3.12	0
pictorial	3.54	10
pictorially	2.36	2
picture	4.5199999999999996	7061
pictured	2.86	134
pictures	4.71	3477
picturesque	2.76	25
pie	4.92	1466
piece	4.1399999999999997	6349
piecemeal	2.87	6
piecework	3.09	5
pieceworker	4.08	0
piecing	2.5499999999999998	14
piecrust	4.83	0
pier	4.62	334
pierce	3.73	1313
pierced	4	150
piercer	3.48	3
piercing	4.1500000000000004	70
piercingly	2.3199999999999998	0
piety	1.56	29
pig	5	1996
pigeon	4.71	301
pigeonhole	3	4
piggish	2.88	0
piggy	4.6399999999999997	225
piggyback	3.64	55
piggybank	4.83	0
pigheaded	2.0699999999999998	34
pigheadedly	2.04	2
pigheadedness	2.3199999999999998	0
piglet	4.93	108
pigment	4.4000000000000004	15
pigmentation	3.63	16
pigpen	4.37	16
pigskin	4.5199999999999996	20
pigsty	3.91	43
pigtail	4.67	8
pigtailed	4.55	2
pike	4.25	234
pilaf	4.2	10
pilates	4.21	0
pile	4.5599999999999996	672
piled	3.45	76
piles	4.1900000000000004	91
pileup	4.45	40
pilfer	3.19	1
pilferer	3.28	1
pilfering	2.54	18
pilgrim	4.43	188
pilgrimage	2.15	58
piling	3.69	72
pill	4.72	603
pillage	3.22	31
pillager	3.56	0
pillar	4.7699999999999996	81
pillbox	4.96	25
pillow	5	581
pillowcase	4.93	33
pillowing	2.48	0
pilot	4.67	1360
pilothouse	4.37	4
piloting	3.12	25
pilotless	2.89	1
pimento	4.6399999999999997	4
pimp	4.18	440
pimping	2.15	55
pimple	4.7699999999999996	85
pimpled	4.29	2
pin	4.92	835
pinball	4.4800000000000004	78
pincer	4	13
pincers	4.21	6
pinch	4	312
pinched	3.45	138
pincher	4.07	11
pinching	4.1100000000000003	57
pincushion	4.6900000000000004	9
pine	4.37	316
pineapple	4.9400000000000004	130
pinecone	4.8499999999999996	13
pined	2.5	5
pinewood	4.74	15
pinewoods	4.82	0
piney	2.83	8
ping	3.17	168
pinhead	3.75	43
pinheaded	2.2200000000000002	1
pinhole	4.75	12
pining	2.21	44
pink	3.93	1452
pinkeye	4.72	2
pinkie	4.3899999999999997	85
pinkish	3.07	4
pinkness	3.58	0
pinky	4.18	282
pinnacle	2.67	22
pinned	3.52	231
pinning	3.26	43
pinpoint	2.54	92
pinprick	4.04	8
pinstripe	4.59	10
pint	4.43	167
pintsize	3.67	1
pinup	4	28
pinwheel	4.66	7
pioneer	4.04	106
pious	1.58	48
piously	1.71	0
pipe	4.88	989
piped	3.04	13
pipedream	2.25	0
pipeline	4.68	114
pipette	3.88	1
piping	4.4000000000000004	36
pipsqueak	2.8	22
piracy	2.81	41
piranha	4.76	60
pirate	4.6399999999999997	375
piss	4.7300000000000004	1203
pissed	2.38	1300
pisser	3.52	29
pistachio	4.93	77
pistol	4.8899999999999997	513
piston	4.8099999999999996	60
pit	4.68	674
pita	4.29	57
pitbull	5	0
pitch	4	792
pitcher	4.93	165
pitchfork	5	35
pitching	3.82	192
pitchman	3.88	5
pitchy	3.16	0
piteous	1.62	8
pitfall	2.85	1
pithily	2.04	0
pitiable	1.72	7
pitiful	1.64	196
pitifully	1.86	13
pitiless	2	6
pitilessly	1.38	2
pitted	3.43	11
pitting	3.75	12
pituitary	3.33	32
pity	1.87	1199
pitying	1.79	10
pityingly	2.12	0
pivot	3.72	23
pivotal	2	44
pixel	3.93	7
pixie	3.89	42
pixilated	3.75	15
pixilation	3.09	0
pizza	5	1709
pizzazz	1.8	29
pizzeria	4.5599999999999996	21
placard	4.46	6
placate	2.21	19
place	3.48	30736
placebo	3.17	37
placeholder	3.66	5
placeless	1.5	0
placemat	4.87	0
placement	3.07	98
placenta	4.79	24
placid	2	29
placidly	2.14	0
placidness	2.2799999999999998	0
plagiarism	2.59	18
plagiarist	3.35	1
plagiaristic	2.0299999999999998	0
plagiarize	3.04	2
plagiarizer	2.7	0
plague	3.41	424
plagued	2.76	95
plaid	4.2300000000000004	82
plain	2.2599999999999998	1113
plainclothes	3.93	28
plainclothesman	4.08	1
plainer	2.59	5
plainly	2.31	95
plainness	2.4300000000000002	2
plainswoman	4.16	0
plaintiff	3.9	187
plaintive	1.92	6
plaintively	1.62	1
plan	3.4	7432
plane	4.92	4872
planet	4.58	1975
planetarium	4.55	20
planetary	2.89	55
plank	5	104
planking	4.4800000000000004	2
plankton	4.66	80
planner	3.61	83
plant	4.76	1408
plantain	4.42	1
plantation	4.5	170
planter	4.6100000000000003	32
planting	3.63	108
plantlike	3.32	0
plaque	4.7	106
plasma	4.17	254
plaster	4.59	134
plasterboard	4.8499999999999996	0
plasterer	4.3	6
plastering	4.4800000000000004	8
plasterwork	4.24	0
plastic	4.79	957
plastically	2.42	0
plasticity	2.44	4
plastics	4.58	52
plate	4.7699999999999996	1308
plateau	4.3099999999999996	29
plated	3.86	8
plateful	3.62	3
platelet	4.21	5
platform	4.4800000000000004	313
plating	3.75	22
platinum	4.4400000000000004	123
platonic	1.68	62
platonically	1.92	3
platoon	4.4800000000000004	368
platter	4.93	149
platypus	4.83	3
plausibility	1.43	4
plausible	1.77	83
plausibly	1.74	0
play	3.24	18081
playability	1.96	0
playable	2.5499999999999998	3
playact	3.04	1
playback	3.43	75
playbill	3.96	4
playbook	4.38	45
playboy	3.36	216
player	4.1500000000000004	1926
playfield	4.58	0
playful	2.63	59
playfully	2.36	8
playfulness	2.0699999999999998	7
playgirl	3.26	11
playground	4.7699999999999996	260
playgroup	3.76	0
playhouse	4.72	33
playlist	4	4
playmaker	3.59	6
playmaking	2.73	0
playmate	3.79	63
playoff	3.48	31
playoffs	3.17	83
playpen	4.76	35
playroom	4.71	41
playschool	3.5	0
playset	4.7	0
playstation	4.8899999999999997	0
playsuit	3.96	1
plaything	3.68	25
playtime	3.52	48
playwright	3.56	72
playwriting	3.33	3
plaza	4.4400000000000004	301
plea	2.39	349
plead	2.59	357
pleader	3.59	1
pleading	2.6	116
pleadingly	1.69	0
pleasant	1.55	1072
pleasantly	2.04	52
pleasantness	2	1
pleasantry	2.56	2
please	1.64	56149
pleased	2.37	1455
pleaser	2.38	8
pleasing	2.56	79
pleasingly	2.17	2
pleasurable	2.52	38
pleasurably	2.4	0
pleasure	2.04	4118
pleasuring	1.93	5
pleat	4.62	3
pleated	4.33	4
pledge	2.61	351
plentiful	2.11	15
plentifully	2.37	1
plenty	2.39	3178
plethora	2.38	19
plexiglas	4.8	15
plexiglass	4.42	2
pliability	2.74	1
pliable	3.58	7
pliancy	1.88	0
pliant	2.15	0
pliers	4.93	59
plight	2.04	63
plod	3.2	5
plodding	2.64	6
plop	3.48	43
plot	3.14	591
plotline	2.54	0
plotted	2.41	52
plotter	3.38	4
plotting	2.41	90
plough	3.88	54
plow	4.46	96
plower	4.04	0
plowing	4.3099999999999996	33
plowman	4.25	3
ploy	2.21	78
pluck	4	118
plucked	3.52	65
plucker	3.48	3
pluckiness	2.23	0
plug	4.6399999999999997	531
pluggable	3.3	0
plugged	3.59	112
plugging	3.2	41
plum	4.8499999999999996	174
plumage	3.93	9
plumb	3.68	86
plumber	4.63	229
plumbing	4.24	247
plume	4	24
plumed	3.55	1
plummet	3.12	21
plummeted	3.34	12
plump	4	75
plumper	2.79	3
plumping	3.12	0
plumpish	2.56	0
plumpness	3	0
plumps	3.1	0
plunder	3.11	43
plunderer	3	0
plundering	3.04	8
plunge	3.04	114
plunger	4.96	48
plunging	3.32	23
plural	2.59	49
pluralism	1.79	1
pluralistic	2.27	1
plurality	2.54	1
pluralization	2	0
pluralize	1.96	0
plus	3	2399
plush	2.96	28
plushy	3.3	2
plutonium	4.3	100
ply	3.31	16
plywood	4.82	23
pneumatic	2.81	22
pneumatically	2.04	0
pneumonia	3.83	257
pneumonic	2.54	9
poach	3.38	17
poacher	4	26
pocket	4.68	1821
pocketbook	5	76
pocketed	3.41	7
pocketful	3.93	21
pocketing	3.32	4
pocketknife	4.93	17
pockmark	4.3600000000000003	1
pod	4.63	408
podcast	3.36	2
podiatrist	4.63	10
podiatry	2.88	0
podium	4.8899999999999997	65
poem	4.03	696
poet	4.3600000000000003	470
poetess	3.78	10
poetic	1.88	137
poetical	1.71	2
poetically	2.11	5
poeticize	2.04	0
poetics	2.52	0
poetry	3.5	682
pogo	3.96	31
poignancy	1.65	2
poignant	1.63	26
poignantly	1.93	1
poinsettia	4.92	3
point	3.39	12063
pointed	3.57	387
pointedly	2.2200000000000002	2
pointer	4.1100000000000003	55
pointing	4.07	425
pointless	1.93	183
pointlessly	1.4	0
pointlessness	1.48	0
pointy	3.97	104
poise	2.39	56
poised	2.21	64
poison	4.2699999999999996	1252
poisoner	3.7	18
poisoning	3.41	302
poisonous	2.74	170
poisonously	2.44	0
poke	4.22	298
poked	3.8	67
poker	4.2	819
pokiness	2.73	0
poking	3.85	191
polar	3.18	135
polarity	2.19	18
polarization	2.56	4
polarize	3.03	1
polaroid	4.7300000000000004	73
pole	4.66	642
police	4.79	12044
policed	3.08	4
policeman	4.93	598
policewoman	4.8899999999999997	23
policy	2.76	1378
policyholder	3.4	3
policymaker	3.48	0
polio	3.59	45
poliovirus	3.33	0
polish	4.2300000000000004	493
polished	3.59	102
polisher	4.1900000000000004	5
polite	1.85	711
politely	2	87
politeness	1.79	29
politic	2.68	18
political	1.83	1115
politically	1.89	150
politician	4.33	167
politicize	1.83	5
politics	2.66	845
polka	3.47	124
poll	3.31	127
polled	2.34	13
pollen	4.8600000000000003	62
pollinate	4	7
pollination	3.7	1
pollinator	3.68	0
polling	2.52	20
polltaker	4.1900000000000004	0
pollutant	3.9	1
pollute	2.75	23
polluted	3.34	50
polluter	3.59	2
polluting	3.59	23
pollution	3.75	97
pollywog	4.2699999999999996	4
polo	4.43	178
poltergeist	2.92	32
polycarbonate	3.43	3
polychromatic	3.16	1
polyester	4.12	63
polyethylene	4.08	6
polygamist	3.79	2
polygamous	2.14	2
polygamy	2.83	19
polygon	4.12	3
polygonal	3.45	2
polygraph	4.03	81
polymer	4.28	32
polymorphic	2.4300000000000002	3
polymorphism	2.4500000000000002	0
polymorphous	2.33	1
polyp	4.04	13
polystyrene	4.16	1
polysyllable	2.48	0
polytechnics	3.75	0
polytheism	1.86	1
polytheist	2.17	1
polytheistic	2	0
polyvinyl	3.78	6
pomegranate	4.8600000000000003	13
pomp	2.44	20
pompadour	4.21	17
pompom	4.68	7
pompous	1.96	122
pompously	1.82	1
pompousness	1.92	0
poncho	4.97	44
pond	4.9000000000000004	323
ponder	2.2400000000000002	56
ponderable	1.48	0
pondering	1.78	29
ponderingly	2.0699999999999998	0
ponderous	1.93	11
ponderously	1.52	0
pondweed	4.33	0
pontoon	4.58	14
pony	4.9000000000000004	413
ponytail	4.7699999999999996	51
poo	4.5999999999999996	102
pooch	4.32	66
poodle	4.8899999999999997	145
poof	2.2200000000000002	110
pool	4.7699999999999996	2396
poolroom	4.3499999999999996	18
poolside	4.45	12
pooltable	4.96	0
poop	4.83	285
pooped	3.07	64
pooper	3.96	0
poor	2.7	6583
poorhouse	3.29	13
poorly	2	133
poorness	2.33	0
pop	4.22	3441
popcorn	5	465
pope	4.71	546
popgun	4.6500000000000004	11
poplar	3.78	13
popover	3.25	2
popper	3.48	20
poppy	4.6900000000000004	202
popsicle	4.93	82
populace	2.82	16
popular	2.16	1177
popularity	2.37	149
popularization	1.81	0
popularize	2.21	1
popularizer	2.12	0
popularly	2	3
populate	2.67	12
population	3.64	464
populism	1.81	0
populous	2.77	2
porcelain	4.63	80
porch	4.92	491
porcupine	5	33
pore	4.42	24
pored	3	3
pork	4.79	537
porker	3.33	31
porkpie	4.17	4
porky	3.08	30
porn	4.26	592
porno	3.53	230
pornographer	4.1500000000000004	19
pornographic	2.71	78
pornographically	2.5	0
pornography	4.1100000000000003	136
pornstar	4.22	0
porous	3.76	15
porously	2.74	0
porridge	4.8899999999999997	42
port	4.41	741
portabella	4.42	0
portability	2.2400000000000002	1
portable	2.62	204
portably	2.42	0
portal	3.63	222
ported	2.52	0
porter	4.1500000000000004	795
portfolio	4	104
porthole	4.3099999999999996	28
portion	3.78	221
portliness	3.29	0
portly	2.5499999999999998	8
portrait	4.9000000000000004	277
portray	2.1800000000000002	43
portrayal	2.2400000000000002	18
portrayer	2.96	1
portside	4.07	19
pose	3.33	347
poser	3.6	17
posh	2.41	65
posing	3.35	165
position	2.62	3676
positional	1.87	7
positioned	2.42	32
positioning	2.37	43
positive	2.44	1613
positively	1.74	310
positivism	1.48	0
positivity	1.86	12
posse	3.89	221
possess	2.6	280
possessed	2.57	340
possessing	2.0699999999999998	36
possession	2.96	680
possessive	2.36	65
possessively	2.0699999999999998	0
possessiveness	1.73	3
possessor	3.21	10
possibility	1.33	1035
possible	1.56	5816
possibly	1.74	2494
possum	4.7300000000000004	105
post	4.3	1654
postage	4.37	48
postal	3.07	96
postbag	4.3600000000000003	0
postbox	4.54	0
postcard	4.93	211
postclassical	1.85	0
postcode	3.96	0
postcolonial	2.15	0
postdate	2.56	1
postdoctoral	2.2799999999999998	3
posted	3.48	367
postelection	2.91	0
poster	4.66	305
posterior	3.47	31
posteriors	3.92	1
posterity	2.11	33
postgraduate	2.96	12
posthaste	2.82	12
posthumous	2.58	13
posthumously	2.2200000000000002	10
postimpressionist	2.38	0
posting	3	53
postman	4.74	128
postmark	4.33	19
postmaster	4.59	17
postmenstrual	3.04	0
postmodern	2.08	14
postmodernism	2.1	1
postmodernist	2.2200000000000002	2
postmortem	3.7	67
postnasal	3.29	2
postnatal	3.08	3
postnuptial	2.73	0
postoperative	2.2599999999999998	6
postpaid	3.16	0
postpartum	2.79	19
postpone	2.29	199
postponement	3.03	26
postponer	2.25	0
postscript	4.1500000000000004	16
postseason	3	0
postsurgical	2.56	0
posttraumatic	1.96	8
postulate	1.65	3
postural	2.21	6
posture	3.39	88
postwar	2.92	15
posy	4.12	9
pot	4.8099999999999996	1149
potassium	4.2300000000000004	84
potato	4.8499999999999996	576
potbellied	3.68	8
potbelly	4.4800000000000004	5
potboiler	4.16	1
potency	2.3199999999999998	24
potent	2.38	76
potential	1.91	960
potentiality	1.38	2
potentially	1.63	171
potentiate	2.0699999999999998	1
potently	2.41	0
pothead	3.89	21
potholder	4.55	0
pothole	4.8099999999999996	25
pothook	4.08	0
potion	4.38	380
potluck	3.88	22
potpie	4.8499999999999996	10
potpourri	4.59	24
potshot	2.79	7
potted	3.71	24
potter	4.12	1039
pottery	4.72	94
potting	3.78	10
potty	4.12	86
pouch	4.5	87
pouched	3.09	2
poultry	4.72	51
pounce	3.66	56
pounced	3.65	9
pouncing	3.67	6
pound	4.6100000000000003	708
poundage	2.6	4
pounder	3	12
pounding	3.54	310
pour	4.1399999999999997	771
pourer	4.08	4
pouring	3.8	302
pout	3.23	55
pouting	2.79	47
poverty	2.54	221
powder	4.76	818
powdered	3.88	107
powdering	3.87	10
powderpuff	4.3499999999999996	1
powdery	3.55	5
power	2.04	7600
powerboat	4.76	4
powered	3.07	70
powerful	2.17	1791
powerfully	2.77	8
powerfulness	2.21	0
powerhouse	2.79	28
powerless	2.11	192
powerlessly	1.82	0
powerlessness	1.81	4
powerpoint	3.76	0
powers	1.77	1826
powertrain	4.1100000000000003	0
powwow	4.07	34
pox	3.74	75
practicability	1.68	0
practicable	1.93	0
practicably	1.52	0
practical	2.14	577
practicality	1.7	7
practically	1.62	1165
practice	2.52	2330
practiced	2.12	170
practitioner	3.89	43
pragmatic	1.84	30
pragmatics	1.81	0
pragmatism	1.63	11
pragmatist	2.27	9
prairie	4.8	143
praise	2.61	482
praiseful	2.2200000000000002	0
praiseworthy	2.0699999999999998	4
praising	2.5299999999999998	23
prance	3.83	39
prancing	3.54	46
prank	2.9	204
pranker	3.12	0
prankish	1.82	0
prankster	3.59	11
prawn	4.62	26
pray	3.21	1847
prayer	3.28	805
prayerful	2.2200000000000002	1
prayerfully	1.92	0
praying	3.52	520
preach	3.37	122
preacher	4.7	342
preaching	3.61	106
preachy	1.86	9
preadolescence	2.93	0
preadolescent	3.04	4
preamble	2.97	16
preamplifier	3.13	0
preannouncement	2.71	0
preapproval	1.96	0
prearrange	2.48	2
prearranged	2.27	16
prearrangement	2.23	2
preassigned	2.35	2
precancerous	1.81	1
precarious	1.69	20
precariously	2.08	5
precariousness	2.3199999999999998	0
precaution	2.21	174
precautionary	1.89	33
precautious	1.61	1
precede	2.41	14
precedence	2.13	27
precedent	1.63	127
preceding	2.69	34
precertification	1.93	0
precession	2.12	0
precinct	3.67	374
precious	2	1191
preciously	1.64	5
preciousness	1.77	2
precipitant	2.96	0
precipitate	4.1900000000000004	6
precipitated	2.34	12
precipitating	2.81	8
precipitation	3.96	15
precipitator	2.78	0
precipitous	2.19	6
precise	2.39	265
precisely	2.2999999999999998	611
preciseness	2.48	0
precision	2.41	150
preclinical	2.36	0
preclude	1.64	15
precocious	2.36	24
precociously	1.73	1
precociousness	2.08	0
precognition	1.96	8
precognitive	1.68	2
precollege	2.88	0
preconceive	1.54	0
preconceived	1.82	16
preconception	1.7	1
precondition	2.04	4
preconditioned	1.96	1
preconscious	1.68	2
preconstruction	2.85	0
precook	3.62	0
precursor	2.14	7
precut	3.29	1
predate	2.5	2
predator	3.64	134
predatorily	1.89	0
predatory	2.58	32
predawn	3.43	3
predecessor	3.12	47
predefine	1.9	0
predetermination	1.63	0
predetermine	2.38	0
predetermined	1.57	17
predicament	1.82	100
predicate	1.71	1
predication	2.12	2
predicatively	1.77	0
predict	2	203
predictability	1.93	5
predictable	1.63	154
predictably	1.9	6
prediction	2.36	66
predictive	1.66	9
predictor	2.82	3
predigest	2.44	2
predisposal	2.15	0
predispose	1.96	1
predisposed	1.52	14
predisposition	1.88	12
predominance	1.56	2
predominant	2.33	7
predominantly	2.19	19
predominate	2.17	3
predominately	1.96	9
preeminence	1.96	3
preeminent	1.38	9
preemptive	2.35	44
preen	2.91	3
preexisting	1.67	9
prefabricate	2.78	0
prefabricated	2.77	4
prefabrication	2.37	0
prefabricator	3	0
preface	2.73	28
prefect	2.96	41
prefer	1.62	1679
preferable	1.54	47
preferably	2.0699999999999998	152
preference	2.0299999999999998	119
preferential	1.88	20
preferentially	1.28	2
preferred	2.29	210
prefix	3.31	21
prefixed	2.37	0
preflight	2.31	5
preformed	2.89	0
prefrontal	2.7	2
pregame	2.71	6
pregnable	2.61	1
pregnancy	4.3099999999999996	334
pregnant	4.59	2653
preheat	3.11	4
preheated	3.19	4
prehistoric	2.1	88
prehistorical	2.64	2
prehistorically	2.15	0
prehistory	2.19	1
preholiday	2.38	0
preindustrial	2.2799999999999998	2
preinstall	2.52	0
prejudge	2	1
prejudgment	1.73	0
prejudice	2.2200000000000002	163
prejudiced	2.04	95
prejudicial	2.0699999999999998	27
prejudicially	1.71	0
prekindergarten	2.88	0
prelaunch	2.21	8
prelaw	2.08	5
preliminarily	1.72	3
preliminary	1.83	244
prelude	2.33	30
premarital	1.9	33
premature	2.72	177
prematurely	1.58	38
prematurity	2.2200000000000002	1
premed	3.28	37
premedical	2.12	1
premeditate	1.97	1
premeditatedly	2	0
premeditation	2.2599999999999998	17
premeditative	1.78	0
premenstrual	2.37	6
premier	2.0699999999999998	127
premiere	2.96	189
premise	2.2400000000000002	61
premises	3.2	259
premium	2.11	88
premonition	1.9	189
prenatal	2.88	31
prenuptial	2.65	26
preoccupant	2.36	0
preoccupation	2.04	19
preoccupied	2.2599999999999998	102
preoccupy	1.79	3
preopening	2.4	0
preoperative	2.15	1
preoperatively	2.17	0
preordain	2.08	0
preorder	2.62	1
preordination	1.88	0
prep	2.36	385
prepackaged	3.63	3
prepaid	2.21	13
preparation	2.1800000000000002	206
preparative	2.04	0
preparatory	2	15
prepare	2.36	1711
prepared	2.0699999999999998	1825
preparedly	1.67	0
preparedness	1.84	8
preparer	3.52	1
prepay	3.04	6
prepayment	2.93	4
preplan	1.96	0
preposition	2.3199999999999998	16
prepositional	2.15	2
prepossess	2	0
prepossessed	2.1800000000000002	3
prepossession	1.56	0
preposterous	1.4	155
preposterously	1.59	2
preposterousness	1.96	0
preppy	2.14	39
preproduction	2.57	3
preprogrammed	2.15	6
prepubescent	3.32	8
prepublication	2.33	0
prequalification	1.89	0
prequalify	1.75	0
prequel	2.63	3
prerecord	2.31	1
prerecorded	2.58	12
preregister	2.69	0
preregistration	2.16	0
prerelease	2.86	0
prerequisite	2.46	13
prerevolutionary	2.13	0
prerogative	1.83	67
preschool	4.37	61
preschooler	4.33	2
prescribe	2.8	74
prescriber	3.66	0
prescription	4	376
prescriptive	2.3199999999999998	2
prescriptively	2.17	0
preseason	2.56	7
preselect	2.12	0
presence	2.72	1064
present	3.39	4562
presentable	2.37	50
presentably	1.73	1
presentation	3.11	368
presentational	2.68	0
presenter	3.96	20
presently	2.2400000000000002	115
preservation	2.37	55
preservationist	3.07	0
preservative	3.03	10
preserve	2.57	287
preserver	2.86	14
preset	2.37	14
preshow	3.24	4
preshrunk	3.08	1
preside	1.79	17
presidency	3.5	125
president	4.4000000000000004	7174
presidential	2.31	285
presidentially	2.08	0
presoak	3.56	3
press	3.9	3070
pressboard	4.4400000000000004	1
pressing	2.78	289
pressingly	1.38	0
pressman	3.8	9
pressroom	4.82	1
pressure	3.07	2709
pressurization	2.75	9
pressurize	2.96	9
pressurizer	3.3	1
prestige	1.61	70
prestigious	2.13	90
prestigiously	1.69	0
presumable	1.38	0
presumably	2.04	85
presume	1.79	415
presuming	1.41	24
presumption	1.85	38
presumptive	1.6	8
presumptively	1.84	0
presumptuous	1.63	69
presumptuously	1.82	0
presumptuousness	1.56	1
presuppose	1.8	5
pretax	2.48	3
preteen	3.42	9
pretence	1.67	21
pretend	2.11	2056
pretended	1.65	243
pretender	2.48	94
pretense	1.76	44
pretension	1.81	13
pretentious	1.97	97
pretentiously	1.38	1
pretentiousness	1.9	2
pretext	2.2599999999999998	65
pretreatment	2.8	0
pretrial	2.96	12
prettify	3.04	0
prettily	2.52	5
prettiness	3.19	3
pretty	2.4	20003
pretzel	4.74	102
prevail	1.43	107
prevailing	1.83	28
prevailingly	1.84	0
prevalence	1.82	1
prevalent	1.83	16
prevalently	1.41	0
prevent	2.34	666
preventability	1.89	0
preventable	1.9	2
preventative	1.93	14
preventer	2.0699999999999998	2
prevention	2.2000000000000002	32
preventive	1.93	12
preventively	2.12	0
preview	3.2	73
previous	2.52	484
previously	1.64	923
prewar	2.04	6
prewash	3.34	0
prewashed	3.36	2
prey	3.61	281
price	3.63	2722
priced	2.88	33
priceless	1.79	212
pricelist	4.25	0
pricey	2.2400000000000002	32
prick	3.91	720
pricked	3.12	10
pricking	4.07	11
prickled	3.48	0
prickliness	3.1	0
prickling	3.38	0
prickly	3.89	29
pricks	3.96	74
pride	1.66	1411
prideful	1.78	5
pried	3.29	17
priest	4.7699999999999996	1336
priestess	3.86	63
priesthood	3	39
priestly	2.48	25
prim	1.8	19
primacy	1.61	0
primal	2.17	58
primarily	1.86	105
primary	2.2799999999999998	444
primate	4.5	35
primates	4.5	33
primavera	3.25	8
prime	2.48	933
primer	3.82	30
primetime	2.64	0
primeval	2.3199999999999998	15
priming	2.64	12
primitive	2.33	263
primitively	1.86	2
primordial	2	29
primp	2.96	6
primrose	4.08	20
prince	4.4400000000000004	2299
princedom	2.33	1
princely	2.12	6
princess	4.72	2019
principal	3.46	701
principality	2.48	0
principally	1.7	11
principle	1.7	395
principled	2	9
principles	1.38	306
print	4.17	1018
printability	2.31	0
printable	2.79	0
printed	4.03	306
printer	4.67	107
printing	4.22	182
printout	4.53	35
prior	2.4500000000000002	422
prioritize	2.33	38
priority	1.76	519
prism	4.47	41
prison	4.68	3368
prisoner	4.1100000000000003	1180
prisonlike	2.76	0
prissiness	2.19	0
prissy	2.04	46
pristine	2.36	39
privacy	1.5	774
private	2.72	3874
privateer	3.52	4
privately	2	198
privates	3.78	50
privatization	1.62	4
privatize	2.04	3
privilege	1.93	542
privileged	2.15	172
privy	2.36	76
prize	4.45	1142
prized	2.19	35
prizefight	3.96	2
prizefighter	4.18	16
prizewinning	3.17	1
pro	2.66	722
proactive	1.93	31
probability	1.65	114
probable	1.48	167
probably	1.73	14323
probate	2.42	26
probation	2.48	299
probationary	1.89	9
probe	3.62	225
prober	3.15	1
probing	2.52	40
probiotic	3	0
problem	2.68	16833
problematic	2.11	48
problematical	1.96	1
problematically	1.96	0
procedural	2.2599999999999998	27
procedure	2.67	823
proceed	2.5499999999999998	1066
proceeding	2.4500000000000002	156
proceedings	2.89	146
proceeds	2.59	86
process	2.93	1427
processing	2.0299999999999998	193
procession	3.21	65
processional	3.3	4
processor	4	46
proclaim	2.36	47
proclaimer	2.56	0
proclaiming	2.21	8
proclamation	3.25	55
procommunist	1.96	0
procrastinate	2.23	13
procrastinating	2.08	12
procrastination	1.96	17
procrastinator	2.82	2
procreate	2.93	25
procreation	2.71	21
procreative	2.54	3
procreator	2.62	1
proctologist	4.18	28
proctology	3.28	7
proctor	3.72	28
procurable	2.23	0
procure	2.23	24
procurement	2.38	13
procurer	3.5	1
prod	3.77	35
prodigal	1.65	57
prodigiously	1.52	1
prodigy	3.04	67
produce	3.31	564
produced	2.68	268
producer	3	636
product	4.17	752
production	2.59	645
productive	2.64	123
productively	1.83	6
productiveness	2.1	0
productivity	2.31	29
profane	1.75	28
profanely	1.92	1
profaneness	1.83	0
profanity	3.04	37
profess	2.34	18
professed	1.86	7
professedly	1.79	0
profession	2.83	461
professional	2.14	1646
professionalism	1.93	34
professionalization	1.77	0
professionalize	1.64	0
professionally	2.0299999999999998	123
professor	4.8600000000000003	3548
professorship	3.19	5
proficiency	1.96	21
proficient	1.79	29
proficiently	2.04	3
profile	3.1	657
profiler	2.85	50
profit	3.07	559
profitability	1.86	9
profitable	2.36	125
profitableness	1.77	0
profitably	2	5
profiteer	2.96	4
profiteering	2.17	7
profiting	2.41	18
profitless	1.88	1
profound	1.58	213
profoundly	1.71	63
profoundness	1.43	0
profusely	1.68	16
profuseness	2	0
progeny	2.93	18
prognosis	2.17	54
program	3.43	2174
programmer	3.86	56
programming	2.97	160
progress	2.12	1084
progression	2.15	39
progressive	1.5	95
progressively	1.72	20
progressiveness	1.59	0
progressivism	1.74	0
progressivity	2.04	0
prohibit	1.93	24
prohibition	2.52	61
prohibitionist	3.03	0
prohibitive	2.0299999999999998	8
prohibitively	1.93	2
prohibitor	2.81	1
prohibitory	1.74	0
project	3.62	1907
projectable	2.3199999999999998	0
projectile	4.38	43
projecting	2.2000000000000002	62
projection	3.16	107
projectionist	3.81	16
projector	4.6399999999999997	62
prolapsed	2.39	4
proliferate	2.4	0
proliferation	1.91	12
prolific	2.46	18
prolifically	2	0
prologue	3	20
prolong	2.04	51
prolongation	1.88	0
prolonged	2.44	55
prom	3.72	906
promenade	3.87	45
prominence	2	16
prominent	1.87	130
prominently	2.04	11
promiscuity	2.17	30
promiscuous	1.88	52
promiscuously	2.11	1
promiscuousness	2.08	0
promise	2.09	7809
promising	1.89	336
promisingly	1.63	1
promo	3	36
promotable	1.68	3
promote	2.2599999999999998	225
promoter	3.84	51
promotion	3.21	557
promotional	2.39	39
prompt	2.25	59
prompter	4	8
promptly	2.0699999999999998	104
promptness	1.93	6
prone	2.81	92
proneness	1.89	1
prong	4.7300000000000004	15
pronged	3.75	2
pronoun	2.48	12
pronounce	2.63	331
pronounceable	2.57	0
pronounced	2.2999999999999998	152
pronouncedly	1.7	0
pronouncement	2.15	6
pronouncer	2.36	0
pronto	2.21	145
pronunciation	2.54	24
proof	2.67	1754
proofing	2.68	10
proofread	3.42	12
proofreader	3.82	1
proofreading	3.52	6
proofs	3.13	47
prop	4.46	188
propaganda	2.48	159
propagandist	2.93	4
propagandistic	1.78	0
propagandize	1.79	1
propagate	2.35	19
propagation	2.08	10
propagator	3.58	0
propane	4.59	28
propel	2.96	11
propellant	4.21	16
propeller	4.9000000000000004	78
propensity	1.89	10
proper	1.78	1289
properly	1.93	658
properness	1.52	0
propertied	2.56	2
property	3.9	1698
prophecy	1.93	321
prophesy	2.11	13
prophet	3.78	272
prophetic	1.68	21
prophetical	1.28	0
prophetically	1.81	1
prophylactic	3.52	29
proponent	3.07	11
proportion	2.57	139
proportional	2.3199999999999998	14
proportionality	2.79	1
proportionally	2.19	3
proportionate	2.52	8
proportionately	2.13	2
proportioned	2.5	8
proposal	2.75	448
propose	2.19	663
proposer	2.57	1
proposition	2.16	402
propositional	1.81	0
propositionally	1.89	0
proprietary	2.34	23
proprietor	4.24	60
proprietorship	2.54	0
proprietress	3.71	3
propriety	2.19	20
props	4.26	152
propulsion	2.6	59
propulsive	2.2000000000000002	0
prorate	2.31	4
prosecutable	1.96	0
prosecute	2.44	144
prosecution	1.93	401
prosecutor	4.24	366
prosecutorial	1.89	4
proslavery	1.83	2
prospect	2.4	178
prospective	1.93	68
prospectively	2.0699999999999998	0
prospector	3.57	30
prospectus	2.65	25
prosper	2.27	56
prosperity	1.64	107
prosperous	2.48	64
prosperously	2.21	0
prosperousness	1.6	0
prostate	4.21	85
prosthesis	4.1900000000000004	9
prosthetic	4.4000000000000004	34
prosthetics	4.42	5
prostitute	4.28	385
prostitution	3.17	122
prostrate	3.56	21
protagonist	2.58	15
protect	2.86	3583
protecting	2.04	817
protection	2.5	1197
protectionism	1.7	0
protectionist	2.33	1
protective	2.54	309
protectively	2.19	0
protectiveness	2.21	4
protector	3.66	149
protege	3.04	23
protegee	3.18	12
protein	3.66	230
protest	3.21	448
protestant	3.39	78
protester	3.96	10
protestor	4.3	3
protocol	1.97	382
proton	3	22
prototype	3.69	169
prototypic	2.2799999999999998	0
prototypical	2.2200000000000002	7
protozoan	3.62	0
protract	2.08	0
protracted	1.92	12
protractor	4	3
protrude	3.34	3
protrusion	3.9	3
proud	2.0699999999999998	4265
proudly	1.9	175
provable	2.08	3
prove	1.83	3590
proved	2.5	549
proven	2.14	339
proverb	2.2599999999999998	55
proverbial	2.15	53
proverbially	1.8	2
provide	2.72	888
provided	2.3199999999999998	506
providence	2.5	135
providential	1.94	3
providentially	1.35	1
provider	3.78	74
providing	2.48	205
province	3.1	163
provincial	1.79	47
provincially	1.73	0
proving	1.77	229
provision	2.65	40
provisional	2.0699999999999998	37
provisionally	1.5	2
provocateur	2.86	4
provocation	2.19	53
provocative	1.9	82
provocatively	1.96	4
provoke	2.39	127
provoker	2.77	1
provoking	1.72	46
provokingly	1.82	0
provolone	4.7	80
prowess	2.0299999999999998	40
prowl	3.04	66
prowler	4.24	41
prowling	2.93	37
proximal	2.44	22
proximally	2.17	5
proximate	1.88	5
proximately	2.4	0
proximity	2.93	84
proxy	2.0699999999999998	46
prozac	4.7	0
prude	2.39	70
prudence	1.58	69
prudent	1.77	82
prudential	1.64	8
prudently	1.37	2
prudery	1.92	2
prudish	1.72	4
prudishly	1.81	0
prudishness	1.52	0
prune	4.7	75
pruner	3.96	1
pruning	3.21	25
pry	3	210
prying	3.15	75
psalm	3.77	26
pseudo	1.9	15
pseudonym	2.8	7
pseudonymous	1.88	0
pseudoscience	2.2200000000000002	1
psoriasis	3.84	23
psych	2.04	344
psyche	1.34	140
psychedelic	2.97	40
psychiatric	2.59	242
psychiatrically	1.48	1
psychiatrist	4.34	615
psychiatry	2.61	107
psychic	2.37	605
psychically	1.96	8
psychics	3.12	44
psycho	3.41	562
psychoactive	2.48	2
psychoanalysis	2.25	25
psychoanalyst	3.83	33
psychoanalytic	2	3
psychoanalytical	1.42	9
psychoanalyze	1.7	5
psychobabble	2.04	21
psychobiological	2.16	1
psychobiology	1.83	0
psychodrama	2.14	4
psychodynamic	1.44	3
psychodynamics	2.2400000000000002	2
psychogenesis	2.48	0
psychogenetic	2.33	0
psychokinesis	2.15	11
psychokinetic	2.68	5
psychological	2.2200000000000002	343
psychologically	1.74	76
psychologist	4.33	183
psychology	2.31	279
psychometrics	2.3199999999999998	0
psychoneurotic	1.88	3
psychopath	3.46	142
psychopathic	2.5	37
psychopathological	1.3	1
psychopathologist	3.46	0
psychopathology	2.46	3
psychopathy	1.96	1
psychophysiology	1.83	1
psychoses	2.38	4
psychosexual	1.89	7
psychosis	2.31	68
psychosocial	1.81	3
psychosomatic	2.27	29
psychosomatics	1.91	0
psychotherapeutic	2.04	0
psychotherapist	4.16	12
psychotherapy	2.36	23
psychotic	2.39	326
pterodactyl	4.2	20
pub	4.71	190
puberty	3.5	112
pubescence	2.44	1
pubescent	2.5	10
pubic	4.07	60
public	2.57	3625
publication	4.41	90
publicist	4.1100000000000003	97
publicity	2.74	534
publicize	2.1800000000000002	12
publicly	2.38	103
publish	3.26	260
publishable	1.9	2
publisher	4.24	230
publishing	2.86	194
puck	4.5	147
pucker	4.13	45
puckish	2.25	1
puckishly	2.27	0
pudding	4.9000000000000004	314
puddle	4.67	99
pudginess	3.07	0
pudgy	3.72	32
pueblo	4.26	13
puff	3.48	227
puffball	4.37	4
puffed	3.52	42
puffer	3.68	15
puffin	4.38	8
puffiness	3.5	6
puffing	3.3	33
puffy	4.33	86
pug	4.62	52
puke	4.59	319
pull	3.97	7469
pullback	2.83	1
pulley	4.74	22
pullout	3.29	6
pullover	4.32	13
pulmonary	2.56	74
pulp	4.3	93
pulpiness	3.48	0
pulpit	4.1399999999999997	31
pulpwood	4.07	0
pulpy	3.55	3
pulsate	3.43	3
pulsation	3.21	3
pulse	4.1900000000000004	1200
pulverization	3.26	0
pulverize	3.04	11
pulverizer	3.16	0
puma	4.8600000000000003	7
pumice	3.85	7
pumiced	3.12	0
pummel	3.56	13
pump	4.3099999999999996	645
pumpernickel	4.7699999999999996	49
pumpkin	4.9000000000000004	553
pun	2.2999999999999998	94
punch	4.3899999999999997	1514
punchboard	4.75	0
punchbowl	4.8499999999999996	9
puncher	3.76	16
punching	4.4400000000000004	207
punchingbag	4.8499999999999996	0
punchy	2.21	49
punctual	1.87	57
punctuality	2.54	33
punctually	1.88	3
punctuate	3	3
punctuation	3.74	22
puncture	3.85	96
punctured	4.26	46
pundit	2.76	1
pungency	2.74	1
pungent	2.9	20
pungently	2.71	0
punish	2.66	493
punishable	1.96	42
punishably	1.96	0
punisher	3.06	14
punishment	2.46	685
punitive	2.27	44
punitively	1.79	0
punk	3.1	1121
punt	4.25	37
punter	4.07	5
puny	2.58	74
pup	4.6100000000000003	164
pupil	4.55	160
puppet	4.6399999999999997	279
puppeteer	4.17	63
puppetry	3.61	2
puppy	4.78	584
puppyish	2.48	0
purchasable	2.64	0
purchase	2.96	325
purchaser	3.24	5
pure	1.87	1271
pureblood	2.2799999999999998	5
purebred	3.04	18
puree	4.16	9
purely	1.68	258
pureness	1.69	1
purer	1.92	16
purgatory	2.52	57
purge	2.88	82
purging	3.13	26
purification	2.31	25
purifier	3.57	10
purify	2.35	31
purism	1.65	0
purist	2.38	11
puritan	3.17	16
puritanical	1.81	13
purity	1.73	121
purple	4.04	629
purplish	2.96	1
purpose	1.52	1789
purposeful	1.86	9
purposefully	1.58	8
purposefulness	1.75	2
purposeless	1.48	2
purposelessly	1.61	0
purposelessness	1.65	0
purposely	1.7	55
purr	4	39
purring	3.81	21
purse	4.9000000000000004	1008
pursed	3.39	2
pursuable	1.76	0
pursuant	1.89	22
pursue	2.83	327
pursuer	3.88	9
pursuit	2.92	359
purveyor	3	10
pus	4.5199999999999996	51
push	4.21	3598
pushback	3.32	0
pushbutton	4.22	1
pushcart	4.25	17
pushchair	4.46	0
pusher	3.5	64
pushiness	2.48	0
pushing	3.73	978
pushover	2.7	63
pushpin	4.5199999999999996	0
pushup	4.6100000000000003	12
pushy	2.48	121
puss	4.21	149
pussy	4.46	1309
pussycat	4.79	244
pussyfoot	2.12	7
pussyfooted	2.46	1
pussyfooter	2.15	0
pussyfooting	2.2799999999999998	12
put	2.5	42251
putdown	2.04	4
putrefy	2.72	2
putrid	3.46	32
putridity	2.46	1
putt	3.9	58
putter	3.42	70
putty	4.4800000000000004	93
puttylike	3.43	0
puzzle	4.75	374
puzzled	2.04	70
puzzlement	2	10
puzzler	2.85	9
puzzling	2.31	34
puzzlingly	2.11	1
pygmy	4.29	33
pyramid	4.96	204
pyramidal	3.04	5
pyromania	2.38	1
pyromaniac	3.11	8
pyrotechnic	3.96	2
pyrotechnical	2.88	0
pyrotechnically	2.41	0
pyrotechnics	4	13
python	4.96	79
quack	3.93	236
quackery	1.88	2
quad	4.07	79
quadrangular	3.16	0
quadrant	3.52	143
quadratics	2.31	0
quadriceps	4.3600000000000003	4
quadrilateral	3.46	0
quadrillion	2.34	1
quadriplegic	4.1100000000000003	1
quadruple	3.18	39
quadruplet	4.3600000000000003	1
quadruplicate	3.12	0
quail	4.6500000000000004	68
quaint	1.81	111
quaintly	1.65	3
quaintness	1.6	3
quake	3.64	82
quakeproof	2.59	0
quaking	3.26	14
qualifiable	1.76	0
qualification	2	13
qualifications	2.14	129
qualified	2	421
qualifiedly	1.8	0
qualifier	2.31	7
qualify	1.93	209
qualitative	2.04	2
qualitatively	1.38	4
quality	2.1800000000000002	947
qualm	2	2
quandary	1.75	21
quantifiable	2.48	4
quantifiably	1.41	0
quantification	2.44	0
quantifier	2.63	0
quantify	1.76	13
quantitative	1.92	3
quantitatively	1.96	0
quantity	2.97	95
quantum	1.9	285
quarantine	3.39	227
quarantining	2.62	4
quark	2.79	49
quarrel	3.32	286
quarreled	2.56	35
quarreler	3.2	0
quarreling	3.29	38
quarrelsome	2.19	8
quarry	4.37	78
quarrying	3.04	0
quarryman	4.5199999999999996	0
quart	4.57	106
quarter	4.43	1327
quarterback	4.6100000000000003	243
quartered	3.82	24
quarterfinal	3.04	7
quartering	3.08	5
quarterly	2.29	45
quartermaster	4.04	46
quarters	4.57	824
quarterstaff	3.73	3
quartet	4.3899999999999997	80
quartette	3.87	0
quartz	4.72	27
quartzite	4.26	0
quasi	1.73	24
queasily	1.88	0
queasiness	2.4700000000000002	1
queasy	3	58
queen	4.45	2789
queenly	1.68	7
queer	2.04	296
queerer	1.96	2
queerly	1.86	5
queerness	2.1	0
quench	2.4300000000000002	32
quenchable	2.2599999999999998	0
quencher	2.21	1
query	2.89	29
querying	2.04	1
quesadilla	4.92	11
quest	2.87	327
questing	2.08	4
question	3.36	10116
questionability	1.88	0
questionable	1.79	117
questionably	2.21	2
questioner	3.63	1
questioningly	1.96	0
questionnaire	4.24	40
queue	2.86	60
quibble	2.29	30
quiche	4.53	43
quick	2.89	5542
quicken	2.4300000000000002	14
quickie	2.67	53
quickly	2.36	2881
quickness	2.52	7
quicksand	4.75	75
quickstep	3.54	7
quiet	2.76	5978
quieter	1.82	71
quieting	2.5	3
quietly	3	629
quietness	2.77	6
quill	5	139
quilt	5	39
quilted	4.25	4
quilter	4.5	1
quilting	4.5199999999999996	11
quintessential	1.56	15
quintessentially	1.65	4
quintet	4.17	26
quintuple	3.81	1
quintuplet	4.37	0
quip	3.26	7
quirk	2.25	20
quirkiness	1.81	1
quirky	2.12	33
quit	2.56	4595
quite	1.72	10332
quits	2.15	121
quitter	2.54	73
quiver	3.83	23
quivered	2.96	1
quivering	3.46	26
quiz	4.43	252
quizmaster	3.58	2
quizzer	3.36	0
quizzical	2.11	1
quizzically	2.35	1
quota	2.89	95
quotable	1.86	5
quotably	1.96	0
quotation	3.27	18
quote	3.32	488
quotient	2.71	17
rabbi	4.6399999999999997	342
rabbit	4.93	1068
rabid	2.9	70
rabidly	2.2000000000000002	0
rabies	3.83	112
raccoon	4.67	73
race	3.59	3157
racecar	4.96	0
racehorse	4.83	59
racer	3.83	134
racetrack	4.8899999999999997	92
raceway	4.8499999999999996	8
racial	2.3199999999999998	159
racialism	1.96	2
racially	2.16	19
raciness	2.16	0
racing	4	606
racism	2.36	88
racist	2.81	246
rack	4.4800000000000004	397
racket	4.26	379
racketeer	3.27	9
racketeering	2.46	37
racketing	2.68	0
racking	3.46	38
racoon	4.93	10
racquetball	4.66	62
racy	1.93	49
radar	4.57	1811
radial	2.93	25
radiance	2.21	12
radiant	2.4500000000000002	110
radiantly	2.76	3
radiate	2.93	27
radiated	3.2	7
radiation	3.43	419
radiator	4.78	103
radical	2.1	218
radicalism	1.56	3
radicalize	2.12	1
radically	1.63	32
radio	4.74	3936
radioactive	3.14	163
radioactively	2.38	0
radioactivity	3.44	41
radiobiology	2.75	0
radiobroadcast	4.4400000000000004	0
radiocarbon	3.39	3
radiocast	3.5	0
radiochemistry	3.48	0
radiographer	4.46	0
radiography	3.85	0
radiolocation	2.42	0
radiological	2.27	6
radiologist	4.5199999999999996	20
radiology	2.83	103
radiometer	4.46	6
radiometric	2.4300000000000002	0
radiophone	4.8	0
radioscopic	3	0
radiotelegraph	4.12	0
radiotherapist	4.54	0
radiotherapy	3.04	1
radish	4.87	31
radium	4.17	56
radius	3.61	224
radon	3.92	4
raffle	3.88	93
raft	5	240
rafter	4.97	3
rafting	4.2	14
rag	4.67	244
ragamuffin	3	3
rage	3.13	577
ragged	3.1	80
raggedly	2.5499999999999998	0
raggedy	2.72	66
ragging	1.91	19
raging	3.07	165
ragingly	2.09	0
ragtag	2.72	9
ragtime	3.04	31
ragweed	4.4400000000000004	8
raid	2.88	436
raider	3.3	33
rail	4.9000000000000004	233
railcar	4.59	2
railing	4.79	75
railroad	5	634
railroader	3.77	0
railroading	2.19	11
railroadtracks	4.88	0
railway	4.63	80
rain	4.97	2494
rainbow	4.57	407
raincoat	5	84
raindrop	4.8899999999999997	12
rainfall	4.93	17
rainforest	4.63	24
rainless	2.86	0
rainmaker	3.26	23
rainproof	3.79	0
rainspout	4.4400000000000004	0
rainstorm	4.8600000000000003	41
rainwater	4.6399999999999997	11
rainwear	4.67	0
rainy	4.32	194
raise	3.8	2815
raised	2.86	1312
raisin	4.97	83
raising	3	574
rake	4.84	152
raking	3.3	27
rally	3.34	368
ram	4.55	328
ramadan	2.79	11
ramble	2.54	31
rambler	3.04	10
rambling	2.72	69
ramblingly	2.52	0
rambunctious	2.36	14
ramification	2.14	0
ramp	4.6900000000000004	147
rampage	3.14	53
rampant	2.25	49
rampantly	1.7	0
ramping	2.67	5
ramrod	3.85	22
ramshackle	2.67	2
ran	3.82	4296
ranch	4.7300000000000004	895
rancher	4.83	47
ranchero	3.69	2
ranching	3.28	12
ranchland	4.46	0
ranchman	4.54	0
rancid	2.97	25
rancidity	3.03	0
rancidness	2.48	0
random	2	522
randomization	1.48	1
randomize	1.96	0
randomly	1.9	68
randomness	1.63	9
randy	2.48	572
rang	3.54	277
range	3.22	1161
ranged	2.38	7
ranger	4.21	379
ranging	2.42	20
rank	2.86	433
ranked	2.93	49
ranking	2.4300000000000002	71
rankness	2.38	1
ransack	2.96	14
ransom	3.31	498
rant	3.07	34
ranting	3.35	40
rants	2.72	10
rap	3.57	665
rape	3.61	816
rapid	3.07	223
rapidity	2.46	5
rapidly	2.5	189
rapidness	2.35	0
raping	3.26	81
rapist	4.32	162
rapper	4.37	90
rapping	3.39	48
rapport	1.84	32
raptly	1.8	0
raptor	4	38
rapture	1.97	44
rapturous	1.7	3
rapunzel	3.91	0
rare	1.96	1087
rarely	1.64	342
rareness	1.96	0
rarity	2.2400000000000002	20
rascal	2.62	201
rascally	1.77	4
rash	4.62	410
rashly	2.11	9
rashness	2.36	3
rasp	3.17	5
raspberry	4.93	96
rasping	3.19	3
raspy	3.03	8
rat	4.8499999999999996	1663
ratchet	4.6399999999999997	38
rate	2.5	1271
rated	2.36	73
rather	1.48	5825
ratification	2.34	5
ratify	2.4700000000000002	6
rating	2.2599999999999998	112
ratio	2.5499999999999998	164
ration	3.45	66
rational	1.62	256
rationale	2.13	19
rationalism	1.76	0
rationalist	1.52	3
rationalistic	1.62	0
rationalistically	1.74	0
rationality	1.63	10
rationalization	2.31	15
rationalize	1.52	31
rationally	1.59	58
rationing	2.54	29
rattail	4.6500000000000004	1
rattle	4.07	172
rattlebrained	2.08	2
rattled	3.33	59
rattler	4.5	25
rattles	4.1399999999999997	39
rattlesnake	5	86
rattling	3.66	144
rattrap	4.3	17
ratty	3.44	36
raucous	2.39	16
raunchy	2.1	18
ravage	2.29	27
ravager	3.16	2
rave	3.48	129
ravel	2.74	21
raven	4.8600000000000003	159
ravenous	1.85	26
ravenously	2.08	0
ravenousness	2.35	0
ravens	4.79	106
ravine	4.6100000000000003	94
raving	2.48	161
ravioli	4.8899999999999997	35
ravish	2.63	15
ravishing	2.2400000000000002	79
ravishingly	1.74	1
raw	3.35	519
rawhide	4.3499999999999996	56
rawness	2.36	2
ray	3.57	4966
rayon	4.04	16
razor	4.9000000000000004	351
razorback	3.96	5
razorblade	4.75	0
razzle	2.12	8
reabsorb	2.42	0
reacceptance	1.67	0
reach	3.7	2903
reachable	2.52	13
reaching	3.5	412
reacquaint	1.88	4
reacquainted	1.68	18
reacquire	2.64	4
reacquisition	2.2000000000000002	2
react	2.5499999999999998	385
reactant	2.65	2
reaction	2.41	830
reactionary	2.04	17
reactivate	2.48	19
reactivation	2.08	1
reactive	2.4300000000000002	39
reactively	1.75	0
reactivity	2.2400000000000002	0
reactor	3.68	204
read	3.56	12302
readability	2.96	0
readable	2.79	9
readably	2	0
readdress	2.15	1
reader	3.89	278
readership	2.5	11
readily	1.88	57
readiness	1.64	60
reading	3.71	3133
readjust	2.36	13
readjustment	2.0299999999999998	13
readmission	2.52	0
readout	3.85	35
ready	2.0699999999999998	19778
readymade	2.67	1
reaffirm	2.17	7
reaffirmation	1.5	2
real	2.5	22583
realign	2.57	14
realignment	2.41	2
realism	1.33	36
realist	2.34	45
realistic	2.0699999999999998	235
realistically	1.7	25
reality	1.72	1543
realizable	2	0
realization	1.54	54
realize	2.0299999999999998	4032
realizing	1.81	136
reallocate	2.52	0
reallocation	2.34	4
really	1.44	76508
realm	2.96	238
realness	2.41	1
realtor	4.6100000000000003	92
realty	3.26	25
ream	3.44	11
reanalyze	2	0
reanimate	2.2999999999999998	4
reanimation	2.56	7
reap	3.14	132
reaper	3.57	158
reappear	3.19	17
reappearance	2.5499999999999998	8
reapplication	2.31	0
reapply	2.9	14
reappoint	1.88	0
reappointment	2.46	0
reappraisal	1.89	4
reappraise	2.04	1
reapprove	2.41	0
rear	3.59	634
rearmost	3.62	0
rearrange	3.26	88
rearrangement	3.28	3
rearwards	2.56	0
reason	1.93	9858
reasonability	1.39	0
reasonable	1.78	946
reasonableness	1.93	3
reasonably	2.04	118
reasoned	1.64	27
reasoning	1.39	93
reasonless	1.31	0
reassemble	2.93	19
reassembly	3.07	1
reassert	1.68	2
reassertion	1.72	0
reassess	2	13
reassessment	2.19	1
reassign	2.38	27
reassignment	1.9	20
reassurance	1.85	30
reassure	2.29	45
reassured	1.93	23
reassuring	1.97	72
reassuringly	1.96	0
reattach	3.23	17
reattachment	2.89	1
reattempt	2.46	0
reattribute	1.76	0
reauthorization	2.48	0
reauthorize	2.2599999999999998	0
reawake	2.5299999999999998	0
reawaken	2.04	3
reawakening	2.2599999999999998	1
rebalance	2.79	1
rebate	3.21	16
rebel	3.07	273
rebellion	2.93	130
rebellious	2.2999999999999998	47
rebelliously	1.97	0
rebelliousness	2.0299999999999998	3
rebilling	2.2200000000000002	0
rebind	3.21	0
rebirth	2.21	53
reboot	3.26	30
reborn	2.14	133
rebottle	3.32	0
rebound	2.69	142
rebounder	3.12	2
rebrand	1.96	0
rebroadcast	3.08	3
rebuff	2.15	4
rebuild	3.5	172
rebuilder	3.81	0
rebuilt	3.55	73
rebuke	2.0699999999999998	15
reburial	3.26	2
rebut	2.2799999999999998	8
rebuttable	1.81	1
rebuttal	2.93	39
recalcitrance	1.75	3
recalculate	2.93	3
recalculation	2.38	0
recalibrate	2.52	8
recalibration	2.46	2
recall	2.14	1003
recallable	1.75	0
recant	2.0299999999999998	27
recantation	2.3199999999999998	0
recap	2.48	44
recapitalization	1.96	0
recapitalize	2.12	1
recapture	3.07	41
recast	3	16
recasting	2.2400000000000002	4
recede	3.04	6
receipt	4.8600000000000003	379
receipts	4.5199999999999996	176
receivable	2.34	8
receivables	3	3
receive	2.69	992
received	2.67	1436
receiver	3.66	151
recent	2.5	669
recently	1.89	1328
recentness	1.72	0
recentralization	1.92	0
recentralize	1.83	0
receptacle	4.58	22
reception	2.93	568
receptionist	4.3600000000000003	97
receptive	2.21	60
receptively	2	0
receptiveness	1.57	0
receptivity	1.78	1
receptor	4.04	52
recertification	2.36	1
recertify	2.31	0
recess	3.07	178
recession	2.42	23
recessionary	2	1
recessive	2.04	4
recessively	1.78	0
recharge	3.14	60
rechargeable	3.03	0
recharger	4	2
recheck	2.08	27
recipe	4.43	388
recipient	3.86	59
reciprocal	2.46	23
reciprocally	2	0
reciprocate	2.15	26
reciprocation	2.35	5
reciprocator	2.6	0
reciprocity	2.34	9
recirculation	2.89	1
recital	3.86	150
recitalist	3.62	0
recitation	3.08	24
recite	3.93	153
reckless	2.36	251
recklessly	2.38	28
recklessness	2.11	15
reckon	1.74	596
reckonable	1.67	0
reckoning	1.86	55
reclaim	1.76	71
reclaimable	2.12	0
reclamation	2.2799999999999998	19
reclassification	2.19	0
reclassify	2.0299999999999998	0
recline	3.93	8
recliner	4.68	9
reclining	4	22
reclose	2.69	0
recluse	3.28	34
reclusive	2.19	16
reclusiveness	1.73	0
recoat	3.14	0
recode	2.57	0
recognition	2.39	233
recognizability	2.37	0
recognizable	2.16	31
recognizably	1.72	3
recognize	2.0699999999999998	1750
recoil	3.55	22
recollect	1.9	54
recollected	2.21	3
recollection	2.0699999999999998	80
recolor	3	0
recombination	2.12	1
recombine	2.76	2
recommencement	2.27	0
recommend	1.74	714
recommendable	2	0
recommendation	2.87	258
recommendatory	1.7	0
recommender	2.6	0
recommit	1.92	4
recommitment	1.93	0
recompilation	2.44	0
recompile	2.92	0
recompletion	2	0
recompose	2.57	0
recompress	2.78	0
recompression	2.13	3
reconcilability	1.81	0
reconcilable	1.5	0
reconcile	1.79	58
reconcilement	2	1
reconciler	2.93	0
reconciliation	2.19	52
reconciliatory	1.92	1
reconciling	1.68	8
recondition	2.61	1
reconfiguration	2.14	5
reconfigure	2.93	26
reconfirm	1.92	5
reconfirmation	1.7	0
reconnaissance	2.04	88
reconnect	2.48	53
reconnection	2.2999999999999998	1
reconsider	1.97	256
reconsideration	1.59	4
reconsolidate	1.76	0
reconsolidation	2.12	0
reconstitute	2.83	7
reconstruct	3.2	58
reconstructed	2.83	21
reconstruction	3.17	82
reconstructive	2.37	24
reconvene	2.7	31
reconvert	2.3199999999999998	0
reconvict	2.52	1
recopy	3.31	0
record	4.1500000000000004	4365
recordable	3.43	2
recorder	4.43	252
recording	3.68	748
recordplayer	4.74	0
recount	2.2599999999999998	37
recoup	2.21	12
recoupment	2.0699999999999998	0
recourse	2	38
recover	2.64	409
recoverability	1.71	0
recoverable	2.56	5
recovery	2.68	464
recreate	2.41	53
recreation	2.82	95
recreational	2.85	53
recreationist	2.97	0
recruit	3.48	188
recruiter	4	35
recruiting	2.74	117
recruitment	2.48	42
rectal	3.37	46
rectally	3.12	6
rectangle	4.76	11
rectangular	4.1100000000000003	22
rectangularity	3	0
rectifiable	1.86	0
rectification	2	1
rectified	1.87	16
rectifier	2.56	0
rectify	2.08	42
rectum	4.92	25
recumbently	2	0
recuperate	2.73	18
recuperation	2.96	4
recuperative	2.16	5
recur	2.5	2
recurrence	2	15
recurrent	1.93	13
recurrently	2	1
recurring	2.41	59
recursive	2.2599999999999998	3
recyclable	3.04	5
recycle	2.97	44
recycled	3.9	43
recycler	3.34	0
recycling	3.25	80
red	4.24	7551
redact	2.58	0
redbird	4.67	2
redbrick	4.5599999999999996	0
redcoat	4.07	4
redden	3.42	2
reddening	3.33	1
reddish	3.42	10
reddishness	3.23	0
redecorate	3.55	52
redecoration	2.79	6
rededication	1.92	5
redeem	2.2400000000000002	83
redeemable	2.08	5
redeemably	1.88	0
redeemer	2.89	19
redefine	1.5	15
redefinition	2.38	2
redeliver	3.14	0
redelivery	2.96	0
redemption	1.88	112
redemptive	1.59	0
redemptory	1.65	0
redeploy	2.63	12
redeployment	2.72	5
redeposit	3.28	0
redesign	2.85	24
redevelop	2.04	3
redevelopment	2.14	13
redeye	3.77	10
redfish	4.78	0
redhead	4.78	186
redheaded	4.29	45
redial	2.96	13
redirect	1.88	48
redirection	2.25	0
rediscover	1.79	11
rediscovery	1.93	1
redistribute	2.5499999999999998	8
redistribution	2.2000000000000002	10
redistributive	2	0
redistrict	2.2400000000000002	0
redneck	3.77	90
redness	4.1399999999999997	10
redo	2.82	81
redouble	2.2799999999999998	11
redraw	3.56	7
redress	2.64	11
redshirt	4.12	0
redskin	3.85	13
reduce	2	219
reduced	2.21	248
reducing	2.5	50
reduction	2.75	88
reductionism	1.52	0
reductionist	2.15	2
reductive	1.84	2
reductively	1.88	0
redundancy	2.39	32
redundant	2	74
redundantly	1.86	0
reduplicate	2.27	0
redwood	4.96	37
reed	4.7	464
reeducation	2.04	9
reef	4.7	204
reefer	4.54	49
reek	3	46
reel	4.1399999999999997	166
reelect	2.41	7
reelection	2.5	31
reeled	3.04	3
reemerge	2.56	4
reemphasize	1.72	2
reenact	2.96	16
reenactment	3.07	46
reengage	2.12	1
reenlist	2.78	10
reenlistment	2.25	1
reenter	2.66	7
reentry	3.14	37
reestablish	2.54	22
reevaluate	2.13	19
reevaluation	2.0699999999999998	5
reexamination	2.5	1
reexamine	2.91	15
ref	3.93	129
refashion	2.85	0
refer	2.41	374
referable	1.82	0
referee	4.43	183
refereeing	3.21	5
reference	2.38	432
referendum	2.97	5
referential	1.77	3
referentially	1.95	0
referral	2.4300000000000002	28
referrer	3.07	0
refill	3.4	142
refillable	3.41	0
refinance	2.5299999999999998	1
refine	2.4300000000000002	22
refined	2.04	103
refinement	2.04	27
refiner	2.96	2
refinery	4.59	49
refining	2.2999999999999998	13
refinish	3.21	2
refit	2.72	12
reflect	2.81	213
reflected	2.79	85
reflecting	2.36	32
reflection	3.29	256
reflective	2.97	31
reflectively	2.41	7
reflectivity	2.52	3
reflector	4.3	14
reflex	3.1	116
reflexive	2.14	1
reflexively	2.89	1
reflexology	2.7	2
refloat	2.38	0
reflux	2.8	18
refocus	2.35	13
refold	4.1399999999999997	1
reforest	2.65	0
reforestation	3.23	0
reform	2	184
reformat	2.56	3
reformation	2.0699999999999998	10
reformative	2.0299999999999998	0
reformatory	3.59	18
reformed	1.86	58
reformer	1.92	11
reformism	1.67	0
reformist	2.62	2
reformulate	1.93	2
reformulation	1.92	0
refract	2.84	2
refracted	2.62	5
refracting	3.16	2
refraction	2.86	8
refractive	2.19	2
refractory	2.68	3
refrain	2.61	104
reframe	2.96	4
refreeze	3.04	2
refresh	2.63	127
refresher	2.5	15
refreshing	2.41	187
refreshingly	1.97	9
refreshment	3.42	51
refried	3.37	10
refrigerant	3.93	1
refrigerate	3.69	10
refrigerating	3.37	0
refrigeration	3.92	17
refrigerator	5	427
refuel	3.53	43
refueling	3.67	20
refuge	3.37	125
refugee	3.97	98
refund	3.38	141
refundable	2.3199999999999998	8
refurbish	2.74	4
refurbishment	2.38	1
refurnish	2.81	3
refusal	2.81	66
refuse	3.04	1070
refusing	2.27	167
refutability	1.88	0
refutable	1.9	0
refutation	2.04	1
refute	2.21	34
regain	1.79	134
regal	2.1800000000000002	58
regale	2.2999999999999998	10
regalia	3.78	6
regally	1.96	2
regard	1.79	375
regarding	1.77	432
regardless	1.52	262
regards	2.04	258
regency	2.12	31
regenerate	2.63	21
regeneration	2.92	34
regenerative	2.75	5
regenerator	3.28	6
reggae	3.41	49
regime	2.86	118
regimen	2.74	40
regiment	4	247
regimental	2.44	58
regimentation	1.88	5
regimented	2.19	4
region	3.19	256
regional	2.76	159
regionalism	2.0499999999999998	1
regionalist	2.96	0
regionalization	2.2599999999999998	0
regionalize	2	0
regionally	2.1	1
register	3.87	561
registered	2.66	517
registrant	2.96	0
registrar	3.64	27
registration	3.68	333
registry	3.5	65
regress	2.17	15
regression	1.92	33
regressive	1.85	3
regressively	1.46	0
regret	1.8	1384
regretful	2.0699999999999998	15
regretfully	1.7	22
regretless	1.72	0
regrettable	1.82	47
regrettably	1.89	33
regroup	2.41	72
regular	2.4	1727
regularity	1.96	16
regularization	1.73	1
regularly	1.8	172
regulate	2.0299999999999998	39
regulated	2.11	18
regulation	2	126
regulative	1.93	0
regulator	3.43	41
regulatory	1.97	14
regurgitate	3.52	12
regurgitation	3.4	4
rehab	3.39	331
rehabilitate	1.76	21
rehabilitation	1.81	82
rehabilitative	2.64	0
rehash	2.17	21
rehearing	2.39	0
rehearsal	3.2	635
rehearse	3.32	230
reheat	2.88	10
rehire	2.56	10
rehydrate	3.54	9
rehydration	2.85	1
reign	2.37	159
reigning	2.12	39
reignite	2.84	1
reimbursable	1.93	0
reimburse	2.63	31
reimbursement	2.85	7
reincarnate	2.0299999999999998	14
reincarnation	1.63	66
reincorporate	2	0
reindeer	4.7	172
reinforce	2.3199999999999998	48
reinforcement	2.86	44
reinitialize	1.88	1
reinitiate	1.96	2
reinjure	2.79	0
reins	4.5599999999999996	74
reinsert	2.9	3
reinsertion	2.71	2
reinstall	2.76	2
reinstallation	2.86	0
reinstate	1.9	49
reinstatement	2.04	14
reinstitute	2.2200000000000002	3
reinstruct	2.38	0
reinstruction	2.52	0
reinsurer	3.08	0
reintegrate	2.21	1
reintegration	1.83	1
reinterpret	2.66	0
reinterpretation	1.9	1
reintroduce	2.48	9
reintroduction	2.0299999999999998	3
reinvent	2.54	13
reinvention	2.2000000000000002	4
reinvest	2.4300000000000002	7
reinvestigate	2.5	2
reinvestigation	2.46	0
reinvestment	2.08	1
reinvigorate	1.57	2
reinvigoration	1.77	0
reissue	2.15	4
reiterate	2.48	33
reiterated	2.62	2
reiteration	2.77	1
reject	2.4	216
rejected	2.89	337
rejecter	3.07	0
rejection	2.25	168
rejoice	2.17	86
rejoicing	2.63	45
rejoin	2.54	64
rejuvenate	2.04	7
rejuvenated	2.11	7
rejuvenation	2.1	4
rejuvenator	2.3199999999999998	0
rekindle	2.36	27
relapse	2.21	47
relapsing	2.2799999999999998	1
relatable	1.59	4
relate	2	242
related	2.56	643
relatedness	2.0299999999999998	0
relation	2.11	210
relational	1.96	5
relationally	1.85	0
relationship	2.8	3452
relative	2.97	397
relatively	1.45	166
relativism	1.75	2
relativist	2.67	0
relativity	1.7	39
relax	2.86	4936
relaxant	2.85	12
relaxation	3.04	80
relaxed	2.5	356
relaxedness	2.29	0
relaxer	2.83	2
relaxing	2.62	184
relay	3.48	152
relearn	2.36	2
releasable	1.78	1
release	3.24	1851
releaser	3.29	0
relent	1.69	13
relenting	1.85	1
relentless	1.93	79
relentlessly	2.2200000000000002	27
relentlessness	2.14	1
relevance	1.58	82
relevancy	1.62	5
relevant	1.72	286
relevantly	1.58	0
reliability	1.83	16
reliable	1.86	301
reliably	1.77	9
reliance	2.2000000000000002	14
reliant	1.83	6
reliantly	1.93	0
relic	4.07	68
relicense	2.67	0
relief	2.4500000000000002	744
relievable	2	0
relieve	2.4700000000000002	284
relieved	2.17	524
reliever	2.63	9
relieving	2.0299999999999998	60
relight	3	6
religion	1.71	707
religionist	2.36	1
religious	2.5	707
religiously	1.73	26
religiousness	2.1	0
relinquish	3.03	46
relinquishment	1.89	2
relish	3.3	96
relishing	1.62	5
relive	2.12	86
reload	3.64	71
relocate	2.76	65
relocation	2.63	39
relock	3.5	3
reluctance	2.1	46
reluctant	1.76	128
reluctantly	2.04	33
rely	1.93	366
remade	2.61	10
remain	1.96	1694
remainder	3.11	77
remaining	2.64	344
remains	3.46	890
remake	2.93	52
remanufacture	2.65	0
remap	2.76	0
remark	3.25	224
remarkable	1.89	641
remarkableness	1.57	0
remarkably	1.63	101
remarket	2.04	0
remarriage	2.15	3
remarry	2.72	44
rematch	2.77	73
rematerialize	1.89	1
remedial	2.31	20
remedially	1.88	0
remediate	1.65	0
remedy	2.96	118
remember	2.41	27666
remembrance	2.4	37
rememorize	2	0
remilitarize	2.3199999999999998	0
remind	2.19	1883
reminder	2.41	192
remindful	1.72	0
reminisce	2.39	37
reminiscence	2.0699999999999998	6
reminiscences	1.89	4
reminiscent	1.68	22
reminiscently	1.48	0
remission	2.13	45
remissive	1.79	0
remittable	1.96	0
remittance	2.39	5
remix	2.96	16
remnant	2.89	12
remobilization	2.3199999999999998	0
remobilize	2	0
remodel	3.41	39
remodeler	3.61	1
remold	3.23	1
remorse	2	154
remorseful	2	16
remorsefully	2.0299999999999998	0
remorsefulness	1.9	0
remorseless	1.7	5
remorselessly	1.63	0
remorselessness	1.37	0
remortgage	2.2599999999999998	3
remote	3.44	713
remotely	2.0299999999999998	164
remoteness	1.96	4
remount	2.63	2
removability	2.29	0
removable	2.48	6
removal	3	105
remove	3.14	1084
removed	2.87	737
remover	3.68	33
removing	3	165
renaissance	2.2999999999999998	112
rename	2.59	11
rend	2.61	16
render	2.14	103
renderer	3	1
rendering	2.4700000000000002	54
rendezvous	2.75	312
rendition	2.42	22
renegade	2.96	68
renegotiable	1.89	0
renegotiate	1.92	31
renegotiation	2.14	6
renegotiations	2.2200000000000002	1
renew	2.0699999999999998	111
renewability	2.08	0
renewable	2.2599999999999998	8
renewably	1.87	0
renewal	2.29	49
renewed	1.79	78
renormalize	1.86	0
renounce	1.62	86
renounceable	1.59	0
renouncement	2.0699999999999998	0
renovate	2.93	13
renovation	3.07	43
renovator	3.46	0
renown	1.68	20
renowned	1.41	67
rent	3.48	1762
rentability	2	0
rentable	1.73	0
rental	2.65	246
rented	2.71	466
renter	4.1500000000000004	13
renumber	2.79	0
renunciation	2.23	11
reoccupation	2.11	0
reoccupy	3	0
reoccur	1.9	3
reoccurrence	2.1	1
reoccurring	2.4500000000000002	11
reoffer	2.44	0
reopen	2.84	81
reorder	3.14	4
reorganization	2.31	18
reorganize	2.74	21
reorganizer	2.78	0
reorient	2.36	2
reorientation	1.73	4
rep	2.87	263
repack	2.56	7
repackage	3.45	3
repacking	3.8	3
repaint	4.08	23
repair	3.32	450
repairable	2.54	2
repairer	4.29	1
repairman	4.45	54
reparable	2.81	0
reparation	2.37	6
repave	3.22	0
repay	2.52	265
repayable	2.38	0
repaying	2.17	16
repayment	2.73	12
repeal	2.2400000000000002	8
repeat	2.9	1684
repeatability	2.35	0
repeatable	2.12	3
repeated	3.07	143
repeatedly	2.48	116
repeater	3.18	14
repel	3	34
repellant	3.17	4
repellence	2.1800000000000002	0
repellent	3.32	40
repellently	1.91	0
repelling	3.1	6
repent	1.96	123
repentance	1.57	31
repentant	1.68	12
repentantly	1.7	0
repercussion	2.35	4
repercussive	2.2999999999999998	0
repertoire	2.41	23
repetition	3.17	35
repetitious	2.7	7
repetitiously	3.11	0
repetitiousness	2.1800000000000002	0
repetitive	2.74	29
repetitively	2.4300000000000002	1
repetitiveness	2.11	0
rephrase	2.17	84
replace	3	681
replaceable	2.46	11
replacement	3.47	317
replacer	2.7	1
replant	3.15	7
replay	3.04	61
replenish	2.1800000000000002	26
replenishment	2.2799999999999998	1
replica	3.86	56
replicable	2.36	1
replicate	3.33	37
replicated	2.46	6
replication	3	11
replicator	3.13	0
replier	3.08	0
reply	2.96	245
repo	3.12	0
repopulate	2.2400000000000002	12
repopulation	2.3199999999999998	1
report	3.92	5508
reportable	2.11	1
reportedly	1.74	32
reporter	4.63	1040
repose	2.73	29
reposition	3.21	27
repository	3.66	13
repossess	2.77	20
repossession	2.68	2
repost	2.93	0
repower	2.44	1
reprehend	2.09	1
reprehensible	1.67	29
reprehensibly	1.93	0
reprehension	1.68	0
reprehensive	1.86	0
reprehensively	1.54	0
represent	2.12	773
representation	2.19	127
representational	1.58	2
representative	3.39	270
representatively	1.54	0
representativeness	1.8	0
repressed	1.88	94
repression	1.66	42
repressive	1.62	12
repressively	1.54	0
repressiveness	2.14	1
repressor	2.8	1
reprimand	2.63	27
reprimanding	2.21	4
reprint	3.71	7
reprisal	2.16	13
reprise	2.37	7
reproach	1.71	23
reproachable	1.58	0
reproachful	2	3
reproachfully	1.89	0
reprocess	2.64	2
reproduce	3.48	79
reproducer	2.78	0
reproducibility	2.5	0
reproducible	2	2
reproduction	2.92	75
reproductive	2.63	54
reproductively	2.27	2
reprogram	2.57	38
reproof	2.2400000000000002	2
reprove	1.96	2
reprovingly	1.59	0
reps	3.64	46
reptile	4.47	72
reptilian	3.46	16
republic	2.81	286
republican	2.79	206
republicanism	1.86	0
repudiate	2	13
repugnance	1.81	3
repugnancy	1.48	0
repugnant	1.62	39
repugnantly	1.83	0
repulse	2.38	13
repulsion	2.1	8
repulsive	2.11	103
repulsively	2.0699999999999998	2
repulsiveness	2.21	1
repurchase	2.96	1
repurpose	2.21	0
reputability	1.73	0
reputable	1.87	43
reputably	2.14	0
reputation	1.64	983
repute	1.76	11
reputed	1.88	32
reputedly	1.56	3
requalification	1.93	0
request	2.59	1304
requester	3.59	1
require	2.0699999999999998	542
requirement	2.52	73
requisite	1.66	19
requisitely	1.92	0
requisition	2.41	57
reread	3.32	23
rerecord	2.82	2
reregister	2.15	0
reregulate	2.2200000000000002	0
rerelease	2.54	1
reroll	3.22	0
reroof	3.26	0
reroute	2.92	43
rerun	2.96	47
resale	2.2599999999999998	12
resample	2.96	0
rescale	2.4300000000000002	0
reschedule	2.61	180
rescind	2.57	27
rescindable	1.96	0
rescrub	2.91	0
rescue	3.17	1296
rescuer	3.93	14
reseal	3.62	3
research	3.03	1688
researcher	3.81	38
reseat	2.85	1
reseed	3.54	2
reselect	2.76	0
reselection	1.95	0
resell	2.27	8
reseller	4.07	0
resemblance	2.0699999999999998	180
resemble	2.19	87
resend	2.46	2
resent	2.41	293
resentful	2.2999999999999998	29
resentfully	2.33	0
resentment	1.78	76
reservation	3.14	526
reserve	2.29	366
reserved	2.04	258
reservedly	1.5	0
reservoir	4.75	95
reset	3	164
resettable	2.41	0
resettle	2.72	0
resettlement	2.04	5
reshape	2.4700000000000002	11
reshaping	2.69	4
reshipment	3.19	0
reshoot	3.04	12
reshuffle	3.73	4
reside	3.19	56
residence	4.34	421
residency	3.04	99
resident	4.03	374
residential	2.62	91
residentially	2.56	0
residual	2.4300000000000002	64
residue	3.78	140
resift	2.83	0
resign	2.25	257
resignation	2.93	191
resigned	2.17	142
resignedly	1.38	0
resilience	2.2599999999999998	7
resiliency	2.08	3
resilient	2.21	28
resin	4.08	30
resist	2.78	657
resistance	2.68	431
resistant	1.83	46
resister	3.37	0
resistibility	1.85	0
resistible	1.81	1
resisting	2.64	152
resistive	1.88	0
resize	2.82	1
resolute	1.68	31
resolutely	1.57	7
resoluteness	1.67	0
resolution	2.37	150
resolvability	1.84	0
resolvable	2.2599999999999998	0
resolve	1.96	247
resolved	2.13	175
resolvent	2.2799999999999998	0
resolver	2.62	0
resonance	2.23	33
resonant	2	6
resonantly	1.81	0
resonate	2	16
resonator	2.5499999999999998	0
resort	4.3	352
resound	2.0699999999999998	9
resounding	2.21	23
resoundingly	1.86	1
resource	2.5499999999999998	83
resourceful	2	74
resourcefully	1.71	0
resourcefulness	1.55	13
respect	2.04	3644
respectability	1.79	38
respectable	1.85	288
respectably	1.86	5
respectful	2.19	97
respectfully	1.43	98
respectfulness	1.58	0
respecting	1.48	54
respective	1.79	41
respectively	1.64	15
respectworthy	2.04	0
respiration	3.89	63
respirator	4.5599999999999996	37
respiratory	3.25	142
respite	1.77	24
respond	2.64	719
respondent	3.36	7
responder	3.44	1
response	3	821
responsibility	1.4	1806
responsible	1.69	2298
responsibly	2.14	21
responsive	2.27	40
responsively	1.81	0
responsiveness	2	2
rest	3.03	10861
restack	3.58	1
restart	2.92	30
restate	3	7
restaurant	4.8899999999999997	2373
restful	2.04	38
restfully	2.2799999999999998	0
restfulness	2.2999999999999998	1
resting	3.71	357
restitution	2.36	28
restive	1.73	0
restless	2.46	247
restlessly	2.2400000000000002	0
restlessness	2.3199999999999998	16
restock	3.75	23
restorable	1.93	1
restoration	2.65	48
restorative	2	4
restoratively	2.08	0
restore	2.79	253
restorer	2.83	11
restrain	2.76	78
restrained	3	56
restrainer	3.4	1
restraining	2.74	171
restraint	3.32	131
restrict	2.21	28
restricted	2.83	209
restrictedly	2.2999999999999998	0
restrictedness	1.83	0
restriction	2.25	26
restrictive	2.31	14
restrictively	2.12	0
restrictiveness	2.0699999999999998	0
restring	3.2	1
restroom	4.93	125
restructure	1.8	13
restructuring	2.0699999999999998	18
restudy	2.2400000000000002	0
restyle	2.77	0
resubmission	2.59	0
resubmit	3.04	3
result	2.85	1008
resultant	1.92	3
resulting	2.11	80
resume	4	290
resupply	2.52	18
resurface	3.29	6
resurge	2.2599999999999998	0
resurgence	2.2000000000000002	4
resurgent	2.04	0
resurrect	2.64	36
resurrection	2.2999999999999998	172
resurvey	2.44	1
resuscitate	3.21	44
resuscitation	3.41	23
resuscitator	3.71	3
retail	2.92	118
retailer	4.03	2
retailing	2.67	4
retain	2.3199999999999998	121
retainable	1.93	0
retainer	4	108
retaining	2.23	33
retake	2.57	37
retaliate	2.25	64
retaliation	2.48	48
retaliative	1.85	0
retaliator	2.92	0
retaliatory	1.81	13
retard	3.56	201
retardant	2.67	5
retardation	2.57	16
retarded	2.57	318
retarding	2.2000000000000002	1
retell	1.96	1
retelling	2.7	2
retention	2.33	14
retentive	1.96	3
retentively	1.96	0
retentiveness	1.71	1
retest	2.56	11
retexture	3	0
rethink	2.17	90
rethread	3.16	2
reticulate	1.84	0
reticule	2.83	0
retina	4.46	37
retinal	3.29	35
retinol	3.67	0
retire	3.11	499
retired	3.36	615
retiree	3.93	3
retirement	3.03	431
retiring	2.2000000000000002	120
retiringly	1.61	0
retold	2.57	4
retook	2.31	4
retool	2.81	5
retort	2.75	13
retorted	2.5	1
retouch	3.17	0
retouching	2.67	4
retrace	2.82	35
retraceable	2.46	0
retract	2.42	74
retractable	3.1	9
retracted	2.37	14
retraction	3.03	51
retractor	3.21	48
retrain	2.13	5
retraining	2.56	4
retransfer	2.36	0
retransformation	2.2200000000000002	0
retranslate	2.14	0
retranslation	2.38	0
retransmit	2.89	1
retread	2.85	5
retreat	3.03	484
retreater	2.85	0
retreating	2.15	48
retrial	2.78	21
retribution	2	85
retributive	1.62	1
retrievable	2.5499999999999998	2
retrievably	1.96	0
retrieval	3.11	57
retrieve	3.32	210
retriever	4.1500000000000004	38
retro	2.21	75
retroactive	1.79	20
retroactively	1.58	6
retroactivity	2.4	0
retrofit	2.29	9
retrograde	2.15	17
retrospect	1.75	36
retrospection	1.89	0
retrospective	1.72	15
retrospectively	1.53	0
retrovirus	2.6	2
retry	2.38	5
retune	2.65	2
return	2.97	4676
returnable	2.15	5
returned	2.27	1263
returner	2.77	1
retweet	2.68	0
retying	2.76	1
retype	3.45	2
reunification	1.93	13
reunify	2.04	1
reunion	3.22	450
reunite	2.86	36
reupholster	3.43	2
reusable	2.34	1
reuse	3.83	6
reutilization	2	0
revaccination	3.69	0
revalidation	1.77	0
revaluation	2.16	0
revalue	1.7	1
revamp	2.46	4
reveal	2.79	476
revealed	2.79	298
revealer	2.58	1
revealing	2.74	135
revealingly	1.92	0
revel	1.69	41
revelation	2.21	140
revelatory	1.55	0
reveler	3.28	0
revelry	2.23	9
revenge	1.54	971
revengeful	2.2400000000000002	3
revengefully	2.2000000000000002	0
revengefulness	1.74	0
revenue	3.11	122
reverb	2.68	8
reverberate	2.71	2
reverberating	3.04	7
reverberation	2.68	4
revere	1.7	57
revered	1.78	41
reverence	1.7	68
reverend	4.1399999999999997	963
reverent	1.5	11
reverently	1.68	8
reversal	2.63	57
reverse	3.38	560
reversed	2.62	137
reversely	2	1
reverser	3.08	0
reversibility	1.83	0
reversible	3.14	15
reversibly	2.23	0
reversing	2.93	27
reversion	1.87	4
revert	2	35
review	2.81	755
reviewability	1.67	0
reviewable	2.04	0
reviewer	3.67	26
revisable	2.76	0
revisal	1.84	0
revise	2.33	44
revised	2.15	63
revision	2.74	29
revisionary	1.78	0
revisionism	2.04	0
revisionist	2.04	13
revisit	2.56	43
revisualization	1.86	0
revitalization	2.19	0
revitalize	2.29	13
revivable	1.74	0
revival	2.79	60
revivalism	1.5	0
revivalist	2.81	0
revive	3.13	94
reviver	3.33	1
revivification	1.52	0
reviving	2.68	16
revocable	1.96	3
revoke	2.85	37
revolt	3.03	79
revolting	2.57	98
revoltingly	1.5	1
revolution	2.87	629
revolutionarily	1.72	0
revolutionary	2.2599999999999998	224
revolutionist	3.16	0
revolutionize	1.85	24
revolve	3.44	35
revolver	4.6900000000000004	141
revolving	3.54	51
revulsion	2.04	12
reward	3.41	919
rewarding	2.0299999999999998	85
rewardingly	2.14	0
rewash	3.41	1
reweave	3.28	0
reweigh	2.27	1
rewind	3.36	89
rewire	3.41	24
reword	3	1
rework	2.48	8
reworked	2.2200000000000002	10
rewound	2.85	4
rewove	2.8	0
rewoven	2.7	0
rewrap	3.43	1
rewrite	3.55	140
rewriter	3.19	1
rhapsody	2.83	27
rhetoric	1.5	21
rhetorical	1.5	49
rhetorically	1.69	7
rheumatism	3.35	35
rheumatoid	2.91	7
rheumatology	2.14	1
rhinestone	4.82	32
rhino	4.9000000000000004	106
rhinoceros	4.75	38
rhubarb	4.8600000000000003	55
rhyme	3.29	225
rhythm	3.07	556
rhythmic	3.1	52
rhythmical	2.74	3
rhythmically	2.41	12
rib	4.9000000000000004	301
ribbed	3.59	18
ribbing	3.39	10
ribbon	4.8899999999999997	258
ribbonfish	4.5	0
ribcage	4.96	0
riboflavin	3.54	6
rice	4.8600000000000003	769
rich	2.79	4100
riches	3.52	170
richly	2.35	26
richness	2.04	15
rickety	2.77	21
rickshaw	4.62	30
ricochet	3.29	24
ricotta	4.8600000000000003	13
rid	2.13	3052
riddance	1.82	88
ridden	2.52	109
ridding	2.69	16
riddle	2.5	231
ride	3.75	6904
rider	4.07	393
ridge	4.4800000000000004	361
ridged	3.52	2
ridicule	2.0699999999999998	100
ridiculer	3.62	0
ridiculous	1.79	2836
ridiculously	1.6	46
ridiculousness	2	2
riding	4.1399999999999997	1632
riff	3.28	57
riffle	3.2	6
riffraff	2.66	52
rifle	4.8499999999999996	743
rifleman	4.67	27
riflescope	4.5	0
rifling	3.03	19
rift	3.4	55
rig	4	440
rigger	3.84	9
rigging	4.0999999999999996	55
right	3.47	204428
righteous	1.43	200
righteously	1.81	10
righteousness	1.67	89
rightful	1.6	119
rightfully	1.43	85
rightfulness	1.85	0
rightly	1.93	84
rightmost	3.04	0
rightness	2.19	9
rightwards	2.39	0
rightwing	2.11	0
righty	2.92	170
rigid	3.46	95
rigidify	2.19	0
rigidity	2.38	11
rigidly	2.4	8
rigidness	3	0
rigor	3.36	44
rigorous	2.57	43
rigorously	2.14	10
rigorousness	1.89	1
rile	1.96	17
rim	4.62	125
rimless	2.8	1
rimmed	3.08	0
rind	4.4800000000000004	14
ring	4.8099999999999996	4730
ringed	3.7	8
ringer	3.46	85
ringing	3.86	899
ringleader	3.47	27
ringlet	4.4400000000000004	0
ringmaster	4.32	20
ringside	3.72	47
ringtail	3.77	3
ringtone	4.67	4
ringworm	4.5	5
rink	4.5599999999999996	109
rinse	4.0999999999999996	120
rinsing	4.17	3
riot	4.45	331
rioter	4.04	0
rioting	3.79	26
riotousness	2.04	0
rip	3.79	1028
ripcord	4.7	2
ripe	3.3	213
ripen	3.31	14
ripeness	3.33	2
ripening	3.11	6
riper	2.69	3
ripper	3.08	127
ripping	3.78	204
ripple	3.85	77
rippling	3.76	30
riptide	4.17	7
rise	4.04	1399
risen	2.83	79
riser	4.03	18
rising	3.53	429
risk	1.63	2501
riskily	2.11	0
riskiness	1.67	0
riskless	1.68	0
risky	1.31	393
risotto	4.3600000000000003	43
ritalin	4.6900000000000004	0
rite	2.54	74
ritual	2.6	456
ritualism	2.31	0
ritualistic	1.86	27
ritualistically	2.0299999999999998	1
rituality	2	0
ritualize	2.14	1
ritualized	1.86	10
ritually	2.21	2
ritzy	2.46	19
rival	3.03	193
rivalry	2.14	54
river	4.8899999999999997	2829
riverbank	4.68	34
riverbed	4.6900000000000004	22
riverboat	4.9000000000000004	20
riverfront	4.41	10
riverside	3.86	89
rivet	4.5	17
riveter	4.17	3
riveting	1.85	23
roach	4.96	135
road	4.75	5709
roadblock	4.71	101
roadhouse	4.37	38
roadie	3.52	20
roadman	4	0
roadmap	4.82	0
roadrunner	4.6399999999999997	21
roadshow	3.89	4
roadside	4.22	52
roadster	4.3499999999999996	18
roadsweeper	4.8499999999999996	0
roadway	4.67	11
roadwork	3.89	10
roadworks	4.54	0
roadworthiness	2.12	0
roadworthy	2.33	0
roam	2.85	173
roamer	2.96	1
roaming	2.68	79
roar	3.81	205
roaring	3.5	156
roast	4.4000000000000004	499
roasted	3.67	86
roaster	4.1900000000000004	3
roasting	3.71	39
rob	3.48	1188
robber	4.3099999999999996	239
robbery	3.93	1175
robbing	3.73	331
robe	5	433
robin	4.6100000000000003	1272
robot	4.6500000000000004	621
robotic	3.33	34
robotics	3.65	29
robotize	2.75	0
robust	2.64	36
robustly	2.31	1
robustness	2.4500000000000002	0
rock	4.91	4394
rockband	4.6399999999999997	0
rocker	4.3099999999999996	64
rocket	4.7300000000000004	604
rocketry	3.62	1
rockfish	4.6900000000000004	0
rockiness	3.39	0
rocking	3.37	223
rockingchair	4.92	0
rocklike	3.46	0
rockslide	4.46	6
rockstar	4.2699999999999996	0
rocky	4.17	807
rod	4.43	547
rode	3.72	530
rodent	4.7	92
rodeo	4.8099999999999996	283
roger	2.59	2540
rogue	2.3199999999999998	190
roguish	2.04	7
roguishness	2.04	0
role	2.19	929
roleplaying	2.76	1
rolex	4.79	0
roll	4.16	3227
rollaway	3.58	7
rollback	2.77	1
rolled	3.64	432
roller	4.66	293
rollerblade	4.78	0
rollercoaster	4.8099999999999996	0
rollerskate	4.75	0
rolling	4.04	1099
rollingpin	4.88	0
rollout	2.5	5
rollover	3.36	7
romaine	4.38	11
roman	3.33	534
romance	2.19	792
romancer	2.34	3
romancing	2.12	19
romanesque	2.36	3
romantic	1.93	1794
romantically	2.14	54
romanticism	1.46	10
romanticist	2.54	2
romanticize	2.15	11
romp	2.76	27
romping	2.96	19
roof	4.79	1818
roofer	4.79	17
roofing	4.66	13
roofless	4.12	0
roofline	4.6399999999999997	1
rooftop	4.8600000000000003	81
rook	4.38	71
rookie	2.83	252
room	4.79	22415
roomed	2.35	12
roomful	3.15	31
roominess	2.4	0
roommate	4.5199999999999996	581
rooms	4.57	1326
roomy	2.83	20
roost	3.29	45
roosted	3.14	2
rooster	4.75	197
roosters	4.93	16
root	4.34	534
rooted	3.21	51
rootless	2.86	2
rootworm	4.59	0
rope	4.93	1158
ropelike	3.74	0
ropes	4.78	303
ropewalk	4.32	0
ropewalker	4.42	0
ropey	2.75	1
roping	3.92	19
rosary	4.63	61
rose	4.9000000000000004	2704
rosebud	4.96	72
rosebush	4.6900000000000004	5
rosemary	4.68	252
rosette	4.1500000000000004	5
rosewater	4.58	2
rosewood	4.92	16
rosiness	2.88	0
roster	3.76	110
rosy	3.41	169
rot	3.96	394
rotary	3.14	27
rotatable	2.67	0
rotate	3.45	98
rotated	3.37	19
rotating	3.62	57
rotation	3.32	149
rotational	2.36	7
rotator	4.45	14
rotisserie	4.2300000000000004	9
rotor	3.84	24
rotten	3.87	891
rottenly	2.75	1
rottenness	2.69	4
rotting	3.48	166
rotund	3.45	6
rotunda	4.4800000000000004	27
rouge	3.77	165
rough	3.83	1907
roughage	3.61	13
roughen	2.9	0
rougher	2.85	38
roughhouse	3.39	14
roughhousing	3.21	7
roughing	2.83	29
roughly	2.57	160
roughneck	3.22	32
roughness	3.39	4
roughrider	3.6	0
roulette	4.1500000000000004	126
round	3.9	3393
roundabout	3.86	22
rounded	3.5	83
roundedness	2.73	0
roundhouse	4.24	9
rounding	3.18	90
roundish	2.96	1
roundly	2.54	2
roundness	4.07	2
roundtable	4.32	3
roundup	3.26	58
roundworm	4.3600000000000003	0
rouse	2.56	47
rousing	1.55	25
rousingly	2.0699999999999998	0
rousting	2.15	11
route	3.88	1089
router	4.1900000000000004	15
routine	2.7	1012
routinely	2.19	29
routing	2.62	36
rover	3.9	170
roving	2.86	38
row	3.93	1343
rowboat	4.8099999999999996	54
rowdily	2.21	0
rowdiness	2.1800000000000002	0
rowdy	2.6	52
rowed	3.54	14
rower	4.21	1
rowing	3.6	65
royal	3.14	1185
royally	2.0699999999999998	26
royalty	3.11	200
rub	4.33	788
rubbed	3.72	138
rubber	4.8600000000000003	714
rubberize	3.15	0
rubberneck	3	3
rubbernecker	2.87	2
rubbers	4.42	67
rubberstamp	4.33	0
rubbery	3.24	9
rubbing	3.76	241
rubbish	3.64	285
rubble	4.5599999999999996	89
rubdown	3.62	31
rubric	3.22	2
ruby	4.7699999999999996	607
rucksack	4.1399999999999997	8
ruckus	2.52	75
rudder	4.72	198
rudderless	3.48	4
ruddiness	2.68	1
rude	2.52	1125
rudely	2.48	23
rudeness	2.15	43
rudimentarily	1.6	0
rudimentary	1.72	34
rue	2.19	90
rueful	1.48	0
ruefully	1.77	0
ruefulness	1.97	0
ruffed	2.96	0
ruffle	3.75	29
ruffled	3.12	24
ruffling	3.04	6
rug	4.79	531
rugby	4.33	44
rugged	2.75	102
ruggedly	2.57	3
ruggedness	2.87	0
ruin	2.59	1455
ruined	2.96	1302
ruinous	2.12	5
rule	2.57	2455
rulebook	4.4400000000000004	0
rulemaking	2.41	0
ruler	4.66	162
ruling	2.3199999999999998	209
rum	4.93	382
rumba	4.04	61
rumble	3.73	139
rumbling	3	129
ruminate	2.19	5
ruminating	2.33	5
rummage	2.66	40
rummy	3.05	74
rumor	2.15	531
rump	4.8099999999999996	72
rumple	3.24	7
run	4.3099999999999996	17878
runabout	2.48	3
runaround	2.25	34
runaway	3.81	207
rundown	2.2999999999999998	74
rung	3.5	71
runner	4.8600000000000003	253
running	4.2699999999999996	8054
runny	3.12	65
runoff	3.89	10
runt	3.44	125
runtime	2.2999999999999998	0
runway	4.5999999999999996	279
rupee	4.68	2
rupture	3.7	66
ruptured	3.26	95
rural	2.67	59
rurally	2.44	0
ruse	1.57	85
rush	2.9	1602
rushed	2	268
rushing	2.9	307
russet	3.42	8
rust	4.5199999999999996	127
rusted	4.4400000000000004	36
rustic	2.7	40
rustically	2	0
rustiness	3.82	0
rustle	2.96	58
rustler	3.88	25
rustling	3.41	102
rustproof	2.87	1
rusty	3.9	657
rut	3.64	78
ruthless	1.64	211
ruthlessly	1.93	18
ruthlessness	1.6	5
rye	4.74	212
sabbath	2.89	86
sabbatical	2.4300000000000002	48
saber	4.21	41
sable	3.78	42
sabotage	2.77	197
saboteur	2.78	28
saccharin	3.62	3
sachet	4.6399999999999997	3
sack	4.84	659
sackcloth	4.6500000000000004	8
sacked	3.46	63
sacker	3.57	13
sacking	3.23	8
sacrament	3	28
sacramental	1.89	6
sacred	1.77	715
sacredly	1.64	0
sacredness	1.72	3
sacrifice	2.8	913
sacrificial	2.0699999999999998	29
sacrificially	1.82	0
sacrificing	2.2999999999999998	75
sacrilege	1.88	36
sacrilegious	1.78	20
sacrilegiously	1.88	0
sad	3.07	3232
sadden	2.44	4
saddening	1.71	0
saddle	4.8499999999999996	399
saddleback	4.22	4
saddlebag	4.88	13
saddlecloth	4.16	0
saddled	3.62	63
saddling	3.03	6
sadism	2.5499999999999998	9
sadist	2.72	55
sadistic	2.0699999999999998	87
sadistically	1.89	3
sadly	2.4300000000000002	240
sadness	1.82	244
sadomasochism	2.33	2
sadomasochistic	2.14	7
safari	4.1399999999999997	106
safe	3.41	7303
safecracker	3.48	7
safecracking	3.92	5
safeguard	2.21	48
safehouse	4.08	0
safekeeping	2.38	46
safely	2.27	566
safeness	1.77	1
safety	2.37	1649
safetypin	4.8499999999999996	0
safflower	4.74	2
saffron	4.4400000000000004	31
sag	3.27	41
saga	2.19	40
sage	4.54	89
sagebrush	4.6399999999999997	15
sagely	1.72	1
sagging	3.43	16
saggy	3.54	29
said	2.97	56531
sail	4.59	701
sailboat	4.8899999999999997	82
sailcloth	4.3899999999999997	2
sailed	3.34	186
sailfish	4.6500000000000004	2
sailing	4.17	480
sailor	4.8600000000000003	632
sailorman	4.1500000000000004	4
sailplane	4.25	0
saint	3.45	914
sainted	1.72	31
sainthood	2.0299999999999998	11
saintlike	2.25	0
saintliness	1.64	0
saintly	1.75	17
sake	2.74	3272
salacious	1.57	10
salad	4.97	868
salamander	4.7	8
salami	4.78	114
salaried	2.52	9
salary	3.69	548
sale	3.37	1295
sales	2.86	648
salesclerk	4.79	0
salesgirl	4.46	21
saleslady	4.6500000000000004	8
salesman	4.8099999999999996	532
salesmanship	2.36	11
salespeople	4.28	12
salesperson	4.38	17
salesroom	4.46	0
saleswoman	4.8	15
salient	2.04	13
saline	4.4800000000000004	175
saliva	4.8899999999999997	135
salivate	3.33	4
salivation	3.48	0
salmon	4.8099999999999996	334
salmonella	3.72	27
salon	4.7300000000000004	234
saloon	4.68	262
saloonkeeper	4.68	1
salsa	4.7	109
salt	4.8899999999999997	995
salted	4.03	29
saltier	3.27	5
saltine	4.38	10
saltiness	4	0
salting	3.24	10
saltshaker	4.96	6
saltwater	4.7699999999999996	31
salty	3.93	127
salutary	1.92	2
salutation	3.34	6
salutatory	2.25	0
salute	4.4800000000000004	370
salvage	3.21	210
salvageable	2.61	13
salvager	3.42	0
salvaging	2.71	14
salvation	2.0699999999999998	256
salve	4	29
samba	4.25	29
same	2.64	21276
sameness	2.31	8
sample	3.79	744
sampler	3.72	16
sampling	2.74	37
samurai	4.5	160
sanatorium	3.83	27
sanctification	2.12	0
sanctified	1.69	20
sanctifier	2.2999999999999998	0
sanctify	1.68	5
sanctimonious	1.28	42
sanctimoniously	1.42	0
sanctimoniousness	1.86	0
sanctimony	1.83	2
sanction	2.2999999999999998	43
sanctity	1.35	84
sanctuary	3.64	220
sanctum	2.85	33
sand	5	1035
sandal	4.68	11
sandalwood	4.71	13
sandbag	4.68	19
sandbank	4.83	2
sandbar	4.5999999999999996	3
sandblast	4.1500000000000004	0
sandblaster	4.47	1
sandbox	4.8600000000000003	54
sandcastle	4.96	4
sanded	3.24	14
sandfish	4.4000000000000004	0
sandiness	2.88	0
sanding	3.77	12
sandlot	4.47	11
sandman	2.65	124
sandpaper	4.8499999999999996	22
sandpiper	4.6100000000000003	8
sandpit	4.3600000000000003	0
sandstone	4.74	16
sandstorm	4.63	42
sandwich	4.9000000000000004	1118
sandworm	4.96	0
sandy	4.07	1186
sane	1.79	281
sanely	2.15	1
saneness	1.69	0
sang	3.03	419
sangria	4.45	8
sanitarily	2.2400000000000002	0
sanitarium	3.4	115
sanitary	2.93	44
sanitation	3.6	60
sanitize	3.14	7
sanitizer	4.12	1
sanity	1.85	139
sank	3.21	110
sanskrit	4.04	20
sap	4.37	178
sapless	3.22	0
sapling	4.5199999999999996	9
sapphire	4.76	61
sappiness	1.92	0
sapping	1.77	1
sappy	3.15	43
sarcasm	1.63	146
sarcastic	2.1800000000000002	133
sarcastically	1.64	11
sarcophagi	4.17	4
sarcophagus	4.4800000000000004	31
sardine	5	46
sardonically	2.2400000000000002	0
sarong	4.5	7
sash	4.67	58
sashay	3.08	10
sasquatch	3.9	0
sass	2.2599999999999998	47
sassafras	4.1900000000000004	32
sassy	2.14	164
sat	3.88	1459
satanic	2.36	69
satanically	2.08	0
satchel	4.7300000000000004	75
sate	2	4
satellite	4.7300000000000004	798
satiability	2.0699999999999998	0
satiable	1.67	0
satin	4.57	133
satinwood	4.4800000000000004	1
satire	1.96	33
satiric	1.93	2
satirical	2.46	9
satirically	1.54	0
satirist	3.31	5
satirize	1.96	1
satisfaction	1.9	355
satisfactorily	1.86	13
satisfactory	1.8	153
satisfied	2.0699999999999998	791
satisfier	1.79	0
satisfy	2.04	286
satisfying	2.27	129
satisfyingly	2.0699999999999998	0
saturate	3.48	10
saturated	3.17	43
saturation	2.72	28
saturday	3.07	2423
sauce	4.75	795
saucepan	4.67	8
saucer	4.79	140
saucily	2.11	1
sauciness	2.86	1
saucy	3.22	62
sauerkraut	4.54	51
sauna	4.68	69
sauntering	3.12	3
sausage	4.88	397
savage	2.71	365
savagely	2.37	17
savageness	2.79	0
savagery	1.73	14
savanna	4.32	3
savannah	4.33	77
savant	3.08	24
save	2.42	8278
saved	2.63	3558
saver	2.27	31
saving	2.36	1536
savings	3.32	384
savior	3.04	173
savor	2.48	48
savored	2.48	5
savory	2.36	11
savvy	2.0299999999999998	54
saw	4.46	20527
sawdust	4.93	30
sawed	4.1900000000000004	28
sawhorse	4.78	1
sawing	3.9	29
sawmill	4.74	21
sawmilling	3.64	0
sawtooth	4.26	11
sax	4.6399999999999997	64
saxophone	5	86
saxophonist	4.5199999999999996	6
say	2.58	83629
saying	2.58	14874
scab	4.71	32
scabbard	4.6500000000000004	11
scabbed	4.1900000000000004	1
scabbiness	3.17	0
scabby	3.69	18
scabies	4.24	1
scaffold	4.6900000000000004	28
scaffolding	4.83	12
scalability	2.35	0
scalable	2.5	2
scald	3.42	14
scalded	3.54	19
scalding	3.07	20
scale	4.3899999999999997	485
scaleable	2.7	0
scaled	3	17
scaleless	4.1500000000000004	0
scales	4.74	103
scaling	3.26	10
scallion	4.72	8
scallop	4.6100000000000003	9
scallywag	2.25	3
scalp	4.82	188
scalpel	4.8600000000000003	161
scalper	4	14
scalping	3.54	16
scaly	4.22	16
scam	2.64	313
scammer	3.56	0
scamp	3.25	90
scamper	3.42	13
scampi	3.69	20
scan	3.48	480
scandal	2.13	414
scandalize	1.96	1
scandalous	1.89	46
scandalously	1.91	0
scanner	4.79	150
scanning	3.1	119
scant	2.17	12
scantily	2.04	4
scantiness	1.86	0
scantly	2.12	0
scapegoat	2.52	56
scapula	4.08	14
scar	4.74	432
scarce	2.57	87
scarcely	1.83	70
scarceness	2.48	0
scarcity	2.0699999999999998	8
scare	2.96	1712
scarecrow	4.68	89
scared	2.5	6803
scarf	4.97	239
scarification	3.04	0
scarily	1.89	1
scariness	2.39	1
scarlet	4.04	167
scarred	3.54	67
scarring	2.82	47
scary	3	1336
scat	3.33	65
scathe	2	2
scathing	2.44	8
scathingly	1.73	7
scatter	3.55	124
scatterbrain	2	7
scatterbrained	2.19	3
scatterbrains	2.11	2
scattered	3.03	190
scattering	3.07	17
scavenge	2.69	10
scavenger	3.93	44
scavenging	3.04	10
scenario	2.62	319
scene	3.93	3807
scenery	3.38	193
scenic	3.07	53
scenically	2.21	0
scent	3.97	304
scented	3.17	46
scenting	2.92	4
scentless	3.1	0
schedule	3.48	1518
scheduler	3.19	1
schemata	2.96	0
schematic	3.21	58
schematically	2.15	0
schematization	1.74	0
scheme	2.41	370
schemer	2.33	9
scheming	2.2799999999999998	50
schilling	4.04	35
schizoid	2.08	7
schizophrenia	2.33	69
schizophrenic	2.96	117
schmooze	2.29	17
schmuck	2.4	234
schnapps	4.4800000000000004	37
schnauzer	4.42	10
scholar	3.5	186
scholarliness	1.82	0
scholarly	1.8	22
scholarship	2.96	507
scholastic	2.44	29
scholastically	1.58	2
scholasticism	2.3199999999999998	0
school	4.79	16989
schoolbag	4.66	6
schoolbook	4.9000000000000004	4
schoolboy	4.5	67
schoolchild	4.76	2
schooldays	3.14	1
schooled	2.62	25
schoolfellow	3.96	0
schoolgirl	4.66	96
schoolhouse	4.8600000000000003	57
schooling	3.07	73
schoolman	4.4800000000000004	0
schoolmaster	4.76	46
schoolmasterish	2.2599999999999998	0
schoolmate	4.6399999999999997	6
schoolmistress	4.1900000000000004	3
schoolroom	4.6399999999999997	16
schoolteacher	4.88	176
schoolwork	4.0999999999999996	49
schoolyard	4.6399999999999997	44
schooner	4.12	38
science	2.79	1900
scientific	2.4500000000000002	580
scientifically	2.0699999999999998	54
scientist	4.24	621
scientologist	2.93	2
scientology	1.96	15
scintillating	1.92	20
scion	4.07	12
scissor	4.9000000000000004	18
scissors	4.8499999999999996	341
sclerosis	3.68	13
scoff	3.15	21
scoffer	2.56	0
scoffing	2.54	6
scold	3.07	67
scolding	3.25	24
scoliosis	4.12	14
scone	4.8499999999999996	25
scoop	4.1500000000000004	289
scooped	3.39	45
scooper	4.07	12
scoopful	4.18	0
scooping	3.77	25
scoot	2.89	152
scooter	4.96	139
scope	3.74	286
scorch	4.08	24
scorched	3.93	38
scorcher	3.08	19
scorching	3.29	20
score	3.38	1552
scoreboard	4.9000000000000004	31
scorebook	4.3899999999999997	0
scorecard	4.6100000000000003	8
scored	3.17	293
scorekeeper	4.54	6
scorekeeping	3.38	2
scoreless	2.59	7
scorer	3.45	21
scoring	2.86	89
scorn	2.59	59
scorned	2.25	35
scornful	2.04	4
scornfully	1.83	5
scornfulness	1.76	0
scorpion	4.84	136
scotch	4.55	752
scoundrel	2.93	152
scour	3.42	31
scoured	3.08	18
scourge	2.31	67
scourging	2.27	0
scouring	3.16	23
scout	4	657
scouting	2.63	75
scoutmaster	4.24	11
scouts	4.1900000000000004	279
scowl	3.85	26
scowling	3.87	7
scrabble	4.47	96
scrabbled	2.86	1
scraggly	3.15	8
scram	3.04	179
scramble	3.31	123
scrambled	3.93	367
scrambler	3.07	28
scrambling	2.89	49
scrap	4.1500000000000004	223
scrapbook	4.76	61
scrape	4.1500000000000004	210
scraped	3.24	66
scraper	4.2300000000000004	5
scrapheap	4.3600000000000003	4
scraping	3.82	118
scrapped	2.79	27
scrapper	3.5	10
scrappily	1.92	0
scrapping	3.15	11
scrappy	2.2999999999999998	30
scratch	4.16	961
scratchboard	4.5199999999999996	0
scratcher	4.08	8
scratches	4.59	123
scratchiness	2.96	0
scratching	4.3	189
scratchproof	3	0
scratchy	2.69	49
scrawl	3.92	12
scrawniness	3.08	0
scrawny	3.14	80
scream	4.32	1347
screamer	3.5	52
screaming	3.96	1945
screech	3.77	318
screeching	3.71	130
screechy	3	1
screen	4.5999999999999996	1193
screened	2.84	41
screener	3.19	12
screening	3.11	173
screenplay	4.41	133
screensaver	4.62	0
screenshot	4.6500000000000004	0
screenwriter	4.28	28
screenwriting	3.78	8
screw	4.8099999999999996	1912
screwball	3.54	57
screwdriver	4.9000000000000004	128
screwed	2.57	1519
screwing	3.64	504
screwy	1.83	90
scribble	4.0999999999999996	32
scribbled	3.77	26
scribbler	3.7	7
scribbling	4.0999999999999996	30
scribe	4.04	13
scriber	4.16	0
scribing	3.2	1
scrimmage	3.04	40
scrimped	1.88	4
script	4.72	1000
scriptural	2.65	1
scripturally	2.04	1
scripture	3.86	69
scriptwriter	4.3899999999999997	2
scroll	4.1100000000000003	116
scrollbar	4.32	0
scrolled	2.96	0
scrooge	2.81	197
scrotal	3.18	2
scrotum	4.87	29
scrounge	3.08	45
scrounger	2.84	22
scrounging	2.7	21
scrub	3.86	318
scrubbed	3.78	78
scrubber	4.5199999999999996	13
scrubby	2.4	6
scrubwoman	4.12	1
scruff	3.15	12
scruffy	3.07	28
scrumptious	2.38	38
scrumptiously	2.04	0
scrumptiousness	2.23	0
scrunch	3.31	11
scruple	1.92	5
scrupulous	1.96	8
scrupulously	1.81	7
scrupulousness	1.64	0
scrutinize	1.85	11
scrutinizer	2.25	0
scrutiny	2.2599999999999998	58
scuba	4.2300000000000004	78
scuff	3.68	23
scuffed	3.62	11
scuffle	3.62	22
sculpt	3.57	19
sculptor	4.09	46
sculptress	4.2300000000000004	8
sculptural	3.08	4
sculpture	4.79	159
sculptured	3.93	3
sculpturing	3.48	0
scum	3.9	505
scumbag	3.76	281
scummy	2.35	12
scurry	3.67	40
scurvy	3.43	55
scuttle	3.35	41
scythe	4.29	16
sea	4.79	3052
seabed	4.33	4
seabird	4.8899999999999997	0
seaboard	3.68	61
seaborne	2.81	7
seacoast	4.2699999999999996	1
seafarer	3.71	3
seafaring	3.04	10
seafloor	4.6900000000000004	1
seafood	4.83	103
seafowl	4.62	0
seafront	4.45	3
seagoing	3.15	11
seagull	5	62
seahorse	4.8899999999999997	7
seal	4.63	752
sealable	2.79	0
sealant	4.08	12
sealed	3.38	497
sealer	4.17	10
sealing	3.34	46
sealskin	4.84	7
seam	4.5	33
seaman	4.42	86
seamanship	2.79	13
seamed	4.24	1
seaming	2.65	0
seamless	3.8	16
seamlessly	1.96	5
seamlessness	3.19	1
seamstress	4.43	27
seance	3.36	23
seaplane	4.75	11
seaport	4.57	8
sear	3.59	11
search	3	2467
searchable	2.65	0
searcher	3.93	17
searching	2.73	856
searchingly	1.93	0
searchlight	4.63	22
seared	3.82	11
searing	3.55	16
seascape	4.28	3
seashell	4.96	16
seashore	4.63	24
seasick	3.18	70
seasickness	3.37	7
seaside	4.46	33
season	3.32	1605
seasonable	2.2999999999999998	2
seasonably	2	0
seasonal	2.96	50
seasonality	2.2999999999999998	0
seasonally	2.17	2
seasoned	3.31	50
seasoning	4.67	27
seat	4.78	4018
seatbelt	4.79	47
seated	3.86	436
seating	4.29	109
seatwork	3.3	0
seawall	4.2699999999999996	2
seaward	2.27	6
seawater	4.41	23
seaweed	4.8899999999999997	88
seaworthiness	2.2999999999999998	0
seaworthy	2.52	10
secession	1.85	1
seclude	2.48	2
secluded	3.07	52
secluding	2.2400000000000002	0
seclusion	2.38	36
second	3.3	14513
secondarily	1.88	1
secondary	2.37	209
secondhand	2.75	54
secondly	2.13	152
secrecy	2	177
secret	2.19	5585
secretarial	2.66	16
secretariat	3.67	5
secretary	4.54	1694
secrete	4.04	11
secretion	3.52	13
secretive	2.25	68
secretively	2.64	1
secretiveness	1.7	2
secretly	2.0299999999999998	260
sect	3.52	37
sectarian	2.75	2
section	3.24	1394
sectional	3.81	14
sectionalism	1.92	0
sectionalize	2.3199999999999998	0
sector	3.41	360
sectored	2.62	0
secular	2.4300000000000002	25
secularism	2.12	0
secularist	2	1
secularity	1.64	0
secularly	1.96	0
securable	2.31	0
secure	2.69	1241
securely	2.86	29
securer	2.81	0
security	2.82	4810
sedan	4.72	90
sedate	2.96	64
sedately	2.08	1
sedateness	1.96	0
sedation	2.87	58
sedative	4.5599999999999996	130
sedentarily	2.12	0
sedentary	2.2200000000000002	9
sediment	4	21
sedimentary	2.87	4
sedimentation	3.8	2
seditiousness	1.52	0
seduce	2.1800000000000002	176
seducer	2.36	20
seducible	2.52	1
seducing	2.2200000000000002	49
seduction	2.21	50
seductive	2.48	38
seductively	2.37	7
seductiveness	2.17	2
seductress	3.11	5
see	3.21	130393
seeable	2.81	1
seed	4.71	386
seedbed	4.46	0
seedcase	4.46	0
seeded	3.21	7
seeder	3.96	0
seedily	2.11	0
seediness	2.04	1
seedless	4.21	10
seedling	4.5599999999999996	5
seedpod	4.74	2
seedy	2.58	37
seeing	3.48	5591
seek	2.68	934
seeker	3.44	47
seeking	2.74	288
seem	1.75	7131
seeming	1.46	51
seemingly	1.52	108
seemly	1.72	7
seen	2.96	19633
seep	3.08	9
seepage	3.65	17
seeped	3	5
seesaw	4.92	22
seethe	2.39	5
seething	2.23	23
segment	3.4	101
segmental	2.27	0
segmentation	3.32	1
segmented	3.14	1
segregate	2.54	7
segregation	2.65	43
segregationist	2.63	0
segregator	3.8	0
seismic	3.07	31
seismically	1.76	1
seismograph	4.54	3
seismographer	3.96	0
seismographic	2.52	2
seismography	2.36	0
seismological	2.41	1
seismologist	4.04	5
seismology	1.93	2
seismometer	4.6399999999999997	1
seizable	2.21	0
seize	3.97	246
seizing	2.86	48
seizure	3.79	190
seldom	1.38	167
select	2.48	180
selectable	3	0
selected	2.68	249
selectee	3.4	1
selection	2.34	232
selective	2.12	60
selectively	1.9	6
selectiveness	1.86	0
selectivity	1.81	3
selector	2.92	3
self	3.1	722
selfhood	1.76	0
selfish	1.92	811
selfishly	2.04	21
selfishness	1.97	40
selfless	1.61	93
selflessly	2	6
selflessness	1.43	15
sell	3.35	4705
sellable	1.88	2
seller	3.57	112
selling	2.89	1919
sellout	2.71	33
seltzer	4.2	42
semantic	1.82	4
semantically	1.58	0
semantics	1.7	39
semblance	2	22
semen	4.79	201
semester	3.07	354
semi	2.74	119
semiannual	2.52	2
semiannually	2.48	0
semiautomatic	3.54	21
semiautomatics	3.6	3
semicircle	4.21	3
semicircular	3.7	0
semicolon	4.62	8
semiconducting	2.92	0
semiconductor	4.28	1
semiconscious	2.72	2
semiconsciously	1.68	0
semidarkness	3.14	0
semidetached	2.81	0
semidried	2.67	0
semidrying	2.56	0
semifinal	2.93	14
semifinalist	3.52	0
semiformal	2.89	4
semimetal	2.33	0
semimonthly	2.59	0
seminal	2.15	19
seminar	3.48	217
seminarian	3.35	1
seminary	3.5	53
semiofficial	1.92	0
semiofficially	1.92	0
semiprecious	2.56	3
semiprivate	2.2999999999999998	2
semipro	2.12	5
semiprofessional	2.4300000000000002	0
semipublic	2.19	0
semiretirement	2.52	0
semirural	2.4300000000000002	0
semisecret	1.78	0
semiserious	2.04	2
semiseriously	1.96	0
semiskilled	1.56	1
semisoft	2.79	0
semisolid	3.69	1
semispherical	3.44	0
semisweet	3.21	1
semitism	2.08	0
semitransparent	3.15	0
semiweekly	2.46	0
senate	3.81	331
senator	4.59	1691
send	2.7	9169
sender	3.82	38
sending	2.87	1790
sendoff	2.78	16
senile	2.46	88
senior	2.97	1339
seniority	2.34	55
senorita	4.18	36
sensation	2.87	249
sensational	1.72	205
sensationalism	1.86	7
sensationalist	2.41	2
sensationalistic	1.89	2
sensationalize	1.83	2
sensationally	1.86	3
sensatory	1.77	0
sense	2.61	6722
sensed	2.31	145
senseless	1.69	131
senselessly	1.73	2
senselessness	1.58	1
sensibility	1.52	25
sensible	1.52	347
sensibleness	1.68	0
sensibly	1.36	12
sensitive	2.21	1149
sensitively	2.37	1
sensitiveness	1.82	0
sensitivity	1.77	148
sensitization	1.78	0
sensitize	2.0299999999999998	0
sensitizer	2.48	0
sensor	3.96	115
sensorial	1.48	1
sensory	2.5499999999999998	55
sensual	2.2599999999999998	77
sensualist	2.1	0
sensualistic	1.54	0
sensuality	2	35
sensually	2.59	3
sensuous	1.9	25
sensuously	2.31	1
sensuousness	2.04	2
sent	2.6	7038
sentence	3.57	1047
sentenced	2.2200000000000002	213
sentencing	2.79	70
sentiment	2.1	162
sentimental	1.68	359
sentimentalism	1.48	0
sentimentalist	2.17	13
sentimentality	1.73	24
sentimentalize	1.68	1
sentimentally	1.68	2
sentinel	3.67	27
sentry	4.04	70
separability	2.08	0
separable	2.63	1
separate	3.25	1107
separately	2.75	109
separateness	2.46	7
separates	3.26	78
separating	2.96	66
separation	2.96	248
separatism	1.68	0
separatist	2.44	8
separator	4.1900000000000004	5
sepia	3.86	3
september	3.81	561
septic	3.74	72
septum	4.4800000000000004	18
sequel	2.86	90
sequence	3.1	428
sequencer	3.48	11
sequencing	2.4300000000000002	17
sequential	2.35	10
sequentially	2.12	6
sequester	2.61	4
sequestered	2.2999999999999998	25
sequestration	2.5	1
sequin	4.24	7
sequined	4.1900000000000004	14
serenade	3.5	58
serendipitous	1.42	8
serendipity	1.62	29
serene	2.0699999999999998	63
serenely	2.39	7
sereneness	1.83	0
serenity	1.62	91
serf	3.46	9
sergeant	4.7	3210
serial	2.44	577
serialization	2.0699999999999998	1
serially	2.08	1
series	2.92	1028
serious	2.1	7566
seriously	2	3270
seriousness	1.5	64
sermon	3.34	139
sermonize	2.13	0
serotonin	3.69	16
serpent	4.97	99
serpentine	3.5	12
serrate	3	0
serrated	4.04	12
serration	3.33	2
serum	4.2699999999999996	191
servable	2.15	0
servant	4.6399999999999997	619
serve	3.78	1935
server	4.55	200
service	2.21	4076
serviceability	1.89	0
serviceable	1.62	12
serviceableness	2.08	0
serviceably	2	0
serviceman	4.57	8
servicer	3.41	0
servicewoman	4.4800000000000004	0
serving	3.32	596
servitude	2.3199999999999998	34
sesame	4.5	78
session	2.58	678
sessions	3.66	235
set	3.41	11805
setback	1.97	78
setoff	2.46	0
setting	2.96	1099
settle	2.31	2143
settled	2.61	991
settlement	3.07	322
settler	4.1100000000000003	4
settling	2.2599999999999998	210
setup	3.5	440
seven	3.72	5327
sevenfold	2.62	0
seventeen	3.19	296
seventeenth	3.68	19
seventh	3.9	497
seventieth	3.62	2
seventy	3.36	105
seventyfold	1.96	0
sever	4	80
severable	2.76	0
several	3	1978
severance	2.68	56
severe	2.4300000000000002	480
severely	1.76	154
severity	1.76	30
sew	3.93	280
sewage	4.5199999999999996	60
sewer	4.46	240
sewing	4.4000000000000004	198
sewingmachine	4.78	0
sewn	3.85	66
sex	4.0999999999999996	7761
sexed	2.58	6
sexiness	2.54	5
sexism	1.61	9
sexist	1.83	89
sexless	1.97	13
sexologist	3.42	0
sexology	2.37	1
sexploitation	2.42	1
sextant	4.3	8
sextet	3.81	6
sexting	3.46	0
sextuple	3.64	0
sextuplet	4.5199999999999996	1
sexual	2.5	1693
sexuality	2.61	158
sexualize	2.37	0
sexually	2.33	442
sexy	2.64	1529
shabbily	2.33	4
shabbiness	2.12	0
shabby	2.81	87
shack	4.93	288
shackle	4.34	16
shackling	3.26	1
shade	3.38	304
shaded	3.5	8
shadily	1.71	0
shadiness	2.4500000000000002	0
shading	3.33	16
shadow	4.54	1080
shadowbox	3.96	0
shadowboxing	3.59	2
shadowed	2.97	29
shadowiness	2.44	0
shadowing	2.96	25
shadowlike	2.29	0
shadowy	2.92	86
shady	2.96	120
shaft	4.71	393
shafted	3.23	10
shag	3.15	97
shagged	2.61	13
shaggily	2.38	0
shagginess	3.47	0
shaggy	3.23	78
shakable	3.48	0
shake	4.07	2021
shakedown	2.73	46
shaken	3.26	169
shaker	4.1100000000000003	81
shakers	4.3600000000000003	32
shakeup	2.78	3
shakily	2.69	1
shakiness	3.32	0
shaking	4.2699999999999996	657
shaky	3.4	151
shale	3.84	9
shall	2.33	9441
shallot	4.59	2
shallow	3.45	301
shallowly	2	0
shallowness	2.27	5
shallows	3.33	20
shalom	2.17	74
sham	3.07	77
shaman	4.08	128
shamanism	2.15	7
shamble	2.6	2
shame	2.2400000000000002	2120
shamed	2.1800000000000002	44
shamefaced	2.85	0
shameful	1.71	98
shamefully	1.56	14
shamefulness	1.54	0
shameless	1.89	97
shamelessly	2.2400000000000002	20
shamelessness	1.48	1
shampoo	4.68	215
shampooer	4.37	0
shamrock	4.8899999999999997	14
shanghai	3.68	252
shank	4.18	69
shanty	3.97	23
shantytown	4.1500000000000004	4
shape	3.14	1542
shaped	2.56	181
shapeless	2.46	5
shapelessly	2.52	0
shapelessness	2.12	0
shapeliness	2.78	0
shapely	2.74	18
shaping	2.62	53
sharable	2.36	0
shard	4.21	37
share	2.96	3545
shareable	1.93	0
sharecrop	3.81	0
sharecropper	3.88	5
shareholder	3.72	27
shareowner	3.13	0
sharer	3.25	2
shares	2.66	324
shark	4.93	764
sharkskin	4.7699999999999996	3
sharp	3.86	1213
sharpen	3.72	57
sharpener	4.6399999999999997	17
sharper	3.29	65
sharpie	4.6900000000000004	7
sharply	2.38	29
sharpness	2.69	12
sharps	3.64	19
sharpshooter	4.59	27
sharpshooting	3.43	4
shatter	3.96	72
shattering	3.43	39
shatteringly	1.95	0
shatterproof	3.17	7
shave	4.2300000000000004	702
shaved	4.3	227
shaven	3.71	10
shaver	4.3499999999999996	24
shaving	4.63	298
shavings	4.5	21
shawl	5	70
she	3.36	190377
shear	3.37	21
shearer	3.89	7
shearing	3.15	10
shears	4.6100000000000003	48
sheath	4.4800000000000004	25
sheathe	3.84	5
sheathed	3.04	5
sheathing	3.36	2
shed	4.55	560
shedder	3.75	1
shedding	3.96	25
sheen	3.64	48
sheep	4.9000000000000004	685
sheepdog	4.72	27
sheepherder	4.79	11
sheepherding	3.87	0
sheepish	2.36	5
sheepishly	1.96	3
sheepishness	1.72	0
sheepshearer	4.5199999999999996	0
sheepskin	4.78	14
sheer	3.35	233
sheered	3.04	3
sheering	2.91	0
sheerness	2.7	0
sheet	4.93	592
sheeted	3.46	2
sheetrock	4.8600000000000003	16
sheik	4.5999999999999996	77
shelf	4.96	355
shell	4.8	674
shellac	4.07	5
shelled	3.97	39
shellfish	4.53	50
shelling	3.17	74
shellshock	2.83	0
shelter	4.6399999999999997	595
sheltered	3.62	53
shelve	4.41	10
shelving	4.67	12
shemale	4	0
shenanigan	2.36	3
shepherd	4.67	379
shepherdess	4.3600000000000003	6
sherbet	4.83	29
sheriff	4.5	3115
sherry	4.32	705
shield	4.66	418
shielded	3.26	26
shielding	3	42
shift	2.81	1164
shifter	3.68	15
shiftily	1.91	0
shiftiness	2.2599999999999998	0
shifting	2.86	89
shiftless	2.27	17
shiftlessness	2.11	0
shifty	1.91	37
shilling	4.46	75
shimmer	3.28	28
shimmering	2.76	32
shimmery	3.24	4
shimmy	3.81	59
shin	4.8600000000000003	157
shinbone	4.8	15
shindig	3.52	69
shine	3.85	1053
shiner	3.79	38
shingle	4.82	38
shingled	4.05	1
shingles	4.47	33
shininess	3.25	0
shining	3.39	501
shiningly	2.21	0
shiny	3.33	398
ship	4.87	5043
shipboard	3.93	11
shipbuilder	4.62	2
shipbuilding	4.63	5
shipload	4.1900000000000004	3
shipman	3.92	6
shipmaster	4.33	0
shipmate	4.5199999999999996	17
shipment	4.4800000000000004	322
shippable	2.46	0
shipped	2.62	214
shipper	3.93	6
shipping	3.59	322
shipshape	2.76	30
shipwreck	4.3	27
shipyard	4.79	43
shirt	4.9400000000000004	2365
shirtdress	4.6900000000000004	0
shirtfront	4.43	1
shirtless	4.43	14
shirtsleeve	4.6399999999999997	1
shirttail	4.78	15
shit	4.33	24207
shitfaced	2.97	21
shithead	2.2599999999999998	171
shitload	2.96	80
shitty	2.58	371
shiver	3.88	78
shivering	3.54	82
shock	4	1468
shocker	2.71	48
shocking	2.46	315
shockingly	1.52	27
shockproof	2.85	1
shockwave	3.78	12
shoddily	2.17	0
shoddiness	2.67	0
shoddy	2.87	37
shoe	4.97	1550
shoebox	4.8499999999999996	0
shoehorn	4.57	13
shoeing	2.91	10
shoelace	5	38
shoeless	4.28	25
shoemaker	4.54	30
shoemaking	3.48	0
shoeshine	4.21	36
shoestring	4.87	13
shogun	3.92	34
shone	3.14	30
shook	3.72	303
shoot	3.97	8412
shooter	4.1399999999999997	499
shooting	3.85	2871
shootout	3.93	53
shop	4.3099999999999996	2731
shopaholic	2.72	0
shopkeeper	4.43	20
shopkeeping	3.18	0
shoplift	3.59	17
shoplifter	4.32	25
shoplifting	3.33	78
shopper	4.4400000000000004	33
shopping	3.44	1530
shoptalk	2.89	6
shore	4.79	1013
shorebird	4.37	0
shorefront	4.41	0
shoreline	4.87	28
shorn	3.12	13
short	3.61	4367
shortage	2.46	134
shortbread	4.5599999999999996	10
shortcake	4.41	26
shortchange	2.77	3
shortcoming	2.17	5
shortcut	3.2	201
shorten	3.11	52
shortening	4.04	17
shorter	3.54	300
shortfall	2.2200000000000002	4
shorthand	3.57	51
shorthanded	2.56	26
shortie	3.15	11
shortlist	3.13	1
shortlived	2.04	0
shortly	2.31	513
shortness	3.14	43
shorts	4.82	480
shortsighted	2.2799999999999998	18
shortsightedly	2.2200000000000002	0
shortsightedness	2.31	2
shortstop	4.2300000000000004	41
shortwave	2.85	20
shorty	2.88	349
shot	4.4400000000000004	11599
shotgun	4.96	512
should	1.53	54159
shoulder	4.93	1336
shouldered	2.42	5
shouldering	2.77	6
shout	4.17	839
shouter	3.62	2
shouting	3.97	744
shove	4.04	674
shovel	4.97	349
shovelful	3.92	4
show	3.97	24906
showbiz	3.48	25
showboat	3.67	20
showboating	2.83	12
showbusiness	3.25	0
showcase	3.39	31
showcasing	3.62	4
showdown	3.21	64
shower	4.8899999999999997	2097
showerhead	4.93	9
showery	2	0
showgirl	4.4400000000000004	46
showily	2.46	0
showiness	1.84	0
showing	3.06	1587
showman	3.7	17
showmanship	2.42	14
shown	2.78	723
showoff	2.71	20
showpiece	3.83	4
showplace	4.07	2
showroom	4.54	32
showstopper	3	11
showy	2.4300000000000002	15
shrank	2.89	19
shrapnel	4.57	113
shred	4.38	150
shredder	4.59	17
shredding	3.69	32
shrew	4.07	42
shrewd	1.92	72
shrewdly	1.97	6
shrewdness	1.64	2
shrewish	2.04	1
shrewmouse	4	0
shriek	3.97	32
shrill	2.8	24
shrillness	2.08	0
shrimp	4.8	444
shrimplike	2.96	0
shrine	4.47	151
shrink	3.55	577
shrinkable	2.79	0
shrinkage	3.31	12
shrinking	3.2	81
shrivel	3.57	20
shroud	4.34	52
shrouded	3.35	17
shrouding	3.12	0
shrub	4.92	14
shrubbery	4.8899999999999997	18
shrubs	4.6399999999999997	16
shrug	4.21	20
shrunk	3.12	79
shrunken	2.93	29
shuck	3.09	13
shucking	3.85	5
shucks	1.91	87
shudder	3.41	57
shuffle	3.83	150
shuffleboard	4.74	20
shuffler	3.92	1
shuffling	3.25	29
shun	2.58	26
shunt	3.5	48
shush	3.52	135
shut	3.38	13455
shutdown	3.85	75
shuteye	3.42	28
shutoff	3.57	6
shutout	2.9	12
shutter	4.38	74
shutterbug	2.96	4
shuttered	3.82	2
shuttering	2.82	1
shutting	3.61	220
shuttle	4.63	282
shy	2.52	937
shyly	2.17	8
shyness	2	29
siamese	3.86	76
siberian	3.33	39
sibling	4.37	49
sick	2.97	8437
sickbed	3.63	5
sicken	2.74	19
sickening	2.3199999999999998	46
sickeningly	2.04	0
sicker	2.33	62
sickish	2.14	0
sickle	4.88	28
sickliness	2.5	0
sickly	2.6	39
sickness	3.45	405
sickroom	4.12	9
side	3.68	10247
sidearm	4.5599999999999996	23
sidebar	3.21	47
sideboard	4.42	13
sideburn	4.75	4
sideburns	4.96	59
sidecar	4.82	30
sided	2.83	10
sidekick	3.24	137
sideline	3.93	31
sides	3.82	827
sidesaddle	4.12	5
sideshow	4.03	56
sidespin	3.27	0
sidesplitting	2.57	1
sidestep	4.1500000000000004	3
sidestroke	3.59	2
sideswipe	3.57	2
sidetrack	2.08	3
sidewalk	4.96	279
sidewall	4.91	3
sideward	3.04	0
sideway	2.78	1
sideways	3.53	140
sidewinder	3.43	41
siding	4.6399999999999997	68
siege	3.18	118
sierra	3.42	112
siesta	3.89	25
sieve	4.59	27
sift	3.79	38
sifted	3.07	9
sifter	4.6399999999999997	5
sifting	3.07	35
sigh	3.89	173
sighing	3.41	106
sight	3.21	2311
sighted	2.9	108
sighting	3.14	79
sightless	2.5499999999999998	7
sightlessly	2.12	0
sightlessness	2.97	0
sightline	2.92	0
sightsee	2.82	6
sightseeing	3.11	75
sightseer	4.21	1
sigma	2.76	38
sign	4.62	6797
signage	3.85	17
signal	3.86	1926
signaler	3.76	0
signalman	4.33	9
signatory	2.65	5
signature	4.43	622
signboard	4.62	4
signee	3.76	0
signer	3.66	5
significance	1.68	178
significant	1.67	331
significantly	1.89	43
signification	2.1	0
signifier	2.42	1
signify	1.73	32
signpost	4.63	16
silence	3.33	1294
silenced	2.41	43
silencer	4.1900000000000004	47
silent	3.67	1173
silently	3	77
silhouette	4.57	29
silica	4.22	10
silicon	4.68	87
silicone	4.33	40
silk	4.7	499
silken	2.8	21
silkily	2.29	0
silkiness	2.93	0
silkweed	4.1900000000000004	0
silkworm	4.62	3
silky	4.12	40
sill	4.59	23
silliness	2.75	21
silly	2.2000000000000002	2912
silo	4.3	48
silt	4.71	17
silver	4.5199999999999996	1619
silverback	4	10
silverfish	4.7699999999999996	4
silvering	3.05	0
silverplate	4.8099999999999996	0
silversmith	4.38	3
silvertip	3.56	0
silverware	4.66	109
silverwork	3.52	0
silvery	3.04	25
similar	2.46	695
similarity	1.9	36
similarly	2.83	33
simile	2.04	13
simmer	3.88	87
simmering	3.1	11
simple	1.62	4555
simpleminded	1.38	10
simpler	1.96	194
simpleton	3.12	31
simplex	1.78	0
simplicity	1.96	69
simplification	1.86	1
simplified	2.21	11
simplifier	1.92	0
simplify	1.89	46
simplistic	1.93	21
simply	1.83	2362
simulant	2.61	0
simulate	2.31	59
simulated	2.3199999999999998	48
simulation	3.03	115
simulator	3.89	40
simulcast	3.22	0
simultaneous	2.25	29
simultaneously	2.4700000000000002	119
simultaneousness	2.16	0
sin	1.85	813
since	1.38	16064
sincere	1.81	305
sincerely	1.37	249
sincerity	1.97	102
sinful	1.87	87
sinfully	1.93	6
sinfulness	1.43	0
sing	4.34	4977
singe	3.92	13
singed	3.68	36
singer	4.62	800
singing	4.2	2281
single	3.27	3676
singled	2.21	36
singlehanded	2.74	0
singlehandedly	2.5	2
singlehood	2.17	0
singleness	2.48	2
singles	3.9	142
singlet	3.67	0
singly	1.95	9
singsong	2.81	9
singular	2.21	65
singularity	2.08	65
singularize	1.93	0
singularly	1.79	17
sinister	2.38	111
sinisterly	1.75	0
sink	4.74	863
sinkable	2.86	0
sinker	3.85	28
sinkhole	4.4800000000000004	16
sinking	3	252
sinless	1.54	1
sinner	3.07	126
sinuous	2.56	0
sinus	4.2699999999999996	89
sip	4.17	260
siphon	3.68	14
sipper	3.27	1
sir	3.1	49188
siren	4.45	334
sirloin	4.66	31
sis	3.75	400
sissy	2.63	372
sister	4	9207
sisterhood	2.5299999999999998	32
sisterly	2.44	13
sit	4.8	15879
sitcom	3.83	78
site	4.5599999999999996	980
sitemap	4.46	0
sitter	3.89	80
sitting	3.76	4814
situate	1.96	5
situated	2.15	42
situation	2.0299999999999998	4207
situational	2.0299999999999998	7
six	3.43	10176
sixfold	3.81	0
sixpence	4.45	30
sixteen	3.88	418
sixteenth	3.12	39
sixth	3.83	551
sixties	2.93	49
sixtieth	3.27	4
sixty	3.56	277
sixtyfold	3.27	0
sizable	2.7	26
sizably	2.44	0
size	3.13	2353
sizeable	2.7	16
sized	2.59	32
sizes	3.62	154
sizing	2.54	23
sizzle	3.48	32
sizzling	3.7	44
skanky	2.42	0
skate	4.5599999999999996	301
skateboard	4.8600000000000003	85
skateboarder	4.82	9
skater	4.6500000000000004	97
skating	4.75	251
skedaddle	3.04	28
skeet	4.2300000000000004	26
skeletal	3.67	24
skeleton	4.97	261
skeptic	2.31	25
skeptical	1.7	75
skeptically	1.69	1
skepticism	2.14	36
sketch	4.5599999999999996	252
sketchbook	4.79	10
sketcher	3.81	1
sketchily	2.0699999999999998	0
sketchiness	1.44	0
sketching	3.84	28
sketchpad	4.8600000000000003	1
sketchy	1.96	63
skew	2.68	7
skewed	2.46	13
skewer	4.46	21
ski	4.63	413
skid	4.07	111
skidded	3.38	23
skidding	3.41	10
skied	3.46	14
skier	4.32	24
skies	4.83	382
skiing	4.42	212
skill	2.17	404
skilled	1.96	121
skillet	4.7300000000000004	62
skillful	1.93	40
skillfully	1.83	14
skillfulness	2.14	0
skim	3.76	43
skimmed	3.19	20
skimmer	3.39	7
skimming	3.32	48
skimp	2.31	13
skimpily	2.0699999999999998	0
skimpiness	2.04	0
skimpy	2.74	25
skin	4.79	2246
skincare	3.39	1
skinhead	4.04	15
skinless	3.81	11
skinned	3.92	69
skinniness	3.17	0
skinning	3.82	17
skinny	3.57	713
skintight	4.1399999999999997	8
skip	4.07	1076
skipper	4.3899999999999997	523
skipping	4.1399999999999997	165
skirmish	2.69	28
skirmisher	3.25	0
skirmishing	3.32	3
skirt	4.82	508
skirted	2.88	1
skirting	3.5	5
skit	3.86	42
skittish	2.11	32
skittishly	1.8	0
skittishness	2.2000000000000002	0
skittle	4.12	1
skittles	4.93	27
skulk	2.58	15
skull	4.83	750
skullcap	4.54	5
skunk	4.88	166
sky	4.45	2285
skydive	4.21	11
skydiver	4.78	4
skylark	4.5199999999999996	14
skylight	4.79	43
skyline	4.43	34
skype	4.04	0
skyrocket	3.73	17
skyscraper	4.76	40
skyscraping	3.32	0
skywalk	4.09	0
skyward	2.9	6
skywards	2.67	0
skywriting	4.5599999999999996	7
slab	4.29	94
slack	3.15	302
slacked	2.59	1
slacken	2.5	5
slacker	2.41	39
slacking	2.36	39
slackly	1.74	0
slackness	2.31	2
slacks	4.57	56
slain	3.43	92
slam	4	296
slammer	3.46	63
slander	2.33	64
slanderer	2.78	1
slandering	2.52	11
slanderous	1.93	12
slanderously	2.17	0
slang	2.48	71
slant	3.08	58
slanting	3.2	8
slap	4.72	636
slapper	3.23	5
slapping	4.03	88
slapstick	2.93	12
slash	3.52	122
slashed	4.18	77
slashing	3.64	33
slat	4.04	4
slate	4.58	165
slather	3.69	7
slaughter	3.68	278
slaughterer	3.7	2
slaughterhouse	4.83	64
slave	4.38	940
slaved	2.36	29
slaveholder	4.1399999999999997	2
slaver	3.54	14
slavery	3.11	207
slaving	2.29	33
slavishly	2	2
slavishness	1.95	0
slaw	4.6399999999999997	17
slay	3.1	109
slayer	3.89	144
slaying	3.93	47
sleaze	2.41	39
sleazebag	3.18	13
sleaziness	2.23	0
sleazy	2.48	111
sled	5	149
sledded	3.44	0
sledding	4.07	20
sledge	4.1100000000000003	24
sledgehammer	4.8899999999999997	45
sledging	2.77	0
sleek	3	43
sleeker	3.12	3
sleekly	2.08	0
sleekness	2.88	0
sleep	4.4400000000000004	11625
sleeper	3.4	105
sleepily	2.44	2
sleepiness	2.85	3
sleeping	4.2300000000000004	3027
sleepless	2.68	69
sleeplessly	2.69	0
sleeplessness	2.77	4
sleeplike	2.08	0
sleepover	3.39	74
sleepwalk	3.3	13
sleepwalker	4.38	11
sleepwalking	3.78	32
sleepwear	4.8899999999999997	1
sleepy	2.77	437
sleepyhead	3.39	27
sleet	4.78	33
sleeting	3.71	0
sleeve	4.84	286
sleeved	3.78	0
sleeveless	4.5999999999999996	5
sleigh	4.71	167
sleight	2.68	25
slender	3.56	38
slenderness	2.84	0
slept	3.19	1810
sleuth	3.07	10
slew	2.52	67
slice	3.85	435
sliceable	2.9	0
sliced	4.3099999999999996	109
slicer	4.72	6
slicing	3.56	51
slick	3.69	350
slicken	3.16	0
slicker	3.38	42
slickly	2.4500000000000002	0
slickness	2.48	0
slid	3.62	94
slide	4.4800000000000004	909
slider	3.68	20
slideshow	4.53	3
sliding	3.64	191
slight	1.9	519
slighted	2.1800000000000002	10
slighting	1.72	0
slightly	1.79	576
slightness	2.11	1
slim	3.93	605
slime	4.4800000000000004	141
slimly	2.35	0
slimness	3.11	0
slimy	3.26	159
sling	4.5199999999999996	117
slinging	3.59	40
slingshot	4.87	71
slinkiness	2.54	0
slinking	2.65	9
slinky	3.71	49
slip	4.0999999999999996	1320
slipcover	4.6900000000000004	2
slipknot	4.68	7
slippage	2.86	6
slipped	3.66	848
slipper	4.8600000000000003	113
slipperiness	2.93	0
slippery	3.94	225
slipping	4.0999999999999996	303
slipstream	2.71	144
slipup	2.21	8
slit	3.68	194
slither	3.54	11
slithering	3.31	12
slithers	3.11	7
slithery	2.38	6
slitting	2.95	13
sliver	3.88	23
slob	3.22	182
slobber	4.33	22
slobbers	3.25	1
slobbery	3.27	5
slogan	3.03	127
slop	3.44	94
slope	4.07	150
sloped	3.79	3
sloping	3.59	18
slopped	3.07	7
sloppily	2.48	3
sloppiness	2.97	7
sloppy	2.44	300
slosh	2.84	6
slot	4.45	280
sloth	4.83	74
slothful	2.15	3
slothfully	2.68	0
slothfulness	2.15	2
slotmachine	4.88	0
slotted	3.41	5
slotting	3	0
slouch	3.56	32
slouching	4.26	13
slouchy	3.29	1
slovenly	2.39	3
slow	3.28	3877
slowdown	2.5	15
slowly	3.1	1279
slowness	2.62	4
slowpoke	3.3	18
slows	2.67	60
sludge	4.2300000000000004	24
sludgy	2.5	0
slug	4.6399999999999997	253
slugfest	2.92	3
sluggardly	2.2400000000000002	0
slugged	3.44	60
slugger	3.15	56
slugging	3.37	30
sluggish	2.93	40
sluggishly	2.2599999999999998	0
sluggishness	2	0
slum	4.03	65
slumber	3.32	140
slumbering	3.38	4
slumberous	1.92	1
slumlord	3.69	9
slumming	2.36	53
slummy	2.17	2
slump	3.32	61
slung	2.92	16
slur	3.31	24
slurp	3.83	22
slurry	2.76	2
slush	4.04	28
slushiness	2.58	0
slushy	3.7	3
slut	3.19	579
sluttish	2.59	0
slutty	2.31	109
sly	2.0299999999999998	136
slyly	2.2599999999999998	1
slyness	1.9	0
smack	4.67	485
smacking	3.86	44
small	3.22	6373
smaller	2.46	680
smallish	2.68	14
smallness	2.2000000000000002	2
smallpox	4.25	75
smalltime	1.92	9
smart	1.75	4909
smartass	2.72	36
smartcard	4.46	0
smarten	1.8	29
smarting	2.54	2
smartly	2.3199999999999998	8
smartness	2	5
smartphone	4.57	0
smash	3.79	421
smasher	3.62	6
smashing	3.86	169
smashingly	1.9	2
smashup	3.48	6
smear	3.66	111
smeared	3.52	58
smell	3.7	4240
smelled	3.03	404
smeller	3.88	3
smelliness	3.38	0
smelling	3.58	253
smelly	3.07	211
smelt	3.93	52
smelting	3.5	9
smidge	2.21	17
smidgen	3	21
smile	4.5	2958
smiley	3.93	109
smiling	3.88	877
smilingly	2.67	5
smirk	4.32	41
smirking	3.39	19
smite	2.31	29
smith	3.81	1856
smithereens	2.64	28
smiting	3.12	4
smitten	1.59	62
smock	4.78	25
smog	4.1399999999999997	55
smoke	4.96	3337
smoked	3.65	357
smokehouse	4.32	18
smokeless	3	4
smoker	4.59	116
smokescreen	3.77	8
smokestack	4.7300000000000004	9
smokiness	3.69	0
smoking	4.32	1334
smoky	4.04	34
smolder	3.52	0
smooch	4.21	24
smooches	4.08	1
smooth	3.81	932
smoother	3	49
smoothie	4.62	37
smoothing	3.14	8
smoothly	2.64	139
smoothness	3.87	6
smorgasbord	3.48	35
smother	3.1	60
smothered	2.93	67
smothering	2.54	21
smudge	4.5	51
smudged	3.75	24
smudginess	2.52	0
smudgy	3.26	1
smug	1.83	122
smuggle	3	102
smuggler	4.3099999999999996	62
smuggling	3.3	154
smugly	1.88	4
smugness	1.96	9
smut	3.14	70
smuttiness	2.21	0
smutty	2.75	11
snack	4.3600000000000003	466
snag	3.62	97
snagged	3.71	56
snaggletooth	4.2	4
snail	4.93	90
snails	4.82	113
snake	5	1140
snakebite	4.7	16
snakefish	4.3600000000000003	0
snakehead	4.72	16
snakelike	2.89	1
snakeskin	4.72	35
snaking	2.87	6
snaky	2.44	2
snap	4.0999999999999996	887
snapback	3.18	0
snapdragon	4.32	1
snapped	3.67	251
snapper	4.5199999999999996	34
snappily	1.93	0
snappiness	2	0
snapping	3.32	86
snappishly	1.92	0
snappishness	1.86	1
snappy	2.65	150
snaps	3.64	144
snapshot	4.68	53
snare	3.9	39
snarky	1.67	12
snarl	4	27
snarly	2.33	3
snatch	3.86	199
snatched	3	153
snatcher	3.6	24
snatching	3.38	46
snazzy	1.77	31
sneak	2.82	861
sneaker	4.6900000000000004	35
sneakiness	2	2
sneaking	2.7	404
sneaky	1.97	216
sneer	3.65	38
sneering	3.07	7
sneeringly	1.77	0
sneeze	4.03	150
sneezer	3.88	2
sneezing	4.3600000000000003	56
snicker	3.89	15
snickering	3.41	19
snide	2.04	28
sniff	4.17	181
sniffer	3.65	17
sniffing	4.1399999999999997	174
sniffle	3.79	13
sniffy	2.44	16
snip	3.68	108
snipe	3.37	18
sniper	4.55	222
snippet	3.3	5
snippety	2.09	2
snipping	3	3
snippy	2.68	47
snitch	3.85	161
snitcher	2.73	2
snivel	2.77	5
sniveled	2.48	0
sniveling	2.36	53
snob	2.7	111
snobbery	1.74	10
snobbish	2.1800000000000002	16
snobbishly	2.19	0
snobbishness	1.97	0
snobby	1.81	12
snoop	3	127
snooper	3.12	3
snoopy	2.93	52
snootily	1.78	0
snootiness	1.96	0
snooty	2.42	32
snooze	3.31	46
snoozer	3.23	2
snore	4.3899999999999997	82
snorer	4.2300000000000004	1
snoring	4.18	147
snorkel	4.5599999999999996	31
snorkeler	4.53	2
snort	4.18	59
snorter	2.85	0
snorting	3.89	47
snot	4.4800000000000004	108
snotty	2.39	65
snout	4.8899999999999997	43
snouty	2.41	0
snow	4.8499999999999996	1599
snowball	4.93	71
snowbird	4.67	1
snowboard	4.8600000000000003	40
snowboarder	4.6100000000000003	22
snowboarding	4.43	107
snowbound	3.42	7
snowcap	4.4800000000000004	1
snowdrift	4.78	9
snowdrop	4.5	1
snowfall	4.66	20
snowfield	4.26	3
snowflake	4.76	60
snowiness	3.74	0
snowless	3.65	0
snowline	4.12	0
snowman	4.6399999999999997	97
snowmobile	4.8099999999999996	15
snowpack	4.2699999999999996	0
snowplow	4.97	20
snowshoe	4.67	2
snowshoeing	4.07	6
snowstorm	4.8600000000000003	44
snowsuit	5	6
snowy	4.25	54
snub	2.41	20
snubbed	2.33	17
snubbing	2.25	6
snuck	3	236
snuff	4.04	102
snuffbox	4.54	3
snuffing	2.31	1
snuffle	2.82	0
snug	2.54	73
snuggle	3.52	66
snugly	2.88	6
snugness	2.96	0
so	1.42	216452
soak	4.21	176
soaked	3.58	159
soaker	3.79	1
soaking	3.92	140
soap	4.93	775
soapbox	3.96	24
soapiness	3.21	0
soapsuds	4.8	0
soapy	4.41	25
soar	3.67	78
soaring	3.71	53
sob	3.79	77
sobbing	3.26	262
sobbingly	2.38	1
sober	2.86	515
sobering	1.79	19
soberly	2.2799999999999998	8
soberness	2	1
sobriety	2.52	33
soccer	4.76	640
sociability	1.76	2
sociable	2.0299999999999998	51
sociably	2.2999999999999998	1
social	2.27	1703
socialism	2.21	29
socialist	3.19	65
socialistic	1.96	3
socialite	3.93	22
sociality	1.71	0
socialization	1.79	10
socialize	2.41	49
socializer	3.24	0
socially	1.85	148
societal	2.2000000000000002	8
society	2.54	1679
sociocultural	1.68	0
socioeconomic	2.31	8
sociologic	1.76	0
sociological	1.55	14
sociologically	1.59	6
sociologist	3.96	7
sociology	1.79	22
sociopath	2.5	51
sociopathic	2.58	14
sociopolitical	1.55	1
sock	4.91	458
socket	4.32	82
sockless	4.1100000000000003	1
sod	4.62	94
soda	4.97	1012
sodium	4.21	126
sodomize	3.19	4
sodomy	3.64	19
sofa	4.9000000000000004	299
soft	3.88	1633
softball	4.8899999999999997	115
softcover	4.16	2
soften	2.57	76
softener	3.38	23
softening	2.96	23
softheaded	1.96	3
softhearted	2.19	11
softie	1.96	16
softly	3.07	241
softness	3.1	24
software	4.08	430
softwood	3.92	1
softy	2.38	21
sogginess	3.57	0
soggy	3.28	50
soil	4.87	397
soiled	3.52	46
soiling	3	13
soilless	3.09	0
sojourner	2.6	3
solace	2.04	78
solar	4	236
solarium	4.04	22
sold	2.96	2655
soldering	3.83	20
soldier	4.72	1985
soldiering	2.42	23
soldierly	2.46	5
sole	4.1100000000000003	268
solely	1.75	89
solemn	1.52	112
solemnity	1.88	3
solemnly	1.79	89
soles	4.17	47
solicit	2.83	31
solicitation	2.96	45
solicited	2.64	18
soliciting	2.27	53
solicitor	3.92	45
solid	4.42	998
solidarity	1.9	40
solidification	3.29	0
solidifier	3.15	0
solidify	3.16	10
solidity	3.32	4
solidly	2.89	13
solidness	3.7	0
soliloquize	2.04	0
soliloquy	2.72	15
solitaire	3.7	59
solitarily	2.19	0
solitariness	2.52	0
solitary	3.31	174
solitude	2.0699999999999998	102
solo	2.79	436
soloist	3.92	10
solstice	3.1	16
solubility	3.14	0
soluble	3.59	8
solution	2.61	807
solvability	1.86	0
solvable	2.46	2
solve	2.1	994
solvency	1.89	4
solvent	3.7	28
solver	3	14
somber	2.0299999999999998	16
somberly	1.46	0
somberness	1.93	0
sombrero	4.7	14
some	2.48	88089
somebody	3.79	17571
someday	1.72	1726
somehow	1.28	2310
someone	3.71	22752
someplace	1.97	1611
somersault	4.79	25
something	1.82	76508
sometime	1.47	1699
sometimes	1.77	9129
someway	1.24	4
somewhat	1.28	464
somewhere	2.08	5688
son	4.1399999999999997	20949
sonar	3.81	211
sonata	3.7	32
song	4.46	4778
songbird	4.59	12
songbook	4.63	3
songfest	2.72	0
songlike	2.54	0
songwriter	4.33	50
songwriting	3.53	13
sonic	2.29	99
sonnet	3.9	39
sonogram	4.4800000000000004	14
sons	4.43	921
soon	1.79	13140
sooner	2.11	1888
soot	4.6100000000000003	55
sooth	2.11	11
soothe	2.14	66
soother	3.17	0
soothing	1.96	115
soothingly	2.15	1
soothsaying	2.46	1
sootiness	2.76	0
sooty	3.23	5
sophistically	1.8	0
sophisticate	1.93	2
sophisticated	1.88	346
sophistication	1.92	49
sophomore	3.45	146
sophomoric	1.88	11
sopping	3.13	11
soprano	4.1100000000000003	135
sorbet	4.43	14
sorcerer	4.47	87
sorceress	3.79	18
sorcery	2	33
sordidness	1.6	2
sore	3.23	765
sorely	2.21	44
soreness	3.5	5
sorority	3.48	96
sorrow	2.36	350
sorrowful	1.74	20
sorrowfully	2.2799999999999998	0
sorrowfulness	1.65	0
sorrowing	1.85	3
sorry	1.9	59566
sort	3.34	7584
sorted	2.85	107
sorter	3.97	7
souffle	4.57	22
sought	2.2599999999999998	240
soul	1.86	3925
soulful	2.2400000000000002	22
soulfully	2.2599999999999998	2
soulfulness	1.79	1
soulless	1.52	32
soullessly	1.34	0
soullessness	1.68	0
soulmate	2.59	6
sound	3.7	7313
soundbite	3.96	0
soundboard	4.38	0
sounding	2.79	193
soundings	2.46	6
soundless	3.14	1
soundlessly	2.2599999999999998	2
soundlessness	2.68	0
soundly	1.81	35
soundman	4.54	0
soundness	2.35	2
soundproof	3.38	41
soundproofing	3.89	6
soundtrack	4.34	48
soup	4.72	1285
soupspoon	4.8099999999999996	0
soupy	3.48	12
sour	3.14	297
source	2.96	1437
sourdough	4.66	17
soured	2.8	11
souring	2.36	2
sourly	2.23	1
sourness	3.27	0
sourpuss	2.73	25
south	3.84	3288
southbound	3.18	40
southeast	3.8	167
southeaster	2.8	0
southeasterly	2.71	1
southeastern	3.52	9
southeastward	2.83	0
southeastwardly	2.96	0
southeastwards	2.88	0
southerly	2.33	7
southern	2.62	592
southerner	3.67	11
southernmost	3.85	4
southpaw	3.78	26
southside	3.67	0
southward	3.18	13
southwardly	2.52	0
southwards	3.16	1
southwest	3.25	175
southwesterly	2.86	2
southwestern	3.25	16
southwestward	3.7	0
southwestwardly	2.93	0
souvenir	4.45	240
sovereign	2.04	128
sovereignty	2.76	29
soviet	3.15	360
sow	4.04	98
sowing	4	10
sown	3.33	17
soy	4.7	118
soybean	4.82	25
soymilk	4.68	0
spa	4.67	239
space	3.54	3369
spacecraft	4.8	115
spaced	2.77	43
spaceflight	3.9	0
spaceman	4.68	51
spaceport	3.88	8
spacer	3.68	5
spaceship	4.4800000000000004	188
spacesuit	4.96	6
spacing	3.15	28
spacious	2.56	58
spaciously	2.48	0
spaciousness	2.59	0
spackle	4.41	9
spade	4.46	118
spaded	2.56	0
spades	4.53	133
spaghetti	5	302
spam	4.18	59
spammer	3.58	0
span	3	101
spandex	4.97	37
spangled	2.6	12
spaniel	4.7	43
spank	4.21	173
spanking	4.28	93
spar	3.52	36
spare	3.48	1573
sparely	1.72	0
sparerib	4.28	5
spareribs	4.76	22
sparing	2.1800000000000002	24
sparingly	2.21	7
spark	4.25	320
sparked	2.96	32
sparking	3.72	18
sparkle	3.81	85
sparkler	4.68	3
sparkling	3.31	102
sparklingly	2.57	0
sparkly	3.54	34
sparkplug	4.92	1
sparks	4.3899999999999997	256
sparky	3	173
sparred	2.87	2
sparring	3.69	46
sparrow	4.8499999999999996	133
sparse	2.31	11
sparsely	2.1800000000000002	7
spartan	3.74	82
spasm	4.07	56
spastic	2.61	31
spastically	2.25	0
spat	3.62	79
spatial	1.96	29
spatiality	1.97	0
spatially	1.89	2
spatter	3.63	60
spattering	3.39	1
spatula	4.96	56
spawn	3.9	93
spawning	2.93	26
spay	3.92	6
spaying	3.57	3
speak	3.7	9546
speakeasy	3.59	34
speaker	4.6900000000000004	352
speakerphone	4.6900000000000004	45
speakers	4.93	100
speaking	3.83	3565
spear	5	232
spearfish	4.6900000000000004	12
spearhead	4.1900000000000004	18
spearheaded	3.22	4
spearing	3.62	4
spearman	4.42	1
spearmint	4.7	6
spec	2.9	44
special	1.76	7577
specialism	1.42	0
specialist	3	264
speciality	2.39	44
specialization	2.57	3
specialize	1.7	68
specialized	2	53
specially	1.74	171
specialness	1.52	11
specialty	2.4300000000000002	272
species	3.36	696
specifiable	1.58	0
specific	2.1800000000000002	908
specifically	1.62	524
specification	2.4500000000000002	8
specificity	1.88	5
specifics	1.97	96
specifier	2	0
specify	2.2999999999999998	46
specimen	4.45	242
speck	4.46	95
specked	3.3	0
speckle	3.88	0
speckled	3.59	20
specks	3.71	14
specs	3.04	106
spectacle	3.45	131
spectacled	3.41	0
spectacles	4.5599999999999996	42
spectacular	1.82	289
spectacularly	2.1	10
spectator	4.07	46
spectatorship	2.36	0
specter	3.04	17
spectrogram	4.3	1
spectrograph	4	7
spectrometer	4.4800000000000004	8
spectroscope	4	2
spectrum	2.97	110
speculate	1.68	62
speculation	2.15	118
speculative	1.48	12
speculatively	1.79	0
speculator	3.41	5
sped	3.38	32
speech	3.37	1940
speechless	2.41	89
speechlessly	2.41	0
speechlessness	2.5	0
speechmaker	4.5	4
speechmaking	2.79	5
speechwriter	3.9	6
speed	3.62	2104
speedball	4.04	3
speedboat	4.87	27
speeder	3.62	9
speedily	2.48	3
speediness	2.81	0
speeding	3.63	254
speedometer	4.78	12
speedster	3.5	8
speedway	4.57	30
speedy	2.93	100
spell	3.32	1869
spellbind	1.86	0
spellbinder	2.59	2
spellbinding	1.89	7
spellbound	1.62	8
spellcheck	3.39	6
speller	3.07	17
spelling	3.63	256
spend	2.93	4757
spendable	2.3199999999999998	1
spender	3.48	68
spending	3.31	1264
spendthrift	2.92	3
spent	3	3574
sperm	4.82	318
spermicidal	3.5	4
spew	3.2	24
spewing	3.21	19
sphere	4.4400000000000004	126
spherical	3.83	9
spherically	3.28	3
spheroid	3.96	0
sphincter	4.54	57
sphinx	4.83	52
spice	4.54	270
spiced	3.23	14
spices	4.66	114
spiciness	3.5	0
spicing	3.38	9
spicy	3.31	169
spider	4.97	515
spiderlike	3.17	0
spiderman	4.28	33
spiderweb	4.7	5
spidery	2.46	4
spied	2.36	37
spiffy	2.4300000000000002	35
spigot	4.3600000000000003	15
spike	4.5199999999999996	625
spiked	3.64	69
spikiness	3.37	0
spiking	3.64	25
spiky	4.07	11
spill	4.07	432
spillage	3.9	7
spiller	3.23	47
spillover	3.85	3
spilt	3.72	42
spin	3.9	746
spinach	4.7699999999999996	130
spinal	3.62	218
spindle	4.92	21
spindled	2.62	0
spindling	2.83	1
spindly	3.46	15
spine	4.88	293
spineless	2.25	44
spinelessly	2.12	0
spinelessness	2	1
spinner	3.83	45
spinning	3.83	374
spinningwheel	4.6100000000000003	0
spinout	3.59	3
spinster	3.58	49
spiny	3.11	7
spiral	4.18	91
spiraled	3.65	7
spirally	3.11	0
spire	4	5
spirit	1.6	2517
spirited	1.67	62
spiritedly	1.96	0
spiritedness	2.3199999999999998	0
spiriting	1.33	3
spiritism	1.82	0
spiritless	1.92	1
spiritlessly	1.88	0
spirits	3.41	823
spiritual	1.79	453
spiritualism	1.81	15
spiritualist	2.38	11
spiritualistic	1.42	1
spirituality	1.07	46
spiritualization	1.52	0
spiritualize	1.54	1
spiritually	1.1399999999999999	55
spit	4.71	987
spitball	4.37	13
spite	2.0699999999999998	388
spiteful	2.34	38
spitefully	1.79	1
spitefulness	1.8	0
spitfire	2.86	30
spitting	4.18	202
spittle	4.5199999999999996	12
spittoon	4.7	21
splash	4.1900000000000004	215
splashboard	4	0
splashdown	3.6	9
splashed	3.34	32
splashing	4.41	56
splashy	2.75	8
splat	3.04	43
splatter	3.82	44
spleen	4.7	131
splendid	1.79	595
splendidly	1.96	31
splendor	1.59	60
splendorous	2.0499999999999998	0
splice	3.19	20
splicer	4.16	1
splicing	3.31	12
splint	4.6900000000000004	44
splinter	4.41	75
split	3.96	1954
splitter	4.1399999999999997	4
splitting	3.33	203
splotch	3.46	4
splotchy	3.11	1
splurge	2	19
spoil	2.82	593
spoilable	2.42	0
spoilage	3.11	0
spoiled	2.46	432
spoiler	2.93	11
spoiling	2.85	80
spoils	2.83	105
spoilsport	2.5499999999999998	10
spoke	3.38	1970
spoken	3.28	1012
spokesman	4.1100000000000003	60
spokesperson	3.89	46
spokeswoman	4.55	3
sponge	5	342
sponged	3.71	10
sponginess	2.89	0
sponging	3.46	12
spongy	3.72	12
sponsor	3.28	273
sponsorship	2.6	22
spontaneity	1.7	42
spontaneous	1.73	213
spontaneously	2.21	41
spoof	2.4	12
spook	3.14	140
spookily	1.89	0
spookiness	2.2999999999999998	0
spooky	2.25	241
spool	4.62	26
spoon	4.96	388
spoonful	4.43	30
spooning	3.64	20
sporadic	2.38	14
sporadically	2.21	3
spore	4.1399999999999997	7
sport	3.48	1015
sportiness	1.81	0
sporting	2.93	159
sportingly	2.21	1
sportiveness	2.04	0
sports	3.79	1407
sportscast	4.03	2
sportscaster	4.5199999999999996	7
sportsman	4.4400000000000004	35
sportsmanlike	2.33	4
sportsmanly	1.96	0
sportsmanship	1.97	28
sportsperson	4.1500000000000004	0
sportswear	4.46	19
sportswoman	4.32	2
sportswriter	3.93	36
sporty	2.62	38
spot	4.21	3140
spotless	3.34	60
spotlessly	2.38	1
spotlessness	2.64	0
spotlight	4.63	148
spotted	3.6	522
spotter	3.88	48
spottiness	2.97	0
spotting	2.5499999999999998	34
spotty	2.96	32
spousal	2.52	26
spouse	3.85	97
spouseless	2.38	0
spout	4.67	52
spouting	2.79	33
sprain	3.79	43
sprang	3.67	39
sprawl	3.3	7
sprawling	2.62	7
spray	4.5	492
sprayer	4.62	6
spread	3.68	1596
spreader	3.72	35
spreading	3.18	344
spreadsheet	4.5199999999999996	14
spree	2.92	109
sprig	4.29	12
spring	3.89	1597
springboard	4.24	4
springiness	2.75	0
springing	3.59	44
springtime	3.09	75
springy	3.97	5
sprinkle	3.82	74
sprinkled	3.38	27
sprinkler	4.8899999999999997	47
sprinkling	3.59	20
sprint	4.1399999999999997	36
sprinter	4.13	5
sprite	3.86	33
sprocket	4.58	15
sprout	4.6399999999999997	46
sprouting	4.07	13
spruce	3.86	56
sprung	3.07	131
spry	2.54	32
spryly	2.42	0
spryness	2.57	0
spud	4.76	47
spun	3.37	86
spunk	2.44	68
spunkiness	2.4300000000000002	0
spunky	1.97	32
spur	4.57	73
spurn	1.97	11
spurred	2.54	15
spurt	3.27	19
sputter	3.1	6
sputtering	3.54	19
spy	4.1399999999999997	1023
spyglass	4.79	14
spyware	3.5	4
squabble	2.63	23
squabbler	3.32	0
squabbling	2.78	15
squad	3.65	1096
squadron	3.48	224
squalid	2.6	15
squalidness	2.4	0
squall	3.04	20
squalor	2.78	15
squander	2.54	30
squanderer	2.86	0
square	4.33	1620
squared	3.3	120
squarely	2.96	35
squaring	2.48	10
squash	4.7	223
squashy	3.04	2
squat	4.32	160
squatness	2.96	0
squatted	3.52	4
squatter	3.67	12
squatting	4.37	39
squatty	2.88	2
squaw	4.08	67
squawk	3.73	87
squawker	3.68	1
squawking	3.23	78
squawky	2.76	0
squeak	4.07	121
squeaker	3.58	14
squeakily	3.36	0
squeakiness	3.37	0
squeaking	3.93	89
squeaky	3.07	101
squeal	3.42	136
squealer	3.52	33
squealing	3.83	123
squeamish	2.17	45
squeamishly	2.34	1
squeamishness	2.19	0
squeegee	4.75	14
squeezable	3.3	0
squeeze	3.75	769
squeezer	4.21	7
squeezing	3.89	103
squelch	2.92	12
squelcher	3.38	0
squelching	2.77	5
squid	4.71	141
squiggle	3.88	2
squiggly	3	16
squint	4.3	51
squinted	3.83	4
squinter	3.88	0
squinting	3.9	12
squinty	2.86	6
squire	4.16	157
squirm	3.82	42
squirminess	2.81	0
squirming	3.73	36
squirmy	2.82	3
squirrel	4.8899999999999997	279
squirt	3.93	140
squirting	3.5	25
squish	3.85	53
squishier	3	1
squishy	3.64	38
stab	4.07	447
stabbing	3.79	115
stability	2.41	90
stabilization	2	7
stabilize	2.72	76
stabilizer	3.25	28
stable	3.77	673
stableman	4.7300000000000004	1
stableness	2.11	0
stack	4.3	311
stacker	3.42	3
stadium	4.79	312
staff	4.3600000000000003	1632
staffed	2.58	9
staffer	3.46	12
staffing	2.62	14
staffroom	4.4800000000000004	0
stag	4.3899999999999997	81
stage	4.6399999999999997	2324
stagecoach	4.93	51
staged	2.75	115
stagehand	4.07	28
stagger	3.57	30
staggering	2.96	81
staggeringly	2.3199999999999998	3
staggers	3.23	14
staging	2.89	99
stagnancy	2.35	0
stagnant	3.07	14
stagnantly	1.88	0
stagnate	2.81	4
stagnation	2.19	5
stain	4.59	316
stainable	2.5	1
staining	3.56	14
stainless	3.29	37
stainlessness	2.3199999999999998	0
stair	4.93	69
staircase	4.66	89
stairs	5	1212
stairway	4.83	81
stairwell	4.8499999999999996	108
stake	4.21	847
stakeholder	3.48	0
stakeout	3.38	100
stalagmite	4.3600000000000003	1
stale	3.48	149
stalemate	2.41	24
staleness	2.81	1
stalk	3.5	86
stalked	3	79
stalker	3.93	189
stalking	3.07	269
stall	4.37	457
stalling	2.89	194
stallion	4.72	163
stalwart	2.92	22
stamen	3.75	4
stamina	2.81	81
stammer	2.93	14
stammerer	3.62	0
stammering	2.97	14
stamp	4.7	302
stampede	3.89	68
stamper	3.79	34
stamping	3.66	28
stance	4.04	96
stand	4.16	11536
standalone	2.48	0
standard	1.83	940
standardization	1.93	2
standardize	2.0699999999999998	3
standardized	1.93	40
standby	2.34	151
standing	4.04	3994
standoff	2.93	35
standoffish	2.36	11
standoffishness	1.92	0
standout	2.85	8
standpoint	1.71	68
standstill	2.39	26
standup	3.62	40
stank	2.79	39
stanza	3.29	2
staph	3.33	25
staple	4.34	57
stapled	3.89	24
stapler	4.62	44
stapling	3.61	9
star	4.6900000000000004	4149
starboard	3.24	334
starch	4.29	69
starched	3.31	14
starchiness	3.28	0
starchy	3.23	11
stardom	2.2599999999999998	31
stardust	3.08	40
stare	4.0999999999999996	508
starfish	4.9000000000000004	38
starflower	4.26	0
stargaze	3.21	1
stargazer	4.0999999999999996	2
stargazing	3.22	12
staring	3.8	1196
stark	2.13	331
starkness	1.81	0
starless	3.48	2
starlet	4.46	30
starlight	4.34	81
starlit	3.27	7
starred	3.11	36
starriness	2.48	0
starring	2.59	143
starry	4.08	37
starship	4	145
starstruck	1.89	4
start	2.71	17345
starter	3.38	139
starting	2.14	3558
startle	2.13	60
startler	2.74	0
startling	2.54	70
startlingly	1.79	0
startup	2.2400000000000002	14
starvation	2.42	75
starve	3.48	314
starved	2.96	236
starving	2.89	865
stash	3.73	257
stat	3.19	143
state	3.52	5500
stated	2.7	184
statehood	2.66	16
statehouse	4.1399999999999997	6
stateless	1.93	7
stateliness	2.19	0
stately	1.83	23
statement	2.96	1491
stateroom	4.5	41
stateside	3.08	60
statesman	3.76	31
statesmanlike	2.17	1
statesmanship	1.69	6
stateswoman	4.7	0
statewide	2.57	15
static	3.32	254
statically	2.08	0
statics	2.2000000000000002	0
station	4.32	4033
stationary	3.95	49
stationery	4.29	70
stationmaster	4.22	8
statistic	2.88	31
statistical	2.3199999999999998	46
statistically	2.0699999999999998	70
statistician	3.88	1
statistics	3.39	167
statue	4.93	540
statuesque	2.38	9
statuette	4.54	4
stature	2.3199999999999998	85
status	2.2400000000000002	750
statute	3.88	97
statutory	1.75	47
staunch	1.9	18
staunchness	1.5	0
stay	2.15	26298
stayed	3	1668
stays	2.86	977
stead	2.76	54
steadfast	1.92	22
steadfastly	1.92	4
steadfastness	1.36	8
steadier	2.21	6
steadily	2.37	60
steadiness	2.65	3
steady	2.25	1158
steadying	2.57	4
steak	4.96	828
steakhouse	4.79	21
steal	3.84	2720
stealer	3.63	12
stealing	3.28	1265
stealth	2.76	142
stealthily	2.5	6
stealthy	2.25	15
steam	4.5	686
steamboat	4.9000000000000004	26
steamer	4.1100000000000003	53
steamily	2.2999999999999998	0
steaminess	3.54	0
steaming	3.79	101
steamroll	3.61	4
steamroller	4.79	12
steamship	4.63	24
steamy	3.63	46
steed	4.4000000000000004	130
steel	4.87	941
steeliness	2.48	0
steelmaker	4.24	0
steelmaking	3.73	1
steelwork	4.4800000000000004	0
steelworker	4.4400000000000004	1
steelworks	4.3	4
steely	2.44	14
steelyard	4.6399999999999997	0
steep	3.76	125
steeper	2.95	7
steeple	4.74	21
steeply	2.88	0
steepness	3.4	0
steer	4.1900000000000004	305
steerable	2.61	0
steerer	3.74	0
steering	4	207
steeringwheel	5	0
steersman	4.28	3
stegosaur	4.41	0
stegosaurus	4.8	5
stellar	2.4500000000000002	41
stem	4.63	114
stemmed	3.62	3
stemming	2.5	12
stemware	4.46	6
stench	3.85	113
stencil	4.83	9
stenograph	4.71	0
stenographer	4.3	41
stenographic	2.96	2
stenographical	2.38	0
stenography	3.3	4
step	4.54	6052
stepbrother	4.67	16
stepchild	4.33	7
stepdaughter	4.07	30
stepfather	4	151
stepladder	4.67	18
stepmother	4.2300000000000004	216
stepparent	3.89	2
stepped	3.34	656
stepper	3.84	1
stepping	3.63	355
steppingstone	4.18	1
steps	4.3899999999999997	1259
stepsister	4.32	17
stepson	3.68	27
stepstool	4.4400000000000004	2
stereo	4.63	304
stereograph	4.08	0
stereographical	2.39	0
stereophonic	3.08	5
stereoscope	4.1900000000000004	0
stereoscopic	2.76	3
stereotype	2	36
stereotyped	1.5	6
stereotypic	1.73	0
stereotypical	2	10
stereotyping	2.71	2
sterile	2.67	111
sterility	2.2799999999999998	9
sterilization	3.24	17
sterilize	2.97	24
sterilizer	3.96	2
sterling	3.93	113
stern	2.86	327
sternly	1.87	4
sternness	2.11	1
sternum	4.6900000000000004	41
steroid	3.97	20
steroids	4.5199999999999996	130
stethoscope	4.8600000000000003	48
stew	4.43	328
steward	4.07	140
stewardess	4.3099999999999996	161
stewardship	2.54	2
stewed	2.97	22
stewpot	4.7	2
stick	4.59	4953
stickball	4.41	13
sticker	4.67	142
stickers	4.8499999999999996	93
stickiness	3.9	3
sticking	3.3	741
stickler	2.46	46
sticklike	3.3	0
stickman	4.22	2
sticks	4.83	694
stickup	3.5	61
sticky	3.59	292
stiff	3.62	523
stiffen	3.82	10
stiffening	3	8
stiffly	2.85	2
stiffness	2.93	9
stifle	2.59	15
stifling	2.9	17
stiflingly	1.92	1
stigma	1.76	27
stigmatic	2.11	1
stigmatism	2.86	1
stigmatization	2.08	0
stigmatize	2.04	0
stiletto	4.74	17
still	3.46	40225
stillbirth	3.93	0
stillborn	3.86	15
stillness	2.4	22
stilt	4.5	2
stimulant	4.08	26
stimulate	3.22	70
stimulating	2.25	120
stimulatingly	2.38	0
stimulation	2.44	70
stimulator	3.4	5
stimulatory	2.08	1
stimuli	2.59	39
stimulus	3.04	26
sting	4.41	358
stinger	4.3	45
stingily	2.17	0
stinginess	1.78	3
stinging	4.04	46
stingingly	1.88	0
stingless	2.74	0
stingray	4.9000000000000004	15
stingy	2	63
stink	3.72	673
stinker	2.81	105
stinking	3.2	473
stinkweed	3.88	6
stinkwood	3.57	0
stinky	3.73	182
stint	2.83	38
stipend	3.46	22
stipulate	2.04	32
stipulation	2.33	9
stir	3.76	301
stirrer	3.83	4
stirring	2.93	133
stirringly	1.85	0
stirrup	4.9000000000000004	12
stitch	4.32	381
stitchery	3.78	0
stitching	4.4800000000000004	32
stock	4.1900000000000004	1300
stockade	4.46	74
stockbreeder	4.12	0
stockbroker	4.32	54
stockbrokerage	3.37	0
stockcar	4.63	0
stocker	3.62	2
stockholder	3.97	45
stockiness	3.37	0
stocking	4.8600000000000003	134
stockings	4.62	190
stockkeeper	4.07	0
stockless	2.58	0
stockman	4.04	3
stockowner	3.79	0
stockpile	3.83	21
stockroom	4.6100000000000003	28
stocks	3.97	208
stocky	3.43	9
stockyard	4.58	11
stoic	2.19	21
stoically	1.93	1
stoicism	2.2000000000000002	6
stoke	3.58	60
stole	3.07	2711
stolen	2.89	1750
stoma	3.92	1
stomach	4.8899999999999997	1725
stomachache	3.46	54
stomaching	2	0
stomp	4.41	136
stone	4.72	2072
stonecutter	4.63	1
stoned	3.21	254
stonehearted	2.11	0
stonemason	4.5599999999999996	5
stonemasonry	3.36	1
stoner	3.78	103
stonewall	3.56	37
stoneware	4.66	2
stonework	4.25	1
stoneworker	4.41	0
stoning	3.61	4
stony	3.57	31
stonyhearted	1.92	0
stood	3.41	1315
stooge	3.31	56
stool	4.9000000000000004	179
stoop	4.63	125
stooping	3.5	10
stop	3.68	36071
stoplight	4.66	16
stoppable	2.61	0
stoppage	2.92	12
stopped	3.25	3844
stopper	4.83	26
stopping	3.19	1066
stopwatch	4.92	37
storable	2.7	1
storage	3.47	452
store	4.5	4178
storefront	4	23
storehouse	4.62	16
storekeeper	4.6900000000000004	17
storekeeping	3.18	1
storeroom	4.5	83
storewide	2.86	1
storied	1.96	4
stork	4.72	83
storm	4.7	1574
stormily	2.42	1
storminess	3.19	1
storming	3.38	41
stormy	3.96	74
story	3.3	11260
storyboard	4.45	11
storybook	4.92	27
storyline	2.78	7
storyteller	3.88	27
storytelling	3.84	24
storywriter	4.2699999999999996	1
stout	3.41	53
stoutheartedly	1.96	0
stoutly	2.3199999999999998	2
stoutness	3.4	1
stove	4.96	387
stovepipe	4.88	8
stow	3.08	64
stowaway	3.72	34
stowing	3	2
straddle	3.74	26
straddling	3.7	19
straggle	3.29	1
straggler	3.57	12
straggling	2.52	4
straggly	2.88	3
straight	2.76	6244
straightaway	3.07	51
straightedge	4.07	2
straighten	3.72	571
straightforward	1.89	102
straightforwardly	2.2999999999999998	4
straightforwardness	1.82	1
straightjacket	4.6900000000000004	7
straightly	2.71	6
straightness	3.26	1
strain	3	361
strained	2.62	70
strainer	4.46	14
straining	2.86	45
strait	4.04	9
straitjacket	4.7300000000000004	42
straitlaced	2.11	1
strand	4.0999999999999996	94
stranded	2.61	153
stranding	2.38	2
strange	1.86	4408
strangely	1.92	228
strangeness	2.11	18
stranger	3.76	1377
strangle	4.34	223
stranglehold	3.08	13
strangler	3.77	109
strangles	3.46	17
strangling	3.81	68
strangulate	3.16	0
strangulation	3.95	49
strap	4.79	263
strapless	3.93	20
strapped	3.29	164
strapping	2.8	51
strategic	1.93	132
strategically	1.67	23
strategist	3.14	21
strategize	2.15	12
strategy	1.93	482
stratosphere	3.46	24
stratospheric	2.52	2
stratus	3.63	1
straw	4.7699999999999996	318
strawberry	5	282
strawboard	4.21	0
strawflower	4.58	0
strawman	3.32	0
stray	2.76	272
streak	3.67	295
streaked	3.69	3
streaker	4.24	3
streakiness	2.54	0
streaky	3.48	6
stream	4.5	410
streamer	4.12	2
streaming	3.25	48
streamline	2.61	26
streamlined	2.31	19
streamliner	3.5	12
street	4.75	7557
streetcar	4.8899999999999997	65
streetlamp	4.92	2
streetlight	4.82	25
streets	4.7699999999999996	1611
streetwalker	4.33	12
streetwalking	3.36	3
streetwise	1.96	9
strength	2.96	1883
strengthen	2.5	82
strengthener	2.89	0
strengthening	2.14	18
strenuous	2.5499999999999998	30
strenuously	2	9
strep	3.46	35
stress	2.62	796
stressful	1.89	128
stressfully	2.04	0
stressor	1.96	13
stretch	3.62	748
stretchable	3.71	0
stretcher	4.5599999999999996	113
stretchiness	3.18	0
stretchy	3.07	19
streusel	4.46	0
strew	2.71	2
strewn	3	19
stricken	2.27	75
strict	2.72	358
strictly	2.0699999999999998	548
strictness	1.91	1
stride	3.81	107
strider	2.91	8
strife	2.2000000000000002	85
strike	4.07	2324
strikeout	3.83	20
striker	3.73	108
striking	2.85	224
strikingly	1.89	6
string	4.76	646
stringed	3.25	6
stringency	1.5	2
stringent	1.66	6
stringently	1.77	1
stringiness	2.88	0
stringing	2.89	28
strings	4.75	418
stringy	3.5	21
strip	3.75	800
stripe	4.72	74
striped	4.04	87
striper	3.88	10
stripped	3.71	183
stripper	4.78	267
stripping	3.86	76
striptease	3.72	34
stripteaser	4.47	0
strive	2.0699999999999998	67
strived	2.11	2
striving	1.72	24
strobe	4.1500000000000004	17
strode	3.21	34
stroganoff	4.63	18
stroke	4.0999999999999996	667
stroking	4.2	37
stroll	3.97	211
stroller	4.96	45
strong	3.14	4430
strongbox	4.79	16
stronghold	2.81	60
strongly	2.39	342
strongman	3.96	5
strongpoint	2.39	2
struck	3.46	826
structural	2.69	93
structuralize	2.44	0
structurally	2.66	12
structure	4.03	519
structured	2.64	34
strudel	4.12	47
struggle	2.79	682
struggler	3.67	0
struggling	2.81	316
strum	3.57	12
strummer	3.58	4
strung	3.07	114
strut	3.97	80
strutting	3.57	36
stub	4.4000000000000004	49
stubbed	3.34	16
stubbiness	2.96	0
stubble	4.54	18
stubbly	4.04	2
stubborn	2.1800000000000002	554
stubbornly	1.93	7
stubbornness	2.36	26
stubby	3.7	25
stucco	4.6399999999999997	19
stuck	3.55	3399
stud	4	354
student	4.92	2195
studentship	3.09	0
studied	2.46	577
studio	4.55	1190
studious	2.48	6
studiously	2.31	1
studiousness	2.14	1
study	3.7	2501
stuff	3.13	15653
stuffed	4	441
stuffer	3.27	10
stuffily	1.84	0
stuffiness	2.3199999999999998	1
stuffing	4.57	165
stuffy	2.61	185
stumble	3.75	100
stumbling	3.71	57
stumblingly	2.21	0
stump	4.78	125
stumper	2.08	2
stumpy	3.07	67
stun	3.14	96
stung	3.36	78
stunk	3.46	46
stunned	2.41	189
stunner	3.25	29
stunning	2.21	209
stunningly	2.16	13
stunt	3.24	469
stunted	2.17	15
stuntman	4.5199999999999996	35
stupefied	1.5	2
stupefy	1.72	4
stupendous	1.54	33
stupendously	1.5	0
stupid	1.75	9405
stupidity	2.5499999999999998	163
stupidly	1.4	31
stupor	2.7	19
sturdily	2.5499999999999998	0
sturdiness	2.59	0
sturdy	2.86	86
sturgeon	4.5199999999999996	19
stutter	3.97	96
stutterer	4.16	1
stuttering	3.85	49
stutteringly	2.5	0
sty	4.1900000000000004	19
style	2.67	1534
stylebook	4.4000000000000004	0
styling	3.03	43
stylish	2.14	110
stylishly	2.2799999999999998	4
stylishness	2	0
stylist	4.08	44
stylistic	1.89	1
stylistically	2.0699999999999998	1
stylize	2.0299999999999998	1
stylized	2.17	12
stylus	4.42	6
suave	1.48	47
suavely	1.96	0
suaveness	1.96	0
sub	3.46	390
subarctic	3.04	0
subatomic	2.85	46
subaverage	1.46	0
subbasement	4.3600000000000003	9
subbing	2.41	13
subcategory	2.64	0
subchapter	2.86	1
subclass	2.1	0
subcommittee	3.55	43
subcompact	2.92	3
subconscious	1.57	134
subconsciously	1.44	36
subcontinent	3.93	2
subcontract	2.48	4
subcontracted	2.56	6
subcontractor	3.83	2
subculture	2.14	6
subcutaneously	2.46	3
subdirectory	3.25	0
subdivide	2.86	4
subdividing	2.76	1
subdivision	3.89	29
subdominant	1.85	1
subdue	2.2400000000000002	41
subdued	1.97	32
subduing	2.2999999999999998	2
subfloor	3.86	4
subflooring	4.08	0
subfreezing	2.92	1
subgroup	2.11	0
subheader	3.41	0
subheading	3.61	2
subhuman	2.62	11
subinterval	2.57	0
subject	3.14	1885
subjected	1.96	77
subjection	1.7	2
subjective	1.43	57
subjectively	1.41	6
subjectivism	1.43	0
subjectivist	1.5	0
subjectivity	1.33	6
subjugate	1.68	1
subjugation	1.92	12
subjugator	3	0
subjunctive	1.72	6
sublanguage	2.37	0
sublease	2.61	2
sublet	3.04	30
sublevel	3.14	21
sublimation	2	4
sublime	2.23	74
sublimely	1.62	4
subliminal	1.93	36
subliminally	1.58	7
sublimity	1.41	3
submarine	4.8	362
submariner	4.3499999999999996	8
submerge	3.39	20
submerged	3.15	43
submergence	2.39	1
submergible	3	0
submerse	3.24	1
submersed	3.12	0
submersible	3.04	31
submersion	2.67	4
submicroscopic	2.82	0
submission	3	55
submissive	1.72	45
submissively	2.21	0
submissiveness	1.72	0
submit	2.68	282
submitter	3.3	1
suboptimal	1.58	0
suborbital	3.12	1
subordinate	2.73	31
subordinately	1.88	0
subordinating	1.96	1
subordination	2.12	3
subpanel	3.93	0
subpar	1.96	4
subparagraph	3.23	4
subpart	2.37	1
subplot	2.5499999999999998	6
subpoena	3.46	113
subprime	1.82	0
subroutine	3	5
subscribe	2.21	44
subscriber	3.31	21
subscribership	2.33	0
subscript	3.57	0
subscription	3.22	68
subsection	2.62	18
subsector	2.78	0
subsequence	1.73	0
subsequent	2.14	64
subsequently	1.46	58
subseries	2.36	0
subservience	1.58	7
subservient	2.11	24
subserviently	1.75	0
subset	2.41	6
subside	2.2599999999999998	20
subsidiary	2.96	23
subsiding	2	5
subsidization	2	0
subsidize	1.73	16
subsidized	2.23	10
subsidy	2.16	5
subsistence	2.2799999999999998	3
subsoil	4.3	3
subsonic	1.97	4
subspecialist	2.33	0
subspecialty	2	1
subspecies	3.11	18
substance	3.44	364
substandard	2.2400000000000002	22
substantial	2.0299999999999998	182
substantiality	1.63	0
substantially	2.21	32
substantiate	1.68	20
substantiation	2	5
substantive	2	12
substantively	1.65	0
substation	3.88	29
substitutable	2	0
substitute	2.82	238
substituted	2.2200000000000002	19
substituting	2.2799999999999998	18
substitution	2.52	21
substitutive	2.31	0
substructure	3.89	7
subsurface	3.41	4
subsystem	3.21	6
subterranean	3.4	33
subterraneous	2.88	0
subtext	2.59	32
subtitle	3.84	52
subtle	1.72	354
subtleness	1.7	1
subtlety	1.54	40
subtly	1.54	22
subtotal	3.92	2
subtract	3.82	28
subtraction	2.83	10
subtractive	2	0
subtropical	2.96	0
subtropics	3.26	0
subtype	2.25	2
suburb	3.76	30
suburban	3.27	117
suburbanite	3	7
suburbanization	2.41	0
suburbanize	2.15	0
suburbanizing	2.54	1
suburbia	3.31	38
subversion	2.15	9
subversive	1.6	54
subvert	1.83	17
subway	4.8600000000000003	546
subwoofer	4.88	0
subzero	3.7	12
subzone	2.71	0
succeed	2.33	482
succeeding	2.23	35
success	2.21	1390
successful	2.0699999999999998	1037
successfully	1.96	194
successfulness	2.17	0
succession	1.73	48
successive	2.4500000000000002	8
successively	2.41	1
successor	3.29	85
succinct	2.2000000000000002	12
succinctly	1.77	29
succulence	2.46	0
succulent	2.75	23
succulently	1.81	0
succumb	2.0299999999999998	19
such	1.48	14852
suck	3.46	1779
sucker	3.79	834
suckerfish	4.5199999999999996	2
sucking	3.83	376
suckle	3.96	9
suckling	3.76	18
suction	3.96	287
sudden	2.0699999999999998	1707
suddenly	1.84	2854
suddenness	2.15	9
sudoku	4.46	0
suds	4.59	24
sudsy	4.4800000000000004	3
sue	3.07	1498
suede	4.24	92
suffer	2.2799999999999998	1148
sufferable	1.83	0
sufferer	3.13	4
suffering	2.39	991
suffice	1.72	84
sufficiency	1.81	4
sufficient	1.9	243
sufficiently	1.72	71
sufficing	1.52	1
suffix	3.61	2
suffocate	3.74	77
suffocating	3.19	75
suffocation	3.41	38
suffocative	2.12	0
suffrage	2.38	5
sugar	4.87	1926
sugarcane	4.8899999999999997	6
sugarcoat	2.46	17
sugared	4.08	9
sugarless	3.89	9
sugarplum	4.59	14
sugary	3.89	15
suggest	1.8	2001
suggestibility	1.79	2
suggestible	1.79	8
suggesting	2.11	551
suggestion	2.23	622
suggestive	2	26
suggestively	1.59	2
suggestiveness	1.81	0
suicidal	2.27	148
suicide	3.59	1747
suing	2.54	293
suit	4.97	3499
suitability	1.58	5
suitable	1.93	247
suitableness	1.73	0
suitably	1.86	13
suitcase	4.97	683
suite	4.16	849
suiting	2.8	7
suitor	3.77	69
sulfate	3.86	20
sulfide	3.81	9
sulfite	4.07	1
sulfur	4.43	60
sulfuric	2.64	18
sulfurous	2.83	0
sulk	2.86	38
sulkily	2.4	0
sulkiness	1.77	0
sulky	2.4500000000000002	10
sullen	2.4700000000000002	29
sullenly	2.2200000000000002	0
sullenness	2	0
sulphate	3.52	4
sulphur	4.2300000000000004	43
sulphuric	3.29	11
sulphurous	3.42	1
sultan	4.3099999999999996	164
sultrily	1.73	0
sultriness	1.95	0
sultry	2.11	14
sum	2.89	523
summarily	1.93	11
summarization	2.4500000000000002	1
summarize	2.3199999999999998	20
summarizer	2.38	0
summary	3.03	85
summation	2.35	33
summed	1.93	21
summer	3.64	4012
summerhouse	4.54	22
summering	1.96	3
summerlike	2.2599999999999998	0
summertime	2.96	61
summit	4.21	170
summon	2.79	197
summons	2.97	81
sumo	3.64	42
sun	4.83	3553
sunbath	4.17	5
sunbathe	3.72	10
sunbather	4.72	1
sunbeam	4.4800000000000004	18
sunbelt	3.86	3
sunbird	4.42	2
sunbonnet	4.68	0
sunburn	4.57	33
sunburned	4.17	20
sunburnt	4.12	5
sunburst	3.84	6
sundae	4.59	81
sunday	3.32	2206
sundeck	4.6100000000000003	1
sundial	4.72	23
sundown	4.17	174
sundress	4.67	4
sundries	3.31	4
sundry	2.2999999999999998	13
sunfish	4.8499999999999996	8
sunflower	4.8	34
sung	3.08	178
sunglass	4.5	7
sunglasses	4.83	201
sunglow	3.54	0
sunk	3.46	237
sunken	3.72	46
sunlamp	4.8600000000000003	6
sunless	3.69	6
sunlight	4.45	236
sunlit	4.3099999999999996	9
sunny	4.2	391
sunray	4.2300000000000004	5
sunrise	4.6900000000000004	309
sunroof	4.68	22
sunroom	4.7	7
sunscreen	4.74	51
sunset	4.54	526
sunshade	4.59	0
sunshine	4.21	604
sunshiny	3.07	11
sunspot	4.6100000000000003	13
sunstroke	3.76	15
sunstruck	2.73	1
suntan	4.04	50
suntanned	3.59	6
super	1.9	1336
superabundance	2.68	0
superabundant	2.35	0
superb	1.62	147
superbly	1.89	11
superbowl	3.63	0
supercenter	3.92	0
supercharge	2.65	1
supercharged	2.2999999999999998	9
supercharger	3.56	8
supercomputer	4	13
superconducting	2.5	6
superconductive	2.54	0
superconductivity	2.64	2
superconductor	3.96	4
supercontinent	3.59	0
supercritical	1.93	2
superego	1.88	4
superficial	1.85	148
superficiality	1.37	0
superficially	1.86	11
superfine	2.69	10
superfluous	1.85	23
superfluously	2.0499999999999998	2
supergiant	3.64	0
superglue	4.8899999999999997	11
superhard	3.12	0
superheat	2.87	3
superheated	3.23	7
superhero	4.0999999999999996	170
superhighway	4.33	5
superhuman	2.59	41
superhumanly	2.34	0
superimpose	2.5	11
superimposed	2.82	2
superimposition	2.27	2
superintendant	4.76	1
superintendent	4.21	219
superior	2.0299999999999998	663
superiority	1.93	67
superiorly	2	0
superjet	4.4400000000000004	0
superlative	1.44	5
superman	3.41	623
supermarket	4.57	255
supermodel	4.33	47
supermom	2.86	7
supernatural	2.04	225
supernaturalism	1.73	0
supernaturally	1.59	7
supernormal	1.83	1
supernova	3.78	20
superpower	2.87	32
supersede	1.5	8
supersensitive	2.25	2
supersensory	1.79	1
supersize	3.29	5
supersonic	2.27	20
superstar	3.36	175
superstition	2.0699999999999998	105
superstitious	1.55	175
superstitiously	1.58	0
superstore	4.38	22
superstructure	3.72	14
supertanker	4.75	3
supervise	2.48	98
supervision	2.19	126
supervisor	4.26	304
supervisorial	2.08	0
supervisory	2.46	16
superwoman	4.0999999999999996	17
supper	4.63	988
suppertime	3.66	31
supple	2.75	31
supplement	3.07	58
supplemental	2.4500000000000002	30
supplementary	2.11	13
supplementation	2.0699999999999998	0
suppleness	2.84	1
supplicating	2.11	1
supplication	2.29	6
supplier	3.41	99
supply	3.43	952
support	2.83	2587
supportability	1.73	0
supportable	2.2999999999999998	2
supportably	1.67	0
supporter	3.26	37
supporting	2.52	234
supportive	2.2000000000000002	237
supposable	1.44	0
suppose	1.37	6416
supposed	1.6	12865
supposedly	1.86	262
supposing	1.93	178
supposition	1.77	16
suppositional	1.67	0
suppository	4.37	13
suppress	2.2200000000000002	76
suppressant	3.13	4
suppressed	2.1	35
suppresser	2.93	1
suppressible	1.81	0
suppression	2.31	25
suppressive	1.67	4
suppressor	2.93	9
supremacist	3.19	4
supremacy	1.9	29
supreme	2	447
supremely	1.54	20
surcharge	2.8	11
sure	1.73	56091
surefire	2.0699999999999998	13
surely	1.71	1407
sureness	2.0699999999999998	0
surety	2.16	7
surf	4.57	324
surface	4.26	930
surfaced	3.07	43
surfacing	3.14	17
surfboard	4.57	47
surfboarding	4.2	2
surfer	4.7300000000000004	83
surge	2.78	94
surgeon	4.54	838
surgery	4.34	1651
surgical	2.89	409
surgically	3.2	55
surging	3.11	17
surliness	1.67	2
surly	2.3199999999999998	36
surmise	1.78	18
surmised	1.84	10
surmount	1.83	5
surmountable	1.88	3
surmounted	1.69	1
surname	2.79	48
surpass	2.73	18
surpassing	1.9	12
surpassingly	1.6	0
surplus	3.33	104
surprise	3.24	4534
surprised	2.5	2808
surprising	2.27	307
surprisingly	1.92	162
surreal	1.3	57
surrealism	2.27	14
surrealist	2.4500000000000002	7
surrealistic	1.76	11
surrealistically	1.42	1
surrender	2.63	789
surrogacy	2.38	5
surrogate	2.83	95
surround	2.81	156
surrounded	3.69	677
surrounding	3.12	192
surroundings	3.88	107
surveillance	3.11	952
survey	4.08	227
surveying	2.93	17
surveyor	3.85	13
survivability	1.71	3
survivable	2.33	2
survival	2.34	515
survivalist	3.07	5
survive	2.5499999999999998	1537
surviving	3.03	185
survivor	3.33	221
survivorship	2.08	3
susceptibility	1.6	5
susceptible	2.14	65
susceptibleness	1.79	0
susceptibly	1.75	0
sushi	4.96	222
suspect	2.59	2254
suspected	2.2400000000000002	497
suspend	2.74	141
suspended	2.2799999999999998	373
suspender	4.54	2
suspenders	4.68	43
suspense	1.85	114
suspenseful	1.89	11
suspension	3.17	222
suspicion	1.62	373
suspicious	1.87	815
suspiciously	1.63	22
suspiciousness	1.86	2
sustain	2.17	136
sustainability	1.69	3
sustainable	2.21	7
sustained	1.97	397
sustainer	2.6	2
sustaining	1.93	28
sustainment	1.93	0
sustenance	2.2599999999999998	29
suture	4.1500000000000004	126
swab	4.34	121
swaddle	3.56	4
swaddling	3.4	10
swag	3.14	25
swagger	2.69	12
swaggerer	3.52	0
swaggering	1.93	13
swallow	3.89	649
swallower	3.4	9
swam	3.64	123
swamp	4.96	458
swampland	4.32	1
swampy	3.71	10
swan	4.96	348
swanky	2.4	13
swanlike	2.92	0
swap	3.85	185
swapping	2.61	39
swarm	3.97	68
swarming	3	53
swashbuckler	4.16	4
swashbuckling	2.84	4
swastika	4.29	28
swat	4.2699999999999996	196
swatch	4.62	18
swatter	4.04	11
sway	3.6	129
swayable	1.79	0
swayed	2.0699999999999998	29
swaying	3.21	45
swear	2.4500000000000002	4496
swearer	3.37	1
swearword	3.27	0
sweat	4.71	1115
sweatband	4.37	4
sweatbox	3.83	9
sweated	3.66	36
sweater	4.78	704
sweathouse	4.3499999999999996	1
sweatiness	3.81	0
sweating	4.24	419
sweatpants	4.68	9
sweatshirt	4.93	120
sweatshop	4.07	28
sweatsuit	4.8600000000000003	3
sweaty	4.18	226
sweep	3.72	485
sweeper	4.3099999999999996	32
sweeping	3.31	170
sweepingly	2.5	0
sweepings	3.96	6
sweepstake	3.29	12
sweet	4	7405
sweetbread	4.5199999999999996	0
sweetcorn	4.75	1
sweeten	3.62	40
sweetener	4.4800000000000004	14
sweetening	3.28	8
sweetheart	2.79	3272
sweetie	2.54	2731
sweetly	2.23	52
sweetmeat	4.3	0
sweetness	2.83	167
sweetshop	4.59	1
swell	3.31	1061
swelled	3.78	39
swelling	4.13	161
swelter	3.12	2
sweltering	2.74	10
swelteringly	2.4300000000000002	0
swept	3	243
swerve	4	34
swift	3.04	197
swifter	2.64	3
swiftly	2.29	83
swiftness	2.71	4
swim	4.43	1622
swimmable	2.62	0
swimmer	4.7699999999999996	190
swimming	4.4400000000000004	1019
swimmingly	1.74	24
swimmingpool	4.88	0
swimsuit	4.78	101
swimwear	4.82	9
swindle	2.68	36
swindler	3.37	29
swindling	2.36	12
swine	4.5	226
swing	4.54	1325
swinger	3.29	37
swinging	3.5	313
swipe	4.26	82
swipes	3.37	7
swirl	3.93	46
swirly	2.52	14
swish	3.04	82
swishing	3.6	12
swishy	2.65	2
switch	4.07	1434
switchblade	5	22
switchboard	4.6100000000000003	58
switched	2.97	391
switcher	3.52	34
switcheroo	2.17	15
switching	2.4500000000000002	194
switchover	2.65	1
swivel	3.9	36
swiveled	3.44	2
swollen	3.6	165
swollenness	3.7	0
swoon	3	31
swooned	2.6	11
swooning	2.91	8
swoony	1.78	1
swoop	3.19	78
swoosh	2.78	12
sword	4.93	1335
swordfish	4.8899999999999997	52
swordplay	4.09	24
swordsman	4.7	64
swordsmanship	2.96	9
swordstick	4.24	0
swordswoman	4.12	1
swore	2.86	446
sworn	1.87	494
swung	3.54	117
sycamore	4.4800000000000004	48
syllabi	3.42	0
syllabic	1.92	0
syllabically	1.73	0
syllable	3.26	42
syllabus	4.07	28
symbiosis	2.48	10
symbiotic	1.88	21
symbiotically	1.52	0
symbol	3.11	438
symbolic	2.11	79
symbolical	1.74	0
symbolically	1.64	19
symbolism	1.41	37
symbolist	1.88	0
symbolization	1.92	0
symbolize	2.4	21
symmetric	2.9	5
symmetrical	3.61	30
symmetrically	2.76	0
symmetry	2.79	41
sympathetic	1.77	194
sympathetically	1.57	3
sympathize	1.54	79
sympathizer	3	15
sympathizing	2.04	4
sympathy	1.88	426
symphonic	2.83	22
symphonist	3.76	0
symphonize	2.12	0
symphony	4.21	181
symposium	3.58	35
symptom	3.19	96
symptomatic	2.04	29
symptomatically	2.13	0
symptomless	1.9	0
synagogue	4.54	49
synapse	3.61	37
synaptic	2.54	24
sync	2.38	168
synch	2.79	35
synchronicity	1.85	6
synchronism	2.35	0
synchronization	2.62	13
synchronize	2.73	34
synchronized	2.58	39
synchronizer	3.38	4
synchronously	2.04	0
syndicate	2.33	102
syndication	2.41	15
syndrome	2.48	320
synergetic	2.09	0
synergism	1.83	0
synergize	1.54	1
synergy	1.48	31
synonym	3.1	9
synonymous	2.2200000000000002	28
synonymously	1.85	0
synopses	2.37	1
synopsis	2.76	14
syntax	2.08	18
syntheses	2.44	0
synthesis	1.54	15
synthesize	2.2200000000000002	11
synthesizer	4.04	27
synthetic	3	128
synthetically	2.42	2
syphilis	3.93	98
syringe	4.8099999999999996	99
syringes	4.79	25
syrup	4.76	260
syrupy	3.77	2
system	2.94	4667
systematic	2	30
systematical	2.34	0
systematically	2.4500000000000002	33
systematization	2.17	0
systematize	2.82	0
systemic	1.8	11
systemically	1.92	1
systemization	2	0
systemize	2.14	1
tab	4.1399999999999997	294
tabasco	4.59	23
tabby	3.61	37
tabernacle	4.04	36
table	4.9000000000000004	5387
tablecloth	4.8499999999999996	48
tabled	3.22	1
tableful	3.32	0
tablemate	3.83	0
tables	4.8899999999999997	599
tablespoon	5	9
tablespoonful	4.24	1
tablet	4.82	76
tabletop	4.78	5
tableware	4.6500000000000004	2
tabloid	4.07	56
taboo	1.67	62
tabulation	2.7	3
tachometer	3.93	3
tack	4.5	108
tackiness	2.42	1
tacking	3	2
tackle	4.28	219
tackled	3.69	38
tackler	3.65	2
tackling	3.71	25
tacky	2.58	134
taco	4.93	158
tact	1.76	56
tactful	2.21	29
tactfully	1.72	4
tactfulness	1.75	0
tactic	2.1	79
tactical	2.08	281
tactically	2	9
tactician	3.72	8
tactics	2.48	241
tactile	3.04	18
tactless	1.85	14
tactlessly	1.44	0
tactlessness	1.57	0
tactual	1.96	0
tad	2.09	238
tadpole	4.8600000000000003	30
taekwondo	4.1100000000000003	0
taffy	4.79	122
tag	4.25	708
tagalong	3.38	4
tagged	3.33	96
tail	4.96	1219
tailbone	4.76	4
tailcoat	4.67	1
tailed	3.07	69
tailfin	4.63	0
tailgate	3.93	23
tailgater	4.5199999999999996	1
tailing	2.72	81
taillight	4.8600000000000003	42
tailor	4.67	213
tailoring	3.71	15
tailpiece	4.33	0
tailpipe	4.59	25
tailspin	3.59	11
tailwind	3.08	6
taint	2.19	40
tainted	2.36	92
taintless	1.96	0
take	3.06	96443
takeaway	3.15	6
takedown	3.72	13
taken	2.66	7071
takeoff	3.41	125
takeout	4.04	82
takeover	2.83	80
taker	2.2999999999999998	46
taking	2.79	12263
takings	2.2599999999999998	8
talc	4.32	12
tale	3.23	612
talent	2.19	1332
talented	2.04	581
talentless	2.2200000000000002	10
tales	2.85	359
taleteller	3.61	0
talisman	4.1500000000000004	74
talk	4.07	43605
talkative	3	46
talkatively	2.52	0
talkativeness	2.96	1
talkback	2.56	0
talker	4.3899999999999997	91
talkfest	2.68	0
talking	3.72	25385
tall	3.36	1649
taller	4.07	284
tallish	3.19	2
tallness	3.07	1
tally	3.07	178
talon	4.8	56
tamale	4.8600000000000003	12
tambourine	4.8600000000000003	45
tame	2.04	139
tamely	2.08	1
tameness	2.17	0
tamer	2.64	23
tamper	3.04	25
tamperproof	3.43	2
tampon	4.8600000000000003	34
tan	4.29	439
tandem	3.16	18
tang	4.42	114
tangent	2.08	19
tangentially	2.04	0
tangerine	4.8099999999999996	38
tangibility	1.93	0
tangible	2.77	56
tangibly	2.09	0
tanginess	2.46	1
tangle	3.96	53
tangling	3	5
tango	4.0999999999999996	274
tangy	3.68	17
tank	4.8	1306
tanked	3	48
tanker	4.68	100
tanned	4.1399999999999997	31
tanner	3.63	188
tannery	4.18	10
tanning	3.15	64
tantalization	1.93	0
tantalize	1.77	4
tantalizingly	1.79	1
tantamount	1.59	17
tantrum	3.37	45
tap	4.29	752
tape	4.9000000000000004	3511
tapeless	3.2	0
tapemeasure	4.8	0
taper	3.56	9
taperecorder	4.93	0
tapered	3.71	11
tapering	3.34	5
tapestry	4.5199999999999996	36
tapeworm	4.93	35
tapioca	4.6399999999999997	31
tapper	3.42	2
tapping	4.4000000000000004	164
taps	3.75	130
tar	4.78	160
tarantula	4.83	46
tardily	2.39	2
tardiness	2.4700000000000002	22
tardy	2.31	58
target	4.1100000000000003	1936
targeted	2.59	110
tariff	3.38	7
tarlike	3.22	0
tarmac	4.8	22
tarnish	3.29	19
tarot	3.4	61
tarp	4.8499999999999996	50
tarpaper	4.5599999999999996	0
tarred	4.2	15
tart	3.27	122
tartar	4.4000000000000004	76
tartly	2.89	1
tartness	3.22	0
task	2.84	649
taskmaster	3.46	8
taskmistress	3.3	0
tassel	4.7300000000000004	27
taste	4.07	2617
tastebud	4.75	0
tasted	3.43	293
tasteful	2.21	69
tastefully	2.1	19
tastefulness	1.78	0
tasteless	2.54	45
tastelessly	1.75	0
tastelessness	1.64	2
taster	3.55	12
tastily	2.09	0
tastiness	2.62	0
tasting	3.6	94
tasty	2.86	322
tater	4.2	25
tattered	3.7	12
tatters	3.09	5
tattle	2.69	8
tattler	3	24
tattletale	3.52	27
tattling	2.6	5
tattoo	4.71	610
tattooer	4.55	1
tattooing	4.07	15
tattooist	4.74	1
taught	2.21	2236
taunt	2.93	32
taunting	2.76	52
tauntingly	1.92	0
taut	3.92	35
tautly	2.5	0
tautness	2.42	2
tavern	4.78	158
tawdry	1.96	30
tax	3.89	742
taxability	2.5499999999999998	0
taxable	1.97	4
taxation	2.67	15
taxed	2.5	10
taxi	4.93	1318
taxicab	5	44
taxidermist	4.2699999999999996	8
taxidermy	3.68	8
taxing	2.4500000000000002	15
taxis	4.3	52
taxman	4.07	9
taxpayer	4.1399999999999997	29
taxpaying	2.79	1
tea	4.6900000000000004	2990
teabag	4.82	2
teacake	4.8499999999999996	0
teacart	4.58	0
teach	3.15	3715
teachable	1.74	2
teacher	4.5199999999999996	2842
teaching	2.82	1010
teacup	4.92	33
teacupful	3.81	0
teahouse	4.57	42
teakettle	4.97	7
teakwood	4.62	1
teal	4.07	26
team	3.79	7528
teaming	2.12	21
teammate	4.1500000000000004	46
teamster	3.88	12
teamwork	2.37	102
teapot	4.96	44
tear	4.5599999999999996	1377
teardown	3.81	1
teardrop	4.5599999999999996	14
tearful	3.5	22
tearfully	2.89	7
tearfulness	2.89	0
teargas	3.84	1
tearing	3.46	327
tearjerker	2.97	5
tearless	2.83	0
tearlessly	2.79	0
tearoom	4.58	7
tearstain	3.96	0
teary	3.52	4
tease	2.59	290
teaser	2.93	14
teashop	4.8600000000000003	3
teasing	2.4500000000000002	215
teasingly	2.11	1
teaspoon	4.76	24
teaspoonful	4.2699999999999996	6
teat	4.38	16
teatime	3.11	23
tech	3.03	326
techie	2.93	6
technical	1.97	420
technicality	1.93	61
technically	1.9	739
technician	4.0999999999999996	132
technique	2.4	456
techno	2.96	38
technologic	2.21	0
technological	2.08	40
technologically	2.29	19
technologist	3.48	0
technology	3.24	762
tectonic	2.48	10
teddy	4.78	811
tedious	1.97	73
tediously	1.96	4
tediousness	2	2
tee	4.59	110
teen	4.16	209
teenage	3.52	350
teenaged	3.45	8
teenager	4.34	351
teens	3.69	99
teensy	3	24
teeny	3.17	128
teenybopper	2.95	2
teepee	4.59	6
teeter	2.93	5
teeterboard	4.25	0
teeth	4.96	2440
teething	3.58	23
teetotaler	3.04	7
teflon	4.74	12
telecast	4.08	18
telecaster	4.16	1
telecom	2.91	0
telecommunication	3	3
telecommuter	3.85	1
teleconference	3.59	11
telegram	4.63	471
telegraph	4.59	167
telegrapher	4.17	3
telegraphic	3.05	1
telekinesis	2.64	21
telekinetic	2.54	13
telemarketer	4.62	10
telemarketing	3.18	18
telepath	2.89	8
telepathic	1.93	30
telepathically	1.83	13
telepathist	2.93	0
telepathy	2.17	47
telephone	4.96	1651
telephonic	2.38	8
telephonically	2.33	1
telephoto	3.93	16
telephotographic	2.39	0
telephotography	3.33	0
teleport	3.11	11
teleportation	3.07	4
teleprompter	4.8099999999999996	18
telescope	5	150
telescopic	3.3	12
telescopically	2.92	0
telethon	3.89	53
teletypewriter	4.67	0
televangelism	3	1
televangelist	4.04	4
televise	3	1
televised	3.63	42
television	4.83	1729
tell	2.9	87949
teller	4.38	131
telling	2.4500000000000002	9730
tellingly	1.88	0
telltale	2.33	18
temp	2.92	154
temper	2.56	582
temperament	1.96	59
temperamental	1.74	41
temperamentally	1.54	2
temperance	2.1	40
temperate	2.59	12
temperately	1.58	0
temperature	3.71	702
tempered	2.64	33
temperedness	1.93	0
tempest	3.17	36
tempestuous	1.92	12
template	4.1900000000000004	21
temple	4.53	895
tempo	2.81	86
temporal	2.12	69
temporality	1.88	0
temporally	1.83	3
temporarily	2.04	232
temporary	2.27	665
tempt	2.1	129
temptation	1.84	216
tempting	1.93	154
temptingly	1.54	1
temptress	3.08	23
tempura	4.12	12
ten	3.39	7395
tenacious	2.31	25
tenaciously	1.69	2
tenaciousness	1.67	0
tenacity	1.41	14
tenancy	2.36	2
tenant	4.55	155
tenantless	2.67	1
tend	2	626
tendency	1.83	138
tender	2.58	453
tenderfoot	2.74	25
tenderhearted	2	4
tenderheartedly	2	0
tenderheartedness	1.92	0
tenderize	2.78	7
tenderizer	3.93	4
tenderloin	4.3899999999999997	20
tenderly	1.89	42
tenderness	2.06	129
tending	1.96	55
tendon	4.47	29
tendonitis	3.83	2
tenement	3.58	35
tenet	3.2	6
tenfold	2.58	24
tennis	4.43	695
tennisracket	4.7	0
tenor	3.04	79
tense	2.35	522
tenseness	2.33	3
tensile	2.25	6
tension	2.6	436
tensionless	2.69	0
tent	4.96	892
tentacle	4.46	13
tentative	2.0299999999999998	25
tentatively	1.79	9
tentativeness	1.54	0
tented	3.08	10
tenth	3.07	212
tentmaker	4.5199999999999996	1
tenuous	1.88	17
tenuousness	1.46	0
tenure	2.42	90
tepee	4.8499999999999996	27
tepid	2.52	12
tepidly	1.65	0
tepidness	2.37	0
tequila	4.7699999999999996	299
terabyte	3.26	1
teriyaki	4.74	38
term	2.82	890
terminable	2.12	0
terminal	3.86	390
terminally	2.15	28
terminate	2.29	140
termination	2.4700000000000002	68
terminator	3.57	67
terminological	1.81	0
terminology	2	24
termite	4.7	38
terrace	4.67	173
terracotta	4.29	5
terrain	4.2699999999999996	115
terrarium	4.55	11
terrestrial	3.04	11
terrible	2.04	4795
terribleness	1.54	0
terribly	1.21	1205
terrier	4.62	49
terrific	2.0699999999999998	2138
terrifically	1.96	11
terrified	2.4300000000000002	488
terrify	2.71	25
terrifying	2.08	217
terrifyingly	2.08	4
territorial	2.71	85
territorialism	2.04	1
territoriality	1.59	4
territorialize	1.85	0
territorially	2.25	0
territory	3.41	748
terror	2.4300000000000002	459
terrorism	2.79	209
terrorist	3.64	617
terrorize	2.84	26
terrycloth	4.55	5
terseness	1.92	2
test	3.93	4288
testable	2.39	0
testament	2.7	120
tested	3	537
tester	3.88	17
testes	4.54	8
testicle	4.59	58
testicular	3.71	31
testifier	3.39	0
testify	2.67	724
testimonial	2.92	32
testimony	3.21	752
testiness	2.0699999999999998	1
testing	3.43	771
testosterone	3.79	83
testy	2	49
tetanus	4.1900000000000004	71
tether	3.67	24
tetherball	4.74	9
tetrachloride	3.9	0
tetris	3.85	0
text	4.93	267
textbook	4.8600000000000003	112
textile	4.2300000000000004	25
texting	4.2300000000000004	16
textual	2.41	0
textually	2.23	0
textural	2.83	1
texturally	2.46	0
texture	3.83	84
textured	3.5	9
than	1.69	37679
thank	3	56877
thankful	1.69	274
thankfully	1.96	35
thankfulness	1.72	3
thankless	1.89	21
thanklessly	2.04	0
thanklessness	1.55	0
thanks	2.15	31789
thanksgiving	3.33	949
thankworthy	1.67	0
that	1.54	719677
thatch	3.83	38
thatched	3.74	5
thatching	3.6	1
thaw	3.8	81
the	1.43	1501908
theater	4.92	1226
theatergoer	3.92	2
theatergoing	2.96	0
theatric	2.5	1
theatrical	2.1800000000000002	128
theatricality	1.8	1
theatrically	2.83	2
theatricals	2.92	8
theatrics	2.4300000000000002	31
thee	2.54	1327
theft	2.93	344
their	3.34	33413
theirs	2.4	395
theism	1.96	0
them	3.04	90720
theme	2.72	710
themselves	2.93	2343
then	1.44	75966
thence	1.36	14
thenceforth	1.42	0
thenceforward	1.81	0
theologian	3.76	14
theological	1.41	20
theologically	1.69	1
theologize	1.46	0
theology	1.93	36
theoretic	1.46	1
theoretical	1.37	95
theoretically	1.44	115
theoretician	3.04	0
theorist	2.54	9
theorization	1.36	0
theorize	1.7	10
theorizer	2.54	0
theory	1.47	1459
therapeutic	2.23	72
therapeutically	1.85	2
therapeutics	2.46	1
therapist	4.5199999999999996	485
therapy	2.85	944
there	2.2000000000000002	221754
thereabout	1.48	3
thereabouts	1.77	7
thereafter	1.52	62
thereby	1.42	79
therefore	1.33	1058
therein	1.62	47
thereinafter	1.74	0
thereof	1.31	50
therewith	1.83	2
thermal	3.21	112
thermally	2.82	1
thermo	2.68	8
thermodynamic	1.93	2
thermodynamically	2.2000000000000002	1
thermodynamics	2.74	13
thermoelectric	2.75	0
thermoelectrically	2.74	0
thermoelectricity	2.83	0
thermograph	3.67	4
thermometer	4.96	112
thermonuclear	2.67	13
thermoregulation	2.67	0
thermos	4.67	57
thermostat	4.87	58
thermostatic	2.41	0
thermostatically	2	1
thesaurus	4.79	20
these	2.0299999999999998	46104
theses	2.8	7
thesis	3.71	174
thespian	3.3	17
they	2.93	209250
thiamine	3.72	3
thick	4	713
thicken	3.52	5
thickener	3.7	2
thickening	3.21	9
thicket	4.26	24
thicketed	3.23	0
thickheaded	1.96	6
thickly	2.75	4
thickness	3.37	26
thickskulled	2.48	0
thief	4.37	1238
thieve	3.08	6
thievery	3.14	14
thieving	2.39	85
thievish	1.93	0
thievishly	2.19	0
thigh	4.9000000000000004	191
thighbone	4.96	2
thimble	5	14
thimbleful	3.73	4
thin	3.83	1029
thing	3.17	55522
thingamabob	3.08	10
thingamajig	2.48	11
thingy	2.5	146
think	2.41	137261
thinkable	1.86	0
thinker	2.54	60
thinking	1.96	14353
thinktank	2.63	0
thinly	2.73	14
thinner	2.7	115
thinness	2.76	5
thinning	3.39	19
third	3.44	3801
thirdly	2.85	17
thirst	3.04	190
thirstily	2.46	0
thirstiness	3.04	0
thirsting	2.68	4
thirsty	3.86	627
thirteen	3.69	268
thirteenth	3	40
thirtieth	3.89	4
thirty	3.75	876
thirtyfold	2.76	0
thirtyish	2.2200000000000002	3
this	2.14	406915
thistle	4.45	23
thong	4.93	107
thorax	4.5599999999999996	20
thorn	5	260
thornily	1.95	0
thorniness	2.83	0
thorny	4.26	36
thorough	1.66	240
thoroughbred	3.37	45
thoroughfare	3.5	47
thoroughly	2.19	243
thoroughness	2.29	15
those	2.3199999999999998	38404
thou	2.19	1144
though	1.2	9279
thought	1.97	41232
thoughtful	1.96	398
thoughtfully	2	12
thoughtfulness	1.69	12
thoughtless	1.68	71
thoughtlessly	1.72	6
thoughtlessness	1.82	4
thousand	3.08	3534
thousandfold	2.58	3
thousandth	3.21	13
thrash	3.59	27
thrasher	3.23	3
thrashing	3.28	35
thread	4.83	263
threaded	3.76	10
threader	3.91	0
threadlike	3.17	1
threat	2.52	1059
threaten	2.63	435
threatening	2.37	599
threateningly	2.04	0
three	3.62	27654
threefold	2.25	5
threesome	3.52	108
thresher	4	11
threshing	3.32	3
threshold	3.48	141
threw	3.57	2082
thrift	2.36	22
thriftily	1.73	0
thriftiness	1.89	1
thriftless	2.21	0
thriftlessly	1.79	0
thrifty	1.92	16
thrill	2.46	429
thrilled	2.31	564
thriller	2.21	69
thrilling	2.0699999999999998	170
thrillingly	1.71	2
thrive	2.21	89
thriving	2.1	62
throat	4.97	1837
throatily	2.56	0
throaty	2.85	9
throb	2.96	12
throbbing	3.63	60
throne	4.6399999999999997	441
throng	3.15	16
throttle	4.24	119
throttling	3.18	3
through	2.9	28026
throughout	2.27	548
throughway	3.96	5
throw	4.04	6570
throwaway	2.92	9
throwback	2.23	26
thrower	3.46	24
throwing	3.69	1488
thrown	4.33	1047
thrush	3.92	19
thrust	3.29	197
thrusting	3.1	15
thud	3.2	99
thudding	3.59	31
thug	4.3	178
thuggery	2.5	2
thuggish	2.2200000000000002	2
thumb	4.96	603
thumbed	3.71	8
thumbhole	4.42	2
thumbnail	4.5	7
thumbprint	4.6900000000000004	28
thumbscrew	4.32	3
thumbtack	4.96	9
thump	3.77	99
thumping	4	73
thunder	4.34	679
thunderbird	4.25	21
thunderbolt	4.28	86
thunderclap	3.96	29
thundercloud	4.5199999999999996	8
thundering	3.29	47
thunderous	3.08	14
thunderously	2	3
thundershower	4.72	2
thunderstorm	4.83	32
thunderstruck	2.08	2
thunk	2.87	0
thursday	3.03	1232
thus	1.36	628
thusly	1.23	8
thwart	2.38	17
thwarter	2.96	0
thwarting	2.04	7
thy	2.15	1243
thyme	4.96	10
thyroid	4.6100000000000003	28
thyroidal	2.65	0
thyself	2.27	42
tiara	4.8899999999999997	91
tibia	4.4800000000000004	32
tic	3.77	77
tick	4.57	370
ticked	2.69	55
ticker	3.93	55
tickertape	4.71	0
ticket	4.7	2324
ticketing	3.2	2
ticketless	3.07	0
ticking	3.97	223
tickle	3.85	245
tickled	3.83	101
tickler	3.76	11
tickling	4.17	51
ticklish	3.22	58
ticklishness	2.83	0
ticktacktoe	4.33	0
tidal	3.14	53
tidbit	3.19	17
tide	4.0999999999999996	375
tidemark	3.73	0
tidewater	4.54	9
tidily	2.4500000000000002	1
tidiness	2.82	2
tiding	2.29	0
tidings	2.8	57
tidy	3.03	189
tie	4.8099999999999996	2266
tiebreaker	3.08	12
tied	3.92	1364
tier	3.67	54
tiered	3.18	1
tiger	5	945
tigerish	2.71	0
tight	3.87	2597
tighten	3.33	146
tightfisted	3.04	3
tightlipped	2.85	2
tightly	2.4700000000000002	85
tightness	2.79	6
tightrope	4.78	24
tights	4.62	135
tightwad	3.19	12
tigress	4.3	14
tile	4.68	108
tiled	4.58	2
tiling	3.9	4
till	4	8503
tiller	4.26	20
tilt	4.04	113
tilting	3.86	33
timber	4.9000000000000004	127
timbered	3.21	1
timbering	3.15	0
timberline	3.68	17
timberwork	3.91	0
timbre	3.22	7
time	3.07	99890
timecard	4.76	4
timed	3.68	82
timekeeper	3.93	6
timekeeping	2.92	1
timeless	1.57	44
timelessly	1.69	0
timelessness	1.65	2
timeline	3.57	0
timeliness	2.11	1
timely	2.2799999999999998	55
timeout	3.25	26
timepiece	4.3600000000000003	14
timer	4.6900000000000004	319
times	2.0699999999999998	11221
timesaver	2.2799999999999998	4
timesaving	1.88	0
timescale	2.88	0
timeshare	3.76	12
timestamp	4.43	1
timetable	4.08	82
timeworn	2.4300000000000002	0
timid	2.2200000000000002	77
timidity	1.97	6
timidly	2.19	2
timing	2.86	764
timothy	3.48	176
tin	4.87	441
tinder	3.96	3
tinderbox	4.79	2
tinfoil	4.96	24
tinge	2.65	10
tinged	2.33	1
tingle	3.16	56
tingling	2.93	56
tingly	2.52	35
tinker	3.19	113
tinkerer	3.38	1
tinkle	3.52	47
tinkling	3.77	38
tinplate	4	5
tinsel	4.82	24
tinsmith	4.38	1
tint	4	15
tinted	3.93	23
tinting	3.9	5
tinwork	4	0
tiny	3.11	1643
tip	4.5	1409
tipoff	2.96	3
tipped	3.81	244
tipper	3.37	34
tipping	3.32	82
tippy	2.38	27
tipsily	2.23	0
tipsy	2.35	33
tiptoe	3.89	45
tiptoeing	4.3600000000000003	13
tiptop	2.66	14
tirade	2.81	10
tiramisu	5	0
tire	5	631
tired	3	5745
tiredly	2.34	0
tiredness	2.68	2
tireless	2.38	34
tirelessly	2.34	14
tirelessness	2.2799999999999998	0
tiresome	2.08	74
tiresomely	1.52	2
tiresomeness	2.21	0
tiring	2.52	60
tissue	4.93	547
tit	4.6399999999999997	171
titan	3.76	74
titanic	3.93	128
titanium	4.67	80
tithing	3	2
titillate	1.56	8
titillating	1.88	14
titillation	2.13	6
title	3.32	947
titled	2.4300000000000002	35
titleholder	3.75	0
to	1.55	1156570
toad	5	290
toadfish	4.8	0
toadstool	4.82	17
toast	4.93	1707
toaster	4.9000000000000004	198
toastmaster	3.88	3
toasty	3.38	34
tobacco	4.88	356
toboggan	4.76	4
today	2.57	22124
toddler	4.29	40
toddy	3.32	127
toe	4.93	647
toehold	3.58	7
toeless	4.1399999999999997	1
toenail	4.8600000000000003	44
toffee	4.8899999999999997	22
tofu	4.8600000000000003	137
toga	4.7300000000000004	47
together	2.74	19553
togetherness	2.62	29
toggle	3.48	15
toil	2.67	51
toiled	2.59	9
toiler	3.04	1
toilet	4.97	1474
toiletpaper	4.88	0
toiletry	4.5199999999999996	3
toilette	3.96	5
toiling	2.46	11
toke	3.39	41
token	4.3	205
told	2.31	35679
tolerability	1.62	0
tolerable	2.04	23
tolerably	1.64	5
tolerance	2.11	130
tolerant	2.0699999999999998	65
tolerantly	2.0299999999999998	2
tolerate	1.78	354
toleration	2.2200000000000002	0
toll	3.54	171
tollbooth	4.76	11
tollgate	4.6900000000000004	2
tollhouse	4.1900000000000004	2
tolling	2.5	40
tom	3.96	5588
tomahawk	4.83	22
tomato	5	301
tomb	4.7300000000000004	287
tomblike	3.05	0
tomboy	4.25	15
tomboyish	2.31	0
tombstone	4.71	109
tomcat	4.42	34
tomfoolery	2.59	17
tomorrow	2.04	17134
ton	4.17	382
tonality	2.36	2
tone	3.07	860
toned	3.33	18
toneless	2.4300000000000002	1
tonelessly	2.15	0
toner	4.17	44
tong	4.4000000000000004	116
tongs	5	40
tongue	4.93	1589
tongued	3.2	1
tonguing	3.58	5
tonic	4.0999999999999996	195
tonight	2.93	21047
tonsil	4.72	18
tonsillectomy	3.62	4
tonsillitis	4.07	1
tony	3.33	3503
too	1.7	69950
took	2.61	17454
tool	4.5999999999999996	548
toolbar	4.54	0
toolbox	4.75	64
tooling	3.04	19
toolkit	4.76	7
toolmaker	3.69	0
toolshed	4.7300000000000004	3
toot	3.57	80
tooth	4.8899999999999997	692
toothache	3.42	58
toothbrush	5	255
toothed	3.46	0
toothless	4.26	28
toothlessly	3.46	0
toothpaste	4.97	160
toothpick	4.93	52
toothy	3.18	5
toots	3.16	168
top	3.93	6805
topaz	4.37	51
topcoat	4.76	12
topic	2.59	271
topical	2.76	26
topically	2.44	0
topless	4.1100000000000003	100
topmost	2.92	3
topnotch	2.1	20
topographer	3.5	0
topographic	2.92	1
topographical	3.15	4
topographically	2.2999999999999998	0
topography	3.64	13
topologic	3.12	0
topological	2.71	0
topologist	3.67	0
topped	3.5	48
topper	3.77	85
topping	4	45
topple	3.59	32
tops	3.83	375
topsail	4.5	7
topside	4.04	66
topsoil	4.8499999999999996	10
torch	4.76	254
torchbearer	3.9	3
torchlight	4.28	4
tore	3.72	423
torment	2.62	139
tormented	2.36	53
tormenting	2.7	37
tormentor	3.29	3
torn	4.21	553
tornado	4.53	130
torpedo	4.96	326
torque	3.28	37
torrent	3.31	21
torrential	2.75	6
torrentially	2.19	0
torrid	2.17	28
torridly	1.96	0
torso	4.83	94
tortellini	4.8899999999999997	10
tortilla	4.8899999999999997	16
tortoise	4.87	57
tortoiseshell	4.6500000000000004	3
tortuous	2.35	6
tortuously	2	0
torture	3.59	812
tortured	3.04	381
torturer	4.3099999999999996	13
torturing	3.44	171
torturous	2.2000000000000002	13
torturously	2.2000000000000002	0
toss	3.96	632
tossing	4.1900000000000004	139
tossup	2.04	5
tostada	4.5199999999999996	8
tot	4.22	54
total	2.8	1920
totalitarian	2.6	8
totalitarianism	2.12	2
totality	1.92	7
totally	1.78	4377
tote	4.38	55
totem	4	44
toucan	4.66	4
touch	3.86	7534
touchable	3.34	0
touchdown	3.88	253
touched	3.11	1505
touchiness	2.65	0
touching	3.43	888
touchingly	2.27	3
touchpad	4.7699999999999996	0
touchscreen	4.6100000000000003	0
touchstone	2.64	10
touchup	3.17	1
touchy	2.44	160
tough	2.5	4616
toughen	2.41	30
toughly	2.14	1
toughness	2.41	14
toupee	4.6500000000000004	64
tour	3.38	1571
touring	2.5499999999999998	77
tourism	3	33
tourist	4.59	237
touristy	1.92	6
tournament	4.1100000000000003	464
tourniquet	4.5	50
tow	3.79	295
towable	3.11	0
toward	2.2799999999999998	1169
towards	2.79	1399
towboat	4.8600000000000003	0
towel	4.8600000000000003	722
toweling	3.41	2
tower	4.76	1165
towered	3.1	5
towering	2.93	32
towhead	3.9	1
towing	4.38	48
towline	4.5199999999999996	12
town	4.6399999999999997	12644
townhome	4.68	0
townhouse	4.8600000000000003	38
townie	3.12	17
townscape	4.12	0
townsfolk	3.82	20
township	3.15	25
townsman	4	3
townspeople	4.21	55
townswoman	4.24	1
towrope	4.74	0
toxic	3.13	250
toxically	1.8	0
toxicity	2.79	24
toxicological	2	2
toxicologically	2.04	0
toxicologist	3.68	1
toxicology	2.4	53
toxin	3.89	46
toy	4.93	859
toying	2.2999999999999998	57
toymaker	4.46	45
toyshop	4.67	0
trace	3.66	989
traceability	2.31	0
traceable	2.14	24
traceableness	2.1800000000000002	0
traceably	2.67	0
traceless	2.1	0
tracer	3.57	86
trachea	4.4800000000000004	35
tracheotomy	3.96	19
tracing	3.78	86
track	4.3099999999999996	2843
tracked	2.93	250
tracker	3.89	83
tracklayer	3.67	0
trackless	2.78	9
trackside	3.67	1
tracksuit	4.7300000000000004	4
tract	3.46	73
tractability	2.04	0
traction	3.59	96
tractor	5	190
trade	3.08	1795
tradecraft	2.83	2
trademark	3.13	75
tradeoff	2.61	8
trader	3.89	80
tradesman	4.07	6
tradesperson	4.38	0
tradeswoman	4.5199999999999996	0
trading	3.14	305
tradition	1.69	697
traditional	1.76	415
traditionalism	2.04	2
traditionalist	2.44	14
traditionalistic	1.59	0
traditionalize	1.77	0
traditionally	1.41	47
traffic	4.67	1454
trafficker	3.25	8
trafficking	2.54	53
tragedy	2.0699999999999998	723
tragic	2	624
tragically	1.76	68
tragicomedy	2.2999999999999998	1
trail	4.46	979
trailblazer	2.48	3
trailer	4.79	579
trailing	2.83	80
trailside	3.74	0
train	4.79	4848
trainable	1.83	0
traindriver	4.54	0
trained	2.54	962
trainee	3.89	68
trainer	4.3099999999999996	284
training	3.3	1792
trainload	4.18	6
trait	2.72	55
traitor	3.69	540
traitorous	1.71	24
trajectory	3.1	94
tramp	3.9	423
trample	3.28	41
trampoline	5	34
trance	3	268
trancelike	2.19	2
tranquil	1.9	42
tranquility	2.33	37
tranquilization	2.4500000000000002	0
tranquilize	3.41	7
tranquilized	3.34	6
tranquilizer	4.55	92
tranquilizers	4.26	45
tranquilizing	2.46	0
tranquillity	1.89	15
tranquillization	2.73	0
tranquillize	2.5	1
tranquilly	1.61	0
transact	2.6	11
transaction	2.9	150
transactional	1.72	1
transatlantic	2.88	32
transceiver	4.32	49
transcend	1.93	24
transcendence	1.48	5
transcendent	1.64	21
transcendental	1.48	7
transcendentally	1.56	0
transcendently	1.62	0
transcending	1.41	4
transcontinental	3.21	16
transcribe	3.38	6
transcriber	4.22	3
transcript	4.07	705
transcription	3.32	33
transcriptional	2.35	0
transducer	3.81	10
transect	2.56	4
transfer	3.04	1048
transferability	1.73	0
transferable	2.2599999999999998	4
transference	1.86	44
transferral	2.0299999999999998	1
transferred	3.07	599
transferring	2.67	120
transfiguration	2.35	1
transform	2.41	112
transformability	1.83	0
transformable	2.3199999999999998	0
transformation	2.94	101
transformational	1.85	1
transformative	1.56	1
transformer	3.75	27
transforming	2.3199999999999998	30
transfuse	2.46	15
transfusion	3.41	78
transgender	3.07	4
transgendered	3.04	3
transgress	2.17	7
transgressing	1.86	0
transgression	2.48	25
transgressor	3.21	4
transiency	1.32	0
transient	2.68	52
transistor	4.12	30
transit	3.61	162
transition	2.19	159
transitional	1.87	23
transitionally	1.86	0
transitive	1.5	6
transitiveness	1.54	0
transitory	1.64	12
translatable	2.17	1
translate	2.69	246
translation	2.96	239
translational	1.84	0
translator	3.86	115
translucence	3.19	1
translucency	2.85	0
translucent	3.15	13
translucently	3	0
transmigration	2.0499999999999998	4
transmissibility	2	0
transmissible	2.23	0
transmission	4	435
transmit	3.31	146
transmittable	2.27	2
transmittal	2.14	0
transmittance	1.96	0
transmitter	4.37	205
transnational	2.11	4
transoceanic	3	2
transparence	2.7	0
transparency	3.03	5
transparent	3.18	92
transparently	2.86	4
transpire	2.27	5
transplant	3.77	260
transplantable	2.7	0
transplantation	3.48	8
transponder	4.5	71
transport	3.5	571
transportability	2.79	0
transportable	3.03	2
transportation	3.89	283
transported	2.96	105
transporter	3.96	82
transporting	3.21	75
transposable	2.15	0
transpose	2.4700000000000002	4
transposition	2.31	5
transsexual	3.45	27
transversally	1.92	0
transverse	2.19	15
transvestite	3.85	83
trap	4.3	1216
trapdoor	4.5599999999999996	21
trapeze	4.55	69
trapezoid	4.43	3
trapezoidal	3.64	1
trapped	3.31	1030
trapper	3.59	84
trapping	3.38	36
traps	4.1500000000000004	238
trapshooting	4.43	0
trash	4.7	1146
trashcan	4.8600000000000003	19
trashiness	2.2799999999999998	0
trashy	2.81	54
trauma	2.72	869
traumatic	2.37	138
traumatically	2.34	0
traumatize	2.2000000000000002	10
travel	3.67	1702
traveled	2.54	343
traveler	4.07	154
traveling	3.5	724
travelled	3.08	97
traveller	4.57	40
traversable	2.2799999999999998	0
traversal	2.4	0
traverse	2.88	37
traversed	2.85	2
traversing	3.23	11
travesty	2.0699999999999998	46
tray	4.74	410
treacherous	2.21	111
treacherously	2.2400000000000002	2
treacherousness	2.44	0
treachery	1.69	96
tread	3.57	116
treading	3.25	28
treadmill	4.93	42
treason	2.0299999999999998	259
treasonable	1.79	6
treasonous	1.46	9
treasonously	1.26	0
treasure	4.32	972
treasured	2.52	30
treasurer	3.73	57
treasury	3.33	194
treat	3.79	2646
treatable	2.5499999999999998	29
treating	2.12	605
treatment	2.93	985
treaty	3.07	239
treble	2.72	9
tree	5	3315
treehouse	4.88	0
treeless	4.24	2
treelike	3	1
treeline	4.8499999999999996	7
treetop	4.74	13
trek	3.31	229
trekker	4	16
trelliswork	4.04	0
tremble	3.61	114
trembling	3.39	136
tremblingly	2.67	0
tremendous	2.1	431
tremendously	1.55	53
tremendousness	1.54	0
tremor	3.89	41
trench	4.46	157
trenchcoat	4.93	0
trenched	3.12	2
trencher	3.62	5
trend	2.42	106
trendiness	1.92	2
trendsetter	2.6	4
trendsetting	1.64	2
trendy	2.33	44
trepidation	1.68	7
trespass	3.43	73
trespasser	4.1100000000000003	6
tresses	3.92	3
trestle	3.46	8
triage	3.17	84
trial	3.07	2518
triangle	4.5199999999999996	218
triangular	4.07	12
triangularly	2.5	0
triangulate	2.81	29
triangulation	2.39	18
triathlete	4.33	1
triathlon	3.26	22
tribal	2.5	95
tribalism	2.64	0
tribally	2.25	0
tribe	4.1399999999999997	325
tribesman	4.6100000000000003	3
tribeswoman	4.2	1
tribulation	2.15	2
tribunal	2.7	55
tribune	2.93	103
tributary	3.68	16
tribute	2.67	267
triceps	4.46	13
triceratops	4.1100000000000003	2
trick	3.36	2411
trickery	1.9	38
trickily	2.2799999999999998	0
trickiness	1.69	0
tricking	2.37	44
trickle	3.59	16
trickling	3.48	15
trickster	3.21	22
tricky	2.04	406
tricolor	3.46	1
tricolored	3.66	1
tricycle	4.68	27
trident	4.5	24
tridimensional	2.92	0
tried	2.0699999999999998	9529
trifle	2.69	107
trifling	1.63	35
trifocals	4.43	0
trigger	4.3099999999999996	861
triggered	2.59	126
triggerman	4.2	12
triglyceride	3.9	9
trigonometric	2.42	0
trigonometry	3.54	15
trilingual	2.8	1
trillion	2.72	52
trillionth	2.8	0
trilogy	3.5	32
trim	3.93	218
trimester	2.78	43
trimmer	3.42	15
trimming	3.86	33
trimness	2.38	0
trinity	2.93	149
trinket	4.4800000000000004	36
trio	3.97	66
trip	3.71	4202
tripe	3.54	41
triple	3.59	479
triplet	4.3600000000000003	2
triplex	3.68	3
triplicate	2.96	38
tripod	4.72	46
tripper	4.04	7
tripping	3.31	194
tripwire	4.13	4
trisected	3.46	0
trisection	3.41	0
trite	2.09	40
tritely	1.69	0
triteness	1.85	0
triumph	2.17	237
triumphant	2	70
triumphantly	2.04	6
triumphing	1.92	3
trivia	2.64	45
trivial	2.1	93
trivialize	2	16
trivially	1.68	1
trivialness	1.62	0
trod	3.09	23
trodden	3.07	4
troll	4.28	138
trolley	4.7300000000000004	72
trolling	3.04	29
trombone	4.9000000000000004	65
trombonist	4.21	0
troop	4.34	296
trooper	4	226
troops	4.21	983
trophy	4.8899999999999997	385
tropic	3.16	36
tropical	3.25	163
tropically	2.75	1
tropics	4.08	40
trot	4.1100000000000003	92
trotter	3.44	22
trouble	2.25	11401
troubled	1.82	346
troublemaker	2.96	110
troublemaking	2.42	6
troubleshoot	2.48	0
troubleshooter	3.52	7
troublesome	2.04	79
troublesomely	1.67	0
troublesomeness	1.69	0
troubling	2	119
troublingly	2.54	0
trough	4.17	72
trounce	3.04	3
troupe	4	90
trouser	4.8899999999999997	20
trousers	4.93	263
trout	4.72	205
trowel	4.16	14
truant	2.92	18
truce	2.4700000000000002	220
truck	4.84	3716
trucker	4.55	61
trucking	3.72	53
truckload	4.2	51
trucks	4.8899999999999997	503
truculent	1.96	4
trudge	3.21	12
true	1.7	0
truehearted	1.54	1
truelove	2.46	5
trueness	1.46	0
truffle	4.5999999999999996	23
truly	1.62	1830
trump	2.57	115
trumpet	4.8600000000000003	210
trumpeter	4.5599999999999996	10
trumpeting	2.85	6
truncate	2.6	0
trundling	2.61	4
trunk	4.71	1010
trunks	4.75	128
trust	2.04	9087
trustable	1.43	1
trustee	3.3	42
trusteeship	2.31	1
trustful	1.76	5
trustfully	2.2400000000000002	0
trustfulness	1.85	0
trustily	1.89	0
trustiness	1.88	0
trusting	1.4	294
trustingly	1.54	1
trustless	1.54	0
trustworthily	1.96	0
trustworthiness	1.88	0
trustworthy	2.39	94
trusty	2.23	72
truth	1.96	9801
truthful	1.9	109
truthfully	1.72	120
truthfulness	1.81	9
truthiness	1.67	0
try	2.2200000000000002	24314
trying	2.11	22849
tryout	2.64	44
tryst	2.04	20
tsar	3.92	19
t-shirt	4.93	0
tsunami	4.33	27
tub	4.6399999999999997	647
tuba	4.8600000000000003	61
tubbiness	2.64	0
tubby	3.07	31
tube	4.82	838
tubeless	3.44	0
tuberculosis	3.62	32
tubful	3.92	2
tubing	4.38	35
tubular	2.76	14
tuck	3.86	406
tucking	4.0999999999999996	34
tuesday	3.29	1206
tuft	3.85	2
tug	3.5	140
tugboat	4.78	23
tugging	3.08	21
tuition	3.52	206
tulip	5	40
tumble	3.89	79
tumbled	3.37	12
tumbler	4.08	18
tumbleweed	4.84	22
tumbling	3.76	62
tummy	4.68	177
tumor	4.5599999999999996	263
tumultuously	1.58	1
tumultuousness	1.85	0
tuna	4.8899999999999997	408
tunable	2.6	0
tundra	4.21	14
tune	3.5	796
tuneable	2.73	0
tuned	2.41	182
tuneful	2.08	0
tuneless	2.08	5
tunelessly	2.76	4
tuner	3.73	9
tungsten	4.38	8
tunic	3.75	28
tuning	2.89	96
tunnel	4.82	912
tunneled	3.53	5
tunneling	3	11
tupperware	4.82	0
turban	4.76	66
turbine	4.59	46
turbines	4.46	21
turbo	3.14	148
turbocharger	4.07	2
turbofan	4.58	0
turbojet	4.46	3
turbulence	3.57	99
turbulent	2.67	33
turbulently	2.52	0
turd	4	141
turf	4.0999999999999996	218
turkey	4.8899999999999997	1153
turmoil	2.11	63
turn	3.44	15630
turnabout	2.79	10
turnaround	2.96	25
turncoat	4.1100000000000003	13
turned	3.38	5388
turner	3.35	574
turning	3.19	2061
turnip	4.79	88
turnoff	2.36	36
turnout	3.07	84
turnover	3.45	30
turnpike	4.38	47
turns	3.41	2552
turnstile	4.3600000000000003	19
turntable	4.57	18
turpentine	4.8600000000000003	47
turquoise	4.41	45
turret	4.6100000000000003	45
turtle	5	869
turtledove	4.6100000000000003	17
turtlehead	4.08	2
turtleneck	4.7	42
tush	4.45	66
tusk	4.76	13
tusked	3.36	2
tussle	2.71	24
tutor	4.28	235
tutorial	3.07	20
tutoring	3.52	102
tutorship	2.5	0
tutu	4.68	35
tux	4.96	176
tuxedo	4.8600000000000003	158
tv	5	5199
twain	2.92	145
twang	2.96	8
twat	3.29	67
tweak	2.79	34
tweaker	2.59	15
tweed	4.8099999999999996	61
tween	3.37	11
tweet	3.52	43
tweeter	3.56	22
tweeting	3.47	3
tweeze	3.57	7
tweezer	4.8899999999999997	2
tweezers	4.96	52
twelfth	3.07	46
twelve	3.61	960
twelvefold	2.83	0
twentieth	3.58	30
twenty	3.67	1378
twentyfold	3.54	2
twerp	2.44	77
twice	2.93	3191
twiddle	2.96	15
twiddling	3.07	13
twig	4.75	69
twiggy	3.31	9
twilight	4.1100000000000003	156
twin	4.17	532
twine	4.03	29
twinge	2.56	26
twinkle	3.21	157
twinkles	3.37	5
twinkling	3.62	28
twinkly	3.17	7
twins	4.57	770
twirl	3.92	67
twirler	3.6	7
twist	3.9	643
twistable	3.19	0
twisted	3.23	540
twister	4.4400000000000004	79
twisting	3.43	111
twistingly	2.48	0
twisty	3.07	12
twit	2.68	71
twitch	3.79	109
twitchily	2.96	0
twitchiness	3.12	0
twitchingly	2.23	0
twitchy	3.32	30
twitter	4.0999999999999996	8
two	4.18	54384
twofaced	2.04	0
twofold	2.54	8
twosome	3.28	23
tycoon	3.68	52
tying	3.55	158
tyke	4	27
type	3.3	3093
typecast	2.77	8
typeface	4.21	9
typescript	4.37	0
typeset	4.1399999999999997	1
typesetter	3.82	2
typesetting	3.42	2
typewrite	3.96	1
typewriter	4.88	161
typewriting	4.43	3
typewritten	4	8
typhoid	3.38	25
typhoon	4.55	75
typhus	2.85	26
typical	1.52	642
typicality	1.53	0
typically	1.67	138
typist	4.41	42
typo	3.64	34
typographer	4.46	0
typographic	3.12	0
typographical	2.34	4
typographically	2.2000000000000002	0
typography	3.34	0
typological	2.12	0
tyrannical	2.19	15
tyrannically	1.76	0
tyrannize	1.75	0
tyrannizing	2.15	0
tyrannosaurus	4.62	20
tyrannously	1.62	0
tyranny	1.68	82
tyrant	3.8	98
ubiquitous	2.04	23
udder	5	11
ugh	1.72	738
ugliness	3.25	63
ugly	3.23	2150
ukulele	4.62	29
ulcer	4.6900000000000004	131
ulcerated	2.85	5
ulcerative	2.4	2
ulterior	1.44	46
ultimate	1.7	460
ultimately	1.26	288
ultimatum	2.0699999999999998	66
ultra	1.55	57
ultraconservatism	1.59	0
ultraconservative	2.2000000000000002	0
ultrafashionable	2.48	0
ultrafast	2.8	0
ultraliberal	2.04	0
ultralight	3.11	0
ultralow	2.12	1
ultramicroscopic	2.8	0
ultramodern	2.67	1
ultraorthodox	1.61	0
ultrashort	3.04	0
ultrasonic	2.83	12
ultrasound	3.97	125
ultraviolent	2.69	0
ultraviolet	3.22	32
umbilical	3.88	62
umbrella	5	382
umpire	4.2699999999999996	54
unabashed	1.89	4
unabashedly	1.46	4
unabated	1.85	9
unabatedly	1.93	1
unabbreviated	1.93	0
unable	1.77	523
unabridged	2.12	2
unabsorbed	3.11	0
unaccented	2.44	0
unacceptability	1.96	1
unacceptable	1.73	271
unacceptably	1.69	0
unaccepted	2.1	0
unaccommodating	1.69	2
unaccompanied	2.74	14
unaccomplished	2	1
unaccountability	1.6	0
unaccountable	1.78	3
unaccountably	1.65	4
unaccounted	1.89	50
unaccredited	1.97	0
unaccustomed	1.79	10
unachievable	1.52	2
unachieved	1.92	0
unacknowledged	1.81	4
unacquainted	1.96	4
unaddressed	1.93	0
unadjusted	1.9	0
unadoptable	1.79	0
unadorned	2.66	6
unadulterated	2.0699999999999998	20
unadventurous	2.0299999999999998	2
unadventurously	1.69	0
unadvertised	2.31	0
unadvisable	1.69	0
unadvised	1.72	2
unadvisedly	1.3	6
unaesthetic	2.5	1
unaffected	1.77	22
unaffectedly	1.52	0
unaffectedness	1.75	0
unaffecting	1.96	0
unaffectionate	2.4	0
unaffiliated	2.21	2
unaffordable	2.59	2
unafraid	1.84	26
unaggressive	2.2599999999999998	0
unaided	1.88	4
unaired	1.72	0
unalarmed	2.12	0
unalienable	2.04	2
unaligned	2.5	0
unalike	1.91	1
unallied	1.69	0
unallowable	1.78	0
unalterable	1.78	5
unalterably	1.93	1
unaltered	1.7	7
unambiguous	1.4	3
unambiguously	1.67	1
unambiguousness	1.61	0
unanalyzed	1.48	0
unanchored	3	1
unanimated	2.23	0
unanimous	2.7	107
unanimously	2.88	31
unannounced	2.4	67
unanswerable	1.9	5
unanswerably	1.43	0
unanswered	2.67	50
unanticipated	1.44	5
unapologetic	1.93	4
unapparent	1.43	0
unappealing	2.1	16
unappeasable	1.59	0
unappeasably	1.71	0
unappeased	1.61	1
unappetizing	1.7	3
unapplied	1.68	0
unappreciable	1.7	0
unappreciated	1.67	24
unappreciative	1.93	7
unappreciatively	1.72	0
unapproachable	1.41	15
unappropriate	1.58	0
unapproved	2	10
unarguable	1.73	0
unarguably	1.58	2
unarm	3.12	0
unarmed	3.54	197
unarmored	3.75	0
unarranged	2.3199999999999998	0
unarticulated	2	0
unascertainable	1.64	0
unascertained	1.31	0
unashamed	1.67	6
unashamedly	1.9	1
unassailable	1.77	4
unassailably	1.67	1
unassembled	3.46	0
unasserted	1.58	0
unassertive	1.78	0
unassertiveness	1.81	0
unassigned	2	5
unassimilated	1.75	0
unassisted	1.73	11
unassociated	1.59	0
unassuming	1.85	17
unassumingly	1.81	0
unattached	2.48	28
unattainable	1.73	25
unattainably	1.71	0
unattained	1.97	0
unattended	2.92	51
unattested	1.62	0
unattractive	2.04	92
unattractively	1.86	0
unattractiveness	2.2200000000000002	0
unattributed	2.11	1
unaudited	1.81	0
unauthentic	1.83	0
unauthenticated	2	0
unauthorized	2.48	118
unavailability	2.0699999999999998	2
unavailable	1.93	105
unavailing	1.69	3
unavoidable	1.64	61
unavoidably	2.17	13
unawake	3.19	0
unaware	1.75	120
unawareness	1.74	0
unawares	1.87	13
unbaked	3.77	1
unbalance	2.46	6
unbalanced	2.19	35
unbalancing	2.37	0
unbarred	2.58	1
unbearable	2	129
unbearably	2.23	13
unbeatable	1.73	40
unbeatably	1.74	0
unbeaten	2.42	6
unbeautiful	1.81	2
unbecoming	2.2999999999999998	32
unbecomingly	2	0
unbecomingness	1.52	0
unbefitting	1.48	1
unbeknown	1.96	0
unbeknownst	1.48	15
unbelief	1.56	1
unbelievable	1.54	1500
unbelievably	1.66	112
unbeliever	1.88	4
unbelieving	1.69	5
unbelievingly	1.96	0
unbend	3.27	2
unbendable	2.79	0
unbending	2.36	3
unbendingly	2.1800000000000002	0
unbeneficial	1.43	0
unbent	2.92	1
unbiased	2.0699999999999998	15
unbigoted	1.52	0
unbilled	2.38	1
unbind	3.62	7
unbinding	2.0699999999999998	0
unbitten	2.68	0
unbleached	3.79	2
unblemished	3	11
unblended	2.56	1
unblessed	1.37	3
unblinking	3.04	3
unblinkingly	2.68	0
unblock	3	8
unblocked	2.93	3
unblushing	2.25	0
unblushingly	2.04	0
unbolt	3.89	2
unbolted	3.32	0
unborn	2.62	116
unbothered	1.61	0
unbound	2.63	12
unbounded	2.33	7
unbowed	2.58	5
unboxed	3.15	0
unbraid	3.89	1
unbraided	3.25	0
unbranded	2.65	0
unbreakable	2.82	35
unbridle	2.38	0
unbridled	1.35	30
unbroken	3.37	20
unbuckle	3.59	18
unbuckled	3.97	12
unbudgeted	2.73	0
unbundle	3.44	0
unbundled	2.85	0
unburden	2	11
unburdened	2.17	5
unburied	3.43	1
unburnable	2.68	0
unburned	3.4	9
unbury	2.96	1
unbutton	3.93	38
unbuttoned	4.32	18
uncalculated	1.96	1
uncalculating	1.48	0
uncalled	2.2999999999999998	39
uncannily	1.92	4
uncanny	1.63	76
uncanvassed	3	0
uncap	3.32	1
uncapped	3.25	1
uncapsizable	3.04	0
uncaptioned	2.4500000000000002	0
uncaring	1.87	14
uncarpeted	3.84	0
uncased	3.08	0
uncatchable	2.19	4
uncategorized	1.96	0
unceasing	2.31	8
unceasingly	1.54	5
uncelebrated	1.93	1
uncensored	2.1	8
unceremonious	1.75	6
unceremoniously	1.69	5
uncertain	1.88	121
uncertainly	1.96	0
uncertainness	1.75	0
uncertainty	1.75	69
uncertified	2.15	0
unchain	3.27	9
unchained	3.41	6
unchallengeable	1.81	0
unchallenged	2.11	12
unchallenging	2.08	1
unchangeable	2.14	7
unchangeableness	1.74	0
unchangeably	1.72	0
unchanged	2.2599999999999998	36
unchanging	2.11	8
unchangingly	1.93	0
uncharacteristic	1.85	5
uncharacteristically	1.93	6
uncharacterized	1.97	0
uncharged	2.1800000000000002	0
uncharitable	2.11	3
uncharitably	1.5	0
uncharted	2.69	60
unchartered	2.37	2
unchaste	2.19	2
uncheck	3.14	2
unchecked	2.11	19
unchristian	1.55	7
uncirculated	2.2999999999999998	0
uncircumcised	4.32	14
uncivil	1.7	3
uncivilized	2.2599999999999998	35
uncivilly	1.79	0
unclad	3.04	0
unclaimed	2.62	19
unclamp	3.36	0
unclamped	3.3	0
unclasp	3.26	3
unclasped	3.16	1
unclassifiable	1.83	0
unclassified	2.39	3
uncle	4.24	6327
unclean	3.21	65
uncleanly	2.57	0
uncleanness	2.5	1
unclear	2.39	75
unclench	2.96	9
unclick	2.83	1
unclip	3.61	1
unclipped	2.81	1
uncloak	3.04	1
uncloaked	3.08	0
unclog	3.67	3
unclogged	3.42	0
unclosed	3.2	1
unclothe	3.37	0
unclothed	3.92	0
unclouded	2.12	2
uncluttered	2.93	4
uncoated	3.29	0
uncoil	3.79	2
uncoiled	2.97	0
uncollected	2.38	1
uncollectible	2.15	0
uncolored	3.67	0
uncombed	3.23	4
uncombined	2.81	0
uncomely	1.92	0
uncomfortable	2.0699999999999998	798
uncomfortably	2.52	9
uncomforted	2.11	0
uncomforting	1.92	0
uncommented	2.2999999999999998	0
uncommitted	1.83	6
uncommon	2.38	110
uncommonly	1.79	13
uncommonness	1.48	0
uncommunicative	2.0699999999999998	5
uncommunicatively	1.88	0
uncommunicativeness	1.8	0
uncompassionate	1.52	0
uncompelled	1.59	0
uncompensated	2.36	0
uncompetitive	1.87	0
uncompleted	3.21	4
uncomplicated	1.97	31
uncomplimentary	1.93	1
uncompounded	1.96	1
uncomprehending	1.76	1
uncomprehendingly	1.67	0
uncompressed	2.93	0
uncompressible	1.78	0
uncompromised	1.92	2
uncompromising	1.93	21
uncompromisingly	1.45	1
unconcealed	2.96	0
unconceivable	1.95	1
unconcern	1.96	0
unconcerned	2.0699999999999998	16
unconcernedly	1.6	1
unconcluded	1.85	0
uncondensed	2.67	0
unconditional	1.77	47
unconditionally	1.96	20
unconditioned	1.93	1
unconfident	1.68	0
unconfidently	2.04	0
unconfined	2.96	2
unconfirmed	2.23	32
unconformable	2.14	0
unconformity	1.88	0
unconfused	1.88	1
uncongested	2.8	0
unconnected	2.71	13
unconnectedly	1.77	0
unconquerable	2.11	3
unconquered	2.23	4
unconscientiously	1.81	0
unconscionable	1.68	18
unconscionably	1.68	2
unconscious	2.4500000000000002	583
unconsciously	1.57	44
unconsciousness	2.93	13
unconsidered	1.85	0
unconsolidated	2.37	0
unconstitutional	2.79	16
unconstitutionality	1.85	1
unconstitutionally	1.52	0
unconstrained	1.89	4
unconstructed	2.48	0
unconstructive	1.96	0
unconsumed	2.2999999999999998	0
unconsummated	2.39	1
uncontainable	2.19	0
uncontained	1.93	1
uncontaminated	2.96	3
uncontestable	1.83	2
uncontested	2.36	5
uncontrived	2.04	0
uncontrollability	1.83	0
uncontrollable	2.11	56
uncontrollably	2	15
uncontrolled	1.72	15
uncontroversial	1.93	8
unconventional	1.96	44
unconventionality	1.39	2
unconventionally	1.38	0
unconverted	2.12	0
unconvertible	2.12	0
unconvinced	1.73	8
unconvincing	1.93	5
unconvincingly	1.84	1
uncooked	3.86	5
uncooperative	1.85	32
uncoordinated	2.64	7
uncork	3.61	12
uncorked	3.23	3
uncorking	3.78	2
uncorrectable	2.08	0
uncorrected	2.2200000000000002	1
uncorrelated	1.7	0
uncorrupt	2	0
uncorrupted	1.86	3
uncorrupting	1.57	0
uncountable	1.7	1
uncounted	2.2200000000000002	4
uncouple	3.18	8
uncoupled	2.91	3
uncourageous	1.52	0
uncouth	1.87	29
uncouthly	2.04	0
uncouthness	1.89	0
uncover	3.42	98
uncovered	3.39	130
uncreated	1.65	1
uncreative	2.0699999999999998	2
uncritical	1.6	2
uncritically	1.59	0
uncross	2.96	5
uncrossed	2.78	5
uncrown	3.07	0
uncrowned	2.75	3
uncrowning	2.83	0
uncrushable	3.19	1
uncrushed	3.26	1
uncultivated	2.5	0
uncultured	1.81	3
uncured	2.96	0
uncurious	1.65	1
uncurl	3.38	4
uncurled	3.04	0
uncurling	3.13	0
uncustomary	1.89	0
uncut	3.11	40
undamaged	2.69	18
undamaging	2.11	0
undammed	2.08	0
undated	2.11	1
undaunted	1.97	14
undauntedly	1.42	0
undead	3.31	119
undeceive	1.92	0
undeceived	2	0
undeceiving	1.68	0
undecided	1.83	18
undecidedly	1.56	0
undecipherable	2	0
undeclared	1.81	13
undecorated	2.93	1
undedicated	1.71	0
undefeatable	2.08	1
undefeated	2.38	111
undefended	1.85	11
undefiled	1.75	2
undefined	1.4	10
undeleted	2.35	0
undeliverable	2.1	1
undelivered	2.2999999999999998	1
undemanding	1.79	6
undemocratic	1.68	3
undemocratically	1.96	0
undemonstrated	2	0
undemonstrative	1.71	1
undemonstratively	1.81	0
undeniable	2.38	49
undeniably	1.48	13
undenominational	1.74	0
undependable	2.2000000000000002	7
undependably	1.62	0
under	3.45	13358
underachieve	2.0699999999999998	0
underachievement	1.7	3
underachiever	2.21	16
underage	3.14	111
underappreciated	1.41	4
underarm	4.63	4
underbelly	4.04	39
underbid	1.92	1
underbody	4	0
underbred	2.09	0
underbrush	4.4400000000000004	9
undercapitalization	2	1
undercarriage	4.54	20
undercharge	2.27	0
undercharged	2.04	2
underclass	2.71	3
underclassman	3.9	1
underclothes	4.66	5
underclothing	4.29	1
undercoat	4.5	1
undercoated	3.28	0
undercoating	4	5
undercook	3.61	2
undercooked	4.38	9
undercover	2.44	598
undercurrent	2.96	8
undercut	2.0699999999999998	8
undercutting	2.08	9
underdevelop	2.37	0
underdeveloped	2.31	10
underdevelopment	2.52	0
underdog	2.71	49
underdone	2.69	5
underdressed	2.76	10
undereducated	2.14	0
underemployment	2.19	0
underestimate	2.04	258
underestimation	1.75	0
underexpose	2.63	1
underexposed	2.17	3
underexposure	2.52	0
underfed	2.89	4
underfeed	3.07	0
underfoot	2.88	18
underfund	2.04	0
underfunded	2.2400000000000002	9
undergarment	4.4800000000000004	7
undergo	2.41	42
undergoing	1.69	35
undergrad	3.19	18
undergraduate	3.19	22
underground	4.07	613
undergrowth	3.59	3
underhand	2.35	17
underhanded	2.4500000000000002	35
underhandedly	1.88	1
underhandedness	1.92	0
underinsured	2.23	1
underlay	3	96
underlie	1.96	0
underline	3.95	18
underling	2.86	8
underlining	3.23	5
underlying	2.3199999999999998	64
undermanned	2.58	3
undermine	1.9	74
undermining	1.75	32
undermost	2.2599999999999998	0
underneath	3.71	829
undernourished	2.97	6
undernourishment	2.71	1
undernutrition	3	0
underpaid	2.52	26
underpants	4.8899999999999997	150
underpass	4.21	13
underpay	2.5	3
underpayment	3.1	0
underperform	2.29	0
underperformance	1.81	0
underpinning	3	3
underpowered	2.2000000000000002	3
underprepared	1.77	3
underprivileged	1.85	37
underproduction	2.2999999999999998	0
underproductive	2.15	0
underrate	2.2599999999999998	11
underrated	1.93	29
underrating	1.91	2
underrepresentation	2.29	0
underrepresented	1.57	0
underscore	3.36	3
undersea	3.83	40
undersell	2.1800000000000002	2
underselling	2.3199999999999998	1
undersexed	1.66	3
undershirt	5	15
undershorts	4.3899999999999997	6
undershot	2.5	0
underside	3.79	12
undersign	3	0
undersigned	2.59	5
undersize	2.82	1
undersized	2.65	4
underskirt	4.3	0
underspecified	1.57	0
understaffed	2.54	22
understand	2.2799999999999998	24605
understandability	1.96	0
understandable	1.85	201
understandably	1.86	27
understanding	1.92	1117
understandingly	1.69	0
understate	2.08	5
understatement	1.79	88
understood	2.2799999999999998	1639
understudy	3.47	98
undersupply	2.2999999999999998	0
undersurface	3.7	0
undertake	1.71	52
undertaker	4.07	78
undertaking	2.2200000000000002	40
undertone	2.4	1
undertook	1.58	11
undertow	3.72	27
undertrained	1.81	0
underuse	2.14	0
underutilized	1.92	1
undervaluation	1.95	0
undervalue	2.12	0
undervaluing	1.52	0
underwater	3.78	323
underway	2.58	148
underwear	4.96	1105
underweight	2.82	11
underweighted	2.48	0
underwent	2.0699999999999998	21
underwhelmed	1.76	5
underwire	4.8499999999999996	0
underworld	2.96	181
underwrite	2.19	11
underwriter	3.24	4
underwriting	2.7	8
undeserved	2.0699999999999998	7
undeservedly	1.74	0
undeserving	1.83	9
undeservingly	1.81	0
undesignated	1.81	0
undesirability	1.72	0
undesirable	2.2200000000000002	33
undesirably	1.64	1
undesired	2.1800000000000002	1
undestroyed	2.76	0
undetached	2.93	0
undetectable	1.72	29
undetected	2.4300000000000002	57
undeterminable	2	0
undetermined	1.59	22
undeterred	1.77	4
undevelopable	1.87	0
undeveloped	2.44	14
undeviating	2	0
undiagnosed	1.74	7
undid	2.58	13
undifferentiated	1.45	0
undiffused	2.97	0
undigested	2.97	9
undignified	1.97	30
undiluted	3.33	8
undiminished	2.19	3
undimmed	2.38	1
undiplomatic	1.41	3
undirected	1.83	2
undisbursed	2.36	0
undiscernibly	1.67	0
undiscerning	1.55	0
undisciplined	2	20
undisclosed	1.73	11
undiscounted	1.92	0
undiscouraged	1.88	0
undiscoverable	1.79	0
undiscovered	2.14	31
undiscriminating	1.69	0
undisguised	2.52	1
undismayed	1.96	0
undisputable	1.69	1
undisputed	1.5	29
undisputedly	1.27	0
undisrupted	2.0699999999999998	0
undistinguishable	1.73	0
undistinguished	1.96	3
undistinguishing	2.31	0
undistorted	2.44	1
undistracted	1.93	2
undistributed	2.2599999999999998	0
undisturbed	2.36	36
undiversified	1.9	0
undividable	2.39	1
undivided	2.71	47
undo	2.56	223
undoable	1.91	2
undock	3.28	1
undocked	3.25	1
undocumented	2.4300000000000002	6
undoing	2.41	35
undomesticated	1.6	3
undone	2.7	125
undoubted	1.79	2
undoubtedly	1.86	171
undoubting	1.5	0
undrafted	2.63	0
undraped	2.36	1
undreamt	1.55	0
undress	3.97	124
undressed	3.34	123
undrilled	3.08	0
undrinkable	2.48	4
undue	1.67	29
undulate	3.15	1
undulated	2.67	1
undulating	2.2799999999999998	5
undulation	2.72	1
unduly	1.77	24
undusted	3.21	0
undutiful	1.73	0
undying	1.87	44
undyingly	1.48	2
uneager	1.92	0
unearned	1.57	1
unearth	3.17	18
unearthed	3.17	26
unearthliness	1.5	0
unearthly	1.85	15
unease	1.93	5
uneasily	1.43	1
uneasiness	1.82	9
uneasy	1.86	106
uneatable	2.89	1
uneaten	3.21	8
uneconomic	2	0
uneconomical	2.14	0
uneconomically	1.76	0
unedited	2.41	9
uneducated	2.15	24
unelaborated	1.58	0
unelected	2.35	2
unembarrassed	1.69	2
unembroidered	3.5	0
unemotional	1.88	10
unemotionally	1.62	3
unempirical	1.73	0
unemployable	1.89	9
unemployed	2.57	186
unemployment	3.11	160
unenclosed	2.63	1
unencumbered	1.83	4
unending	1.93	25
unendingly	1.27	0
unendorsed	1.84	0
unendurable	1.85	9
unendurably	1.63	0
unenergetic	2.46	0
unenforceable	2.04	1
unenforced	1.75	0
unengaged	2.52	1
unenhanced	1.9	0
unenlightened	1.85	4
unenlightening	1.56	1
unentertaining	2.11	0
unenthused	2.19	1
unenthusiastic	2.58	2
unenthusiastically	2.2400000000000002	0
unenviable	1.59	1
unenvied	1.21	0
unequal	2.72	10
unequaled	1.9	4
unequally	2.31	0
unequipped	2.68	2
unequivocal	2.04	9
unequivocally	1.64	16
unescorted	3.03	17
unessential	1.73	2
unethical	1.62	90
unethically	1.47	3
unevaluated	1.74	0
uneven	3.07	39
unevenly	2.73	2
unevenness	3.3	0
uneventful	1.74	40
uneventfully	1.78	3
unexacting	1.81	0
unexaggerated	1.67	0
unexamined	2.11	7
unexcavated	3.17	0
unexcelled	1.67	1
unexceptionable	1.67	0
unexceptionably	1.29	0
unexceptional	1.65	3
unexceptionally	1.68	0
unexcitable	2.39	0
unexcited	2	0
unexciting	1.65	2
unexcused	1.74	5
unexecuted	2.11	0
unexercised	2.58	0
unexhausted	2.46	0
unexpected	2.23	448
unexpectedly	2.04	90
unexpectedness	1.6	0
unexpired	2.96	1
unexplainable	1.45	35
unexplainably	2.0299999999999998	2
unexplained	1.79	79
unexploded	2.65	10
unexploited	1.81	1
unexplored	1.79	23
unexposed	2.36	5
unexpressed	1.6	5
unexpressive	1.83	0
unfading	1.96	0
unfailing	2.4300000000000002	9
unfailingly	1.45	2
unfair	1.62	502
unfairly	1.55	35
unfairness	1.67	11
unfaithful	1.93	120
unfaithfully	1.5	0
unfaithfulness	1.72	2
unfaltering	2.0699999999999998	0
unfalteringly	1.69	0
unfamiliar	1.83	78
unfamiliarity	2.2000000000000002	1
unfamiliarly	1.63	0
unfarmed	3.09	0
unfashionable	1.81	8
unfashionably	2	2
unfasten	3.44	8
unfastened	3.36	10
unfatherly	1.81	0
unfathomable	1.53	15
unfathomably	1.29	1
unfathomed	1.54	1
unfavorable	1.92	14
unfavorably	1.97	1
unfazed	1.75	3
unfeasibility	1.89	0
unfeasible	1.44	1
unfeasibly	1.44	0
unfed	2.69	4
unfeeling	2.17	33
unfeelingly	1.54	0
unfeminine	2.2799999999999998	2
unfenced	3.25	0
unfermented	3.21	0
unfertile	2.36	0
unfertilized	2.81	2
unfiled	2.67	0
unfilled	3.08	0
unfiltered	2.66	8
unfinished	2.34	179
unfired	2.4	2
unfishable	1.96	0
unfit	1.89	79
unfitness	2.57	5
unfitted	3.07	0
unfitting	2.2200000000000002	1
unfittingly	1.5	0
unfixable	2.19	0
unfixed	2.77	1
unfixing	2.35	0
unflagging	2.42	4
unflaggingly	1.85	0
unflappable	1.88	7
unflattering	1.86	9
unflatteringly	1.54	0
unflavored	3.56	0
unflawed	2	0
unflinching	2.12	7
unflinchingly	1.97	2
unflustered	2	0
unfocused	2.12	12
unfold	3.55	69
unfolded	3.1	15
unfolding	3.04	25
unforced	2.04	1
unforeseeable	1.42	6
unforeseeably	1.38	0
unforeseen	1.83	29
unforgettable	1.6	48
unforgettably	1.57	1
unforgivable	1.32	100
unforgivably	1.33	3
unforgiven	1.73	3
unforgiving	1.38	26
unforgotten	1.56	0
unformatted	2.11	0
unformed	2.0699999999999998	4
unformulated	1.88	0
unfortified	1.87	0
unfortunate	1.78	604
unfortunately	1.62	1652
unfound	2.19	0
unfounded	1.89	31
unfoundedly	1.7	0
unframed	3.46	0
unfreeze	2.88	35
unfreezing	3.32	7
unfrequented	2.19	0
unfriendliness	2	1
unfriendly	2.12	53
unfrosted	3.69	0
unfroze	3.22	3
unfrozen	3.15	9
unfruitful	2.12	0
unfruitfulness	1.86	0
unfulfilled	1.63	20
unfulfilling	1.44	7
unfunded	2.19	0
unfunny	1.96	12
unfurl	3.75	4
unfurnished	3.15	4
unfussy	1.83	0
ungainly	2.04	3
ungallantly	1.7	0
ungenerous	1.66	8
ungenerously	1.85	0
ungentle	2.2400000000000002	0
ungentlemanly	2.04	4
ungifted	1.85	0
unglamorous	2.12	2
unglazed	3.33	0
ungloved	3.6	0
unglue	2.81	0
unglued	2.67	25
ungodliness	1.35	1
ungodly	1.56	30
ungovernable	1.8	1
ungoverned	2.21	3
ungraceful	1.85	3
ungracefully	1.93	0
ungracious	2.0699999999999998	5
ungraciously	1.96	3
ungraciousness	2	0
ungraded	3.21	3
ungrammatical	2.33	1
ungrammatically	2.14	0
ungraspable	2.0699999999999998	0
ungrateful	1.63	235
ungratefully	1.55	0
ungratefulness	1.66	0
ungratified	1.96	0
ungreased	3.41	0
ungrounded	2.2000000000000002	4
ungrouped	2.2999999999999998	0
ungrudging	2.04	0
unguaranteed	1.7	0
unguarded	2.08	36
unguardedly	2.2200000000000002	0
unguided	2.38	3
unhallowed	1.85	3
unhampered	2.46	0
unhand	2.67	43
unhandled	2.44	0
unhandsomely	2.04	0
unhandy	1.96	0
unhappily	2.5	32
unhappiness	1.52	59
unhappy	2.04	843
unhardened	2.88	0
unharmed	2.37	77
unharmonious	1.79	0
unharnessed	2.09	1
unhealed	3.08	0
unhealthful	2.15	0
unhealthily	3.08	0
unhealthiness	2.42	0
unhealthy	2.7	83
unheard	2.2200000000000002	76
unhearing	2	0
unheated	2.96	1
unheeded	2.08	6
unheeding	2.19	0
unheedingly	1.71	0
unhelpful	1.54	9
unhelpfully	2.04	0
unhelpfulness	1.73	0
unheralded	1.46	0
unhesitant	2	0
unhesitating	1.88	0
unhesitatingly	1.73	3
unhidden	2.34	0
unhindered	1.85	1
unhinge	3.37	1
unhistorical	1.59	0
unhitch	3.11	7
unhitched	2.93	2
unhittable	1.88	2
unholy	1.52	68
unhook	3.34	44
unhooked	3.33	10
unhopeful	1.71	0
unhopefully	1.68	0
unhurried	2.58	0
unhurriedly	1.89	1
unhurriedness	2.19	0
unhurt	2.15	5
unhygienic	3.28	3
unhyphenated	3.4	0
unicellular	3.43	1
unicorn	3.62	126
unicycle	5	11
unicyclist	4.1399999999999997	1
unidentifiable	2	6
unidentifiably	1.48	0
unidentified	1.97	187
unidimensional	2.2400000000000002	0
unidirectional	2.76	1
unification	1.93	82
unified	2.0699999999999998	59
unifier	2.11	0
uniform	4.67	1266
uniformed	3.5	29
uniformity	2.46	4
uniformly	2.5499999999999998	6
unify	2.33	14
unifying	1.96	9
unilateral	2.68	15
unilateralism	1.46	0
unilateralist	2.19	0
unilaterally	2.35	15
unilingual	2.13	0
unimaginable	1.37	47
unimaginably	1.37	8
unimaginative	2	15
unimaginatively	1.32	0
unimaginativeness	2.06	0
unimagined	1.5	0
unimpaired	2.37	2
unimpassioned	1.93	0
unimpeachable	1.48	7
unimpeded	1.89	4
unimportance	2.1	3
unimportant	1.83	125
unimportantly	1.89	0
unimposing	2.11	0
unimpressed	1.68	16
unimpressionable	1.62	0
unimpressive	1.97	12
unimpressively	1.88	0
unimproved	2.2999999999999998	1
unincorporated	2.2999999999999998	0
unindicted	2.04	1
unindustrialized	2.96	0
uninfected	2.75	1
uninfluenced	1.96	0
uninformed	2	15
uninhabitable	2.27	16
uninhabited	3.71	24
uninhibited	1.67	12
uninitiated	1.59	1
uninjured	2.71	5
uninspected	2.3199999999999998	2
uninspired	1.33	18
uninspiring	1.6	10
uninstall	3.38	0
uninstalled	3.04	0
uninstructed	2.11	0
uninsurable	2	2
uninsured	2.29	16
unintelligence	1.96	0
unintelligent	1.64	11
unintelligently	2.17	0
unintelligibility	2.12	0
unintelligible	2.0699999999999998	25
unintelligibly	1.8	3
unintended	1.9	10
unintentional	1.79	21
unintentionally	2.3199999999999998	20
uninterested	1.73	5
uninterestedly	1.9	0
uninteresting	1.42	16
uninterestingly	1.84	0
uninterrupted	2.46	27
uninterruptible	1.8	0
unintuitive	1.54	0
uninventive	1.56	0
uninvestigated	1.97	0
uninvited	2.39	71
uninviting	2.1800000000000002	2
uninvolved	1.81	11
union	3.38	1111
unionism	2.11	2
unionization	2.27	0
unionize	2.2400000000000002	5
unique	1.89	696
uniquely	2.0299999999999998	37
uniqueness	1.87	18
unisex	3.19	36
unisexual	3.07	0
unison	2.96	21
unissued	1.93	0
unit	3.77	1845
unitary	1.83	0
unite	2.58	154
united	2.61	2564
uniting	2.1	15
unity	2.23	138
universal	1.87	299
universalism	1.64	0
universalist	2.04	1
universalistic	1.46	0
universality	1.36	0
universalize	1.73	0
universally	1.71	27
universe	3.85	1289
university	4.6500000000000004	1203
unjacketed	3.28	0
unjust	1.31	59
unjustifiable	1.63	0
unjustifiably	1.83	2
unjustified	1.54	8
unjustly	1.9	26
unjustness	1.57	0
unkempt	2.82	12
unkemptness	2.38	0
unkind	2.2200000000000002	71
unkindly	1.81	5
unkindness	1.96	5
unknot	3.38	0
unknotted	3.88	0
unknowable	1.42	10
unknowably	1.83	0
unknowing	1.43	13
unknowingly	1.65	18
unknowingness	1.56	0
unknowledgeable	2	0
unknown	1.47	774
unlabeled	3.27	0
unlabored	2.41	0
unlace	3.54	1
unlaced	3.65	0
unladylike	1.72	8
unlashed	2.83	0
unlatch	3.58	3
unlaundered	3.42	0
unlawful	2.15	39
unlawfully	1.76	9
unlawfulness	1.67	0
unleaded	2.83	18
unlearn	1.86	4
unlearned	1.79	0
unleash	3.55	85
unleashed	2.2400000000000002	52
unleavened	3.31	1
unless	1.54	5798
unlettered	2.2999999999999998	0
unlevel	2.96	0
unleveled	2.74	0
unlicensed	2	20
unlighted	2.58	2
unlikable	1.82	9
unlike	2.67	530
unlikeable	2.21	2
unlikelihood	1.64	2
unlikely	1.93	258
unlikeness	1.75	0
unlimited	1.88	143
unlimitedly	1.48	0
unlined	3.46	0
unlink	3.22	1
unlinked	2.85	0
unlisted	2.46	49
unlit	3.42	3
unlivable	2.4500000000000002	3
unload	3.21	235
unloaded	3.31	74
unloader	3.54	0
unlock	4.1100000000000003	280
unlocked	3.5	194
unlocking	4.28	31
unlogged	2.15	1
unlooked	2.27	1
unloose	2.46	1
unloosen	2.3199999999999998	4
unloosening	2.96	0
unlovable	1.7	5
unloved	1.89	18
unlovely	2.2400000000000002	2
unloving	2.4300000000000002	2
unluckily	1.78	4
unluckiness	1.62	0
unlucky	1.79	210
unmade	2.15	13
unmagnified	2.6	0
unmaintained	2.17	0
unmake	2.2000000000000002	5
unmanageable	2.2799999999999998	9
unmanageably	2.08	0
unmanaged	1.93	0
unmanliness	1.88	1
unmanly	2.38	7
unmanned	2.85	29
unmannered	1.85	2
unmannerly	1.96	3
unmanufactured	1.86	0
unmapped	2.63	3
unmarked	3.31	70
unmarketable	2	1
unmarred	3	0
unmarried	2.82	104
unmask	3	14
unmasked	3.14	12
unmasking	2.77	4
unmatchable	2.27	0
unmatched	2.31	7
unmeaning	1.62	0
unmeant	1.27	0
unmeasured	2	0
unmediated	1.67	0
unmelodic	2.62	0
unmemorable	1.67	0
unmentionable	2.0299999999999998	10
unmentionables	3.27	10
unmentionably	1.81	0
unmentioned	1.59	2
unmerciful	1.67	5
unmercifully	1.48	3
unmerge	2.54	0
unmerged	2.48	0
unmerited	1.6	0
unmetered	2.23	0
unmethodical	2.36	0
unmethodically	1.72	0
unmilitary	2.69	9
unmindful	1.54	0
unmingled	2.12	0
unmissed	1.6	1
unmistakable	1.73	45
unmistakably	1.81	4
unmistaken	2	0
unmitigated	2	25
unmixable	2.29	0
unmixed	3.12	1
unmodified	1.96	2
unmold	2.74	0
unmolded	2.74	0
unmolested	1.88	2
unmonitored	2.5	1
unmoral	1.68	0
unmorally	1.33	0
unmotivated	2.2000000000000002	8
unmovable	2.78	0
unmoved	2	0
unmoving	2.31	1
unmusical	1.85	1
unmusically	1.92	0
unnamable	1.64	5
unnamed	2.39	25
unnatural	1.41	140
unnaturally	1.8	6
unnaturalness	2.17	0
unnecessarily	1.52	41
unnecessary	1.56	316
unneeded	1.72	3
unnerve	2.12	8
unnerved	1.64	19
unnerving	1.96	18
unnoted	1.92	0
unnoticeable	1.96	1
unnoticeably	1.83	0
unnoticed	2.25	62
unnoticing	2.0699999999999998	0
unnourished	2.65	0
unnumbered	2.11	5
unobedient	2.39	0
unobjectionable	1.54	0
unobjectionably	1.42	0
unobligated	1.96	0
unobservable	1.75	0
unobservant	2.0299999999999998	0
unobserved	2.0699999999999998	7
unobserving	1.77	0
unobstructed	2.76	7
unobtainable	1.86	6
unobtrusive	2.11	17
unobtrusively	1.62	4
unobtrusiveness	1.73	0
unobvious	1.42	1
unoccupied	2.64	17
unoffending	1.96	0
unofficial	1.61	50
unofficially	1.93	38
unopened	3.29	28
unopposed	2.25	11
unordered	2.64	0
unordinary	1.73	0
unorganized	3.07	5
unoriginal	2.17	10
unoriginality	1.52	1
unoriginally	1.43	0
unornamented	2.81	1
unorthodox	1.46	72
unostentatiously	1.71	0
unpack	3.82	165
unpacked	3.08	59
unpadded	3.76	0
unpaid	2.52	51
unpainted	3	6
unpaired	3.14	0
unpalatable	2.58	2
unparallel	2.34	0
unparalleled	1.66	29
unpardonable	1.96	8
unpardoned	2.09	0
unparticular	1.62	0
unpartisan	1.43	0
unpasteurized	2.92	0
unpatented	2.1800000000000002	0
unpatriotic	1.42	13
unpatriotically	1.62	0
unpatrolled	2.34	2
unpaved	4.12	3
unpayable	1.81	0
unpeeled	4	2
unpeg	2.72	0
unperceived	1.75	0
unperceptive	1.71	1
unperfected	1.69	0
unperformed	2.08	0
unpermitted	2.14	0
unpersuasive	1.88	0
unpersuasively	1.36	0
unperturbed	1.62	1
unperturbedly	1.7	0
unphysical	2.16	0
unpick	2.39	2
unpicked	2.85	0
unpiloted	2.31	0
unpin	3.11	3
unpinned	3.15	0
unpitying	1.85	0
unplaced	1.65	0
unplanned	1.52	9
unplanted	3.3	0
unplayable	1.82	0
unpleasant	1.91	311
unpleasantly	1.96	2
unpleasantness	2	29
unpleased	2.14	0
unpleasing	1.84	1
unpledged	1.59	0
unplowed	3	0
unplug	4.1900000000000004	44
unplugged	3.8	43
unplugging	3.47	6
unplumbed	2.91	0
unpolished	3.43	8
unpolluted	2.67	3
unpopular	2.0699999999999998	66
unpopularity	1.79	2
unpopulated	2.96	3
unpractical	1.59	2
unpracticed	2	1
unprecedented	1.59	80
unprecedentedly	1.46	1
unpredictability	1.89	9
unpredictable	2.0299999999999998	175
unpredictably	2.13	8
unpredicted	1.7	0
unprejudiced	1.89	3
unpremeditated	1.79	7
unpremeditatedly	1.32	0
unprepared	2.0699999999999998	78
unpreparedness	2	2
unpreserved	2.11	1
unpresuming	2.04	0
unpresumptuous	1.68	0
unpretending	1.68	1
unpretentious	1.76	9
unpretentiously	1.42	0
unpretentiousness	1.46	0
unpreventable	1.8	0
unprimed	2.68	0
unprincipled	1.48	16
unprintable	2.36	3
unprinted	2.91	0
unprivileged	2.1800000000000002	0
unproblematic	1.85	0
unprocessed	2.44	1
unproduced	2.5	5
unproductive	2.3199999999999998	14
unproductively	1.73	0
unproductiveness	1.5	0
unprofessed	1.81	0
unprofessional	1.85	77
unprofessionalism	1.89	0
unprofessionally	1.5	1
unprofitable	2.14	4
unprofitably	2	0
unprogressive	2.0699999999999998	1
unprolific	1.87	0
unpromising	1.28	3
unpromisingly	1.48	0
unprompted	2	1
unpronounceable	1.79	4
unpronounced	2.04	0
unprosecuted	2.04	0
unprotected	2.3199999999999998	63
unproved	1.96	1
unproven	1.73	11
unprovoked	1.72	24
unpublished	2.72	12
unpunctual	1.83	1
unpunctually	2.11	0
unpunctuated	2.4	0
unpunished	2.2799999999999998	36
unpurified	2.0699999999999998	0
unqualified	1.97	27
unquenchable	2.34	12
unquenched	2.27	0
unquestionable	1.54	2
unquestionably	1.72	14
unquestioned	1.72	13
unquestioning	1.57	6
unquestioningly	1.59	1
unquotable	1.52	0
unquote	2.19	39
unquoted	2.2599999999999998	0
unraced	1.74	0
unranked	2	3
unrated	2.15	1
unravel	2.59	49
unraveled	3.13	12
unraveling	2.79	13
unreachable	2.0699999999999998	22
unreachably	2.11	0
unreached	2.68	0
unread	2.0299999999999998	5
unreadable	2.2999999999999998	6
unready	2.27	0
unreal	1.52	127
unrealism	1.59	0
unrealistic	1.89	56
unreality	1.52	5
unrealizable	1.66	0
unrealized	1.66	2
unreason	2.2799999999999998	2
unreasonable	1.6	194
unreasonableness	1.83	1
unreasonably	1.6	9
unreasoned	1.74	1
unreasoning	1.79	4
unreasoningly	2	0
unrecalled	1.56	0
unreceptive	2.2799999999999998	0
unreciprocated	2.19	0
unrecognizable	2.11	14
unrecognizably	1.4	0
unrecognized	2.25	6
unrecognizing	2.33	0
unrecorded	2.19	4
unrecoverable	1.79	3
unrecovered	2.21	1
unredeemable	1.45	2
unredeemed	1.54	1
unreduced	2.21	0
unreeled	2.62	0
unreeling	1.92	0
unreferenced	2.42	0
unrefined	2.5299999999999998	12
unreflecting	2	0
unreflective	2.52	0
unreflectively	2.52	0
unreformed	1.85	0
unrefrigerated	2.83	2
unregistered	2.2999999999999998	17
unregretful	2	0
unregulated	1.66	6
unrehearsed	2.21	5
unreinforced	2.42	1
unrelated	1.74	54
unreleased	2.54	2
unrelenting	2.04	23
unrelentingly	1.86	3
unreliability	1.93	0
unreliable	1.83	85
unreliably	2.15	1
unrelieved	1.79	1
unreligious	1.69	1
unremarkable	1.81	21
unremarked	2.04	1
unremembered	1.56	1
unremitting	1.84	3
unremorseful	1.89	1
unremorsefully	1.71	0
unrenowned	1.68	0
unrented	3.12	0
unrepaired	3	1
unrepeatable	2.44	1
unrepeated	2.41	0
unrepentant	1.96	12
unrepentantly	1.41	1
unreported	2.0699999999999998	9
unrepresentative	1.58	0
unrepresented	1.92	2
unrepressed	1.41	0
unrequested	1.93	1
unrequited	2	22
unreserved	1.56	0
unreservedly	1.61	2
unreservedness	2.19	0
unresisting	1.83	0
unresistingly	2.0299999999999998	0
unresolved	1.87	42
unrespectable	1.5	0
unresponsive	2.63	35
unresponsively	1.73	0
unresponsiveness	2.29	0
unrest	2.2400000000000002	52
unrestrained	2.74	7
unrestrainedly	1.96	0
unrestraint	1.92	0
unrestricted	2.04	11
unrestrictedly	2.3199999999999998	0
unrestrictive	2.57	0
unretired	2.48	0
unreturned	2.71	11
unrevealed	2.31	2
unrevealing	2.08	1
unrevealingly	1.92	0
unreviewable	2	0
unrevised	2.4300000000000002	0
unrevoked	1.56	0
unrewarded	1.7	7
unrewarding	1.32	3
unrigged	3.28	0
unrigging	2.69	0
unrighteous	2.04	7
unrighteousness	1.42	1
unrightfully	1.52	0
unripe	3.31	2
unrivaled	1.76	5
unrivalled	1.65	5
unroasted	3.57	0
unrobed	3.65	0
unroll	3.45	9
unrolled	3.41	6
unrolling	2.96	2
unromantic	1.86	24
unromantically	1.89	0
unroofed	3.31	0
unrounded	2.5	0
unruffled	3	2
unruliness	2.14	0
unruly	2.27	36
unrushed	1.72	0
unsacred	1.41	0
unsaddle	3.79	3
unsaddled	3.23	2
unsaddling	3.14	0
unsafe	1.89	77
unsafeguarded	1.74	0
unsafely	1.63	0
unsaid	2.1	37
unsalaried	2.23	0
unsalted	3.9	3
unsalvageable	2.37	1
unsanctified	1.56	4
unsanctioned	1.63	2
unsanitary	2.86	21
unsatisfactorily	2.2599999999999998	0
unsatisfactory	2.1	18
unsatisfied	1.86	28
unsatisfying	1.66	15
unsaturated	2.52	1
unsaved	1.87	2
unsavorily	1.68	0
unsavory	1.75	39
unscarred	2.54	0
unscathed	2.8	19
unscented	3	3
unscheduled	2.21	30
unscholarly	1.96	0
unschooled	2.04	3
unscientific	1.96	11
unscientifically	1.85	0
unscramble	2.87	11
unscrambled	2.83	3
unscrambling	2.62	1
unscratched	3.07	0
unscreened	2.9	1
unscrew	3.93	25
unscrewed	3.65	8
unscrewing	3.97	5
unscripted	2.6	3
unscrupulous	1.62	29
unscrupulously	1.5	0
unscrupulousness	1.45	0
unseal	3.04	4
unsealed	3.68	4
unsealing	2.95	2
unsearchable	1.75	1
unsearchableness	2	0
unsearched	1.68	0
unseasonable	2.08	4
unseasonably	1.68	5
unseasoned	2.9	1
unseat	3.07	3
unseated	2.79	2
unseaworthy	2.7	0
unsecure	2.52	0
unsecured	2.83	9
unseeing	2.3199999999999998	1
unseeingly	2.11	0
unseemliness	1.83	1
unseemly	1.68	25
unseen	1.67	110
unselect	2.77	0
unselected	2.44	0
unselective	2.04	0
unselfconscious	1.76	1
unselfish	1.5	44
unselfishly	1.81	8
unselfishness	1.7	1
unsent	2.54	0
unsentimental	1.92	3
unsentimentally	1.93	0
unserious	1.93	3
unserviceable	1.81	0
unset	2	1
unsettle	2.16	3
unsettled	2.25	35
unsettledness	1.38	0
unsettlement	1.81	2
unsettling	1.42	41
unsexed	2.6	0
unshackle	3.14	2
unshackled	3.4	3
unshackling	3.14	0
unshakable	2.0699999999999998	10
unshakably	1.64	1
unshakeable	2.19	2
unshaken	2.21	1
unshaped	2.86	0
unshapely	2	1
unshared	1.86	0
unsharpened	3.58	0
unshaved	4.25	2
unshaven	4.24	6
unsheathe	3.76	1
unsheathed	3.42	2
unsheathing	3.11	1
unshelled	4.17	2
unsheltered	2.54	0
unshielded	2.59	1
unshipped	2.63	0
unshrinking	2.42	0
unsighted	2.04	0
unsightliness	2.44	0
unsightly	2.11	19
unsigned	3.53	20
unsinkable	2.6	5
unskilled	1.97	3
unskillful	1.96	1
unskillfully	2.14	0
unsliced	3.14	0
unsmiling	2.78	6
unsmilingly	2.67	0
unsmooth	3.46	0
unsmoothed	2.74	0
unsnap	2.96	0
unsnapped	3.25	2
unsnarl	2.7	1
unsociability	1.64	0
unsociable	1.85	6
unsociably	1.67	0
unsocial	2	4
unsoiled	2.81	0
unsold	2.74	7
unsolicited	2.11	22
unsolvable	1.93	5
unsolved	2	106
unsophisticated	2.1	15
unsorted	2.81	0
unsought	1.81	1
unsound	1.74	23
unsoundly	2.23	0
unsoundness	1.93	0
unsown	2.58	1
unsparingly	1.77	1
unspeakable	1.52	95
unspeakably	1.89	10
unspeaking	2.12	0
unspecialized	2.23	0
unspecific	1.41	2
unspecified	1.44	13
unspectacular	1.38	3
unspectacularly	2	0
unspent	1.78	1
unspiritual	1.33	0
unspoiled	2.3199999999999998	19
unspoken	2.21	58
unsponsored	2.2799999999999998	2
unsporting	1.81	2
unsportsmanlike	2	6
unspotted	2.81	1
unstable	2.52	260
unstableness	1.69	0
unstably	1.68	2
unstaffed	2.7	0
unstained	3.21	3
unstamped	3.26	0
unstated	1.92	3
unstaunched	2.12	0
unsteadied	2.52	0
unsteadily	2.81	1
unsteadiness	2.44	1
unsteady	2.75	17
unsteadying	1.64	0
unsterile	2.41	0
unsterilized	2.85	3
unstilted	1.76	0
unstipulated	2	0
unstirred	3.11	0
unstitch	3.37	0
unstitched	3.56	0
unstitching	3.16	0
unstoppable	2.37	87
unstopped	2.2599999999999998	1
unstrained	2.29	0
unstrapped	3.32	1
unstressed	1.82	0
unstring	3.2	1
unstructured	2.04	2
unstrung	2.56	6
unstuck	2.72	11
unstudied	1.69	1
unstuffed	2.63	0
unstylish	2.1	0
unsubscribed	2.67	0
unsubscribing	2.63	0
unsubsidized	1.85	0
unsubstantial	1.73	1
unsubstantially	1.52	0
unsubstantiated	1.82	16
unsubtle	2.0699999999999998	0
unsubtly	1.86	1
unsuccessful	2.25	44
unsuccessfully	1.68	10
unsuccessfulness	1.85	0
unsuitability	2	1
unsuitable	1.52	24
unsuitableness	1.93	0
unsuitably	1.31	0
unsuited	2.31	5
unsung	1.77	13
unsupervised	2.59	31
unsupplied	2.75	0
unsupportable	1.85	2
unsupported	2.04	13
unsuppressed	1.88	0
unsure	2	52
unsurpassable	2.11	0
unsurpassed	2.21	13
unsurprised	2.15	0
unsurprising	2	0
unsusceptible	2.04	0
unsuspected	1.65	8
unsuspecting	1.73	53
unsuspectingly	1.77	1
unsuspended	2.12	0
unsuspicious	1.68	0
unsustainable	1.46	4
unswayable	2	0
unsweetened	3.66	1
unswerving	2.2799999999999998	2
unswervingly	1.89	0
unsworn	1.8	0
unsymmetrical	2.52	0
unsympathetic	1.45	22
unsympathetically	1.46	0
unsynchronized	2.89	0
unsystematic	1.76	0
unsystematically	2.13	0
untactful	1.86	0
untagged	3.77	0
untainted	1.96	5
untaken	2.0299999999999998	0
untalented	2.2000000000000002	12
untamable	1.72	4
untamed	2.0699999999999998	33
untangle	3.08	15
untangled	3.3	3
untangling	3.22	5
untapped	2.21	16
untarnished	2.56	4
untaught	1.96	1
untaxed	2.2999999999999998	2
untelevised	2.1	1
untellable	1.38	0
untended	2.29	1
untendered	2.23	0
untested	2.04	8
unthankful	2.12	1
unthankfully	2.0699999999999998	0
unthawed	3.81	1
unthinkable	1.45	69
unthinkably	1.7	1
unthinking	1.96	2
unthinkingly	1.82	0
unthread	3.44	0
unthreaded	3.33	0
unthreatened	2.15	2
unthreatening	2.2599999999999998	1
unthrifty	1.96	1
untidily	2.56	0
untidiness	2.97	1
untidy	3.07	21
untie	3.89	264
untied	3.87	55
until	1.33	15426
untimed	2.75	2
untimely	2	44
untiring	2.04	6
untiringly	2.2799999999999998	0
untitled	2	4
unto	1.65	389
untoasted	3.63	0
untold	1.76	62
untouchable	2.29	44
untouchably	1.85	0
untouched	2.71	52
untowardly	1.33	0
untraceable	2.2400000000000002	59
untraced	1.83	1
untracked	1.96	1
untradeable	1.84	0
untraded	2.2000000000000002	0
untraditional	1.89	1
untrained	2.41	22
untransformed	1.96	0
untranslatable	1.78	3
untraveled	2.04	0
untreatable	2.5299999999999998	7
untreated	2.67	9
untried	1.86	12
untrimmed	2.96	0
untroubled	1.71	4
untrue	2.11	74
untruly	1.72	0
untrusting	1.4	6
untrustworthiness	1.92	0
untrustworthy	2	21
untruth	2.21	5
untruthful	1.76	5
untruthfully	2.0299999999999998	0
untruthfulness	1.73	0
unturned	2.42	22
untutored	2.08	5
untwine	2.67	1
untwined	2.3199999999999998	1
untwist	3.44	2
untwisted	2.83	1
untwisting	3.68	0
untying	2.97	9
untypical	2.09	0
untypically	1.59	0
unusable	1.88	14
unused	2.65	32
unusual	2.21	1210
unusually	1.81	95
unusualness	1.77	0
unutterable	2	1
unutterably	1.89	3
unvaccinated	2.25	0
unvalued	1.62	1
unvanquished	1.92	4
unvaried	2.1800000000000002	0
unvarnished	3.5	6
unvarying	1.67	0
unvaryingly	1.82	0
unveil	2.97	38
unveiled	3.59	14
unveiling	2.48	52
unvented	2.48	1
unventilated	3.03	1
unverifiable	1.5	1
unverified	2.19	4
unversed	1.92	0
unviable	1.97	1
unvisited	1.93	0
unvocal	2.56	0
unwaged	1.96	0
unwanted	2	70
unwariness	1.37	0
unwarlike	1.45	0
unwarned	1.56	1
unwarrantable	1.77	1
unwarranted	1.93	19
unwarrantedly	1.48	0
unwary	1.96	4
unwashed	3.15	18
unwatchable	2.4300000000000002	3
unwatched	2.04	1
unwatchful	2.08	0
unwavering	1.83	19
unwaveringly	1.62	1
unwearied	2.3199999999999998	1
unweave	2.89	1
unwed	2.59	27
unwedded	2.08	2
unwelcome	2	37
unwelcomed	1.96	2
unwelcoming	1.71	1
unwell	2.56	24
unwholesome	1.64	6
unwholesomely	1.48	0
unwholesomeness	1.55	0
unwieldiness	1.81	1
unwieldy	2.2200000000000002	6
unwilling	1.61	59
unwillingly	1.62	10
unwillingness	1.8	4
unwind	2.52	66
unwinding	2.6	6
unwinnable	2.04	11
unwire	3.26	1
unwired	3.17	1
unwise	1.69	48
unwisely	1.89	2
unwished	1.64	1
unwitting	1.59	14
unwittingly	2	21
unwomanly	1.68	0
unworkable	1.92	7
unworldly	2.0699999999999998	2
unworn	3.04	1
unworried	1.64	0
unworriedly	1.64	0
unworthily	1.44	0
unworthiness	1.73	3
unworthy	1.93	97
unwound	3.11	2
unwounded	2.78	0
unwoven	3.56	0
unwrap	3.15	25
unwrapped	3.33	20
unwrapping	3.46	10
unwrinkled	3.62	3
unwritten	2.14	32
unyielding	2.7	8
unyieldingly	1.77	0
unyieldingness	1.89	0
unyoked	3.54	0
unzip	3.96	42
up	3.83	187170
upbeat	1.93	56
upbringing	2	59
upchuck	3.5	35
upcoming	1.96	88
upcountry	2.5	7
update	2.79	252
updraft	2.81	8
upend	2.7	1
upfront	2.2999999999999998	46
upgrade	2.36	110
upheaval	2.48	20
upheld	2.04	19
uphill	3.6	48
uphold	2.85	123
upholder	2.33	0
upholster	4.24	0
upholstered	3.79	9
upholsterer	4.07	0
upholstery	4.6500000000000004	59
upkeep	2.44	26
uplift	2.34	13
uplifted	2.59	7
uplifting	1.96	35
upload	3.11	58
upon	2.83	3199
upper	3.37	616
uppercase	3.65	0
upperclassman	3.92	6
uppercut	4.04	29
uppermost	2.7	5
uppers	2.68	29
uppity	2.29	42
upright	3.59	154
uprightly	2.6	0
uprightness	2.33	0
uprights	3.19	5
uprise	2.41	1
uprising	2.41	59
upriver	3.38	48
uproar	3	53
uproariously	2.08	1
uproot	3.23	18
uprooted	2.89	14
upscale	2.62	28
upset	2.41	3800
upsetting	1.86	218
upsettingly	1.96	0
upside	2.62	474
upsides	2.46	2
upslope	3.93	4
upspring	2.72	0
upstage	2.5499999999999998	19
upstairs	4.33	3607
upstanding	2.04	56
upstart	2.64	21
upstate	3.25	131
upstream	3.77	51
upstroke	3.33	1
upsurge	2.17	2
upswing	2.97	9
uptake	2.76	8
uptempo	2.71	3
uptight	1.86	206
uptown	3.29	246
uptowner	3	0
upturn	2.61	0
upturned	3.31	8
upward	3.57	86
upwardly	2.65	6
upwards	2.63	46
upwind	3.93	18
uranium	4.29	109
urban	3.43	237
urbane	1.48	7
urbaneness	2.27	0
urbanism	2.04	0
urbanization	2.59	1
urbanize	2.04	0
urchin	4.25	22
urethane	3.72	5
urethra	4.37	12
urge	1.93	339
urgency	2.0299999999999998	73
urgent	2.36	758
urgently	2.1	59
urging	2.1	56
urinal	4.5999999999999996	39
urinalysis	3.12	12
urinary	3.22	20
urinate	4.46	56
urination	4.32	28
urine	4.93	332
urn	4.6100000000000003	99
urological	2.23	2
urologist	4.63	17
urology	3.07	12
us	3.59	86478
usability	1.48	0
usable	2	27
usage	2.0699999999999998	26
use	2.78	17536
useable	2.1	2
used	2.64	17551
useful	2.14	669
usefully	2.04	3
usefulness	1.86	28
useless	1.78	1017
uselessly	1.88	7
uselessness	1.43	5
user	3.16	79
usergroup	2.57	0
username	4.04	0
usher	4.38	121
usual	1.9	1899
usually	2.04	3214
usualness	1.77	0
usurp	2.3199999999999998	9
usurper	2.5	7
usurping	2.12	4
utensil	4.5599999999999996	12
uterine	3.41	18
uterus	4.71	92
utilitarian	2.31	10
utilitarianism	1.63	0
utility	3.07	114
utilizable	1.59	0
utilization	2.19	9
utilize	1.96	45
utmost	1.64	118
utopia	1.71	57
utopian	1.87	15
utopianism	1.35	2
utter	3.03	257
utterance	2.7	11
utterly	1.69	249
uttermost	1.5	3
vacancy	3.28	45
vacant	3.5	135
vacantly	2.46	1
vacate	3.39	56
vacation	3.14	1673
vacationer	4.07	1
vaccinate	3.37	6
vaccination	4.24	38
vaccine	4.6900000000000004	98
vacillation	2.42	0
vacuously	2.04	0
vacuum	4.22	294
vacuumcleaner	4.7699999999999996	0
vagabond	3.8	25
vagabondism	1.88	0
vagina	4.82	258
vaginal	3.66	66
vagrancy	2.71	27
vagrant	3.46	32
vagrantly	1.86	0
vague	1.55	231
vaguely	1.74	129
vagueness	1.82	6
vain	1.91	332
vainly	1.62	7
vainness	1.77	0
valance	3.85	49
valedictorian	3.93	63
valentine	2.8	768
valet	4.26	263
valiance	2	0
valiant	1.59	126
valiantly	1.6	18
valid	2.27	164
validate	2.1800000000000002	41
validation	2.2400000000000002	36
validity	1.89	30
validly	1.77	0
validness	1.58	0
valium	4.8499999999999996	139
valley	4.72	1275
valor	1.85	64
valorously	1.39	0
valuable	2.2200000000000002	795
valuables	3.07	63
valuably	1.62	0
valuation	2.08	4
value	1.62	1097
valued	1.56	95
valueless	1.59	1
valve	4.83	247
vamp	3.05	47
vamped	1.91	3
vampire	4.18	894
vampirism	2.71	7
van	4.72	2641
vandal	3.92	15
vandalism	3.47	79
vandalize	2.77	7
vane	3.84	16
vanilla	4.68	203
vanish	2.77	163
vanishing	2.36	56
vanishingly	1.93	0
vanity	2.15	210
vanload	3.83	1
vanquish	2.21	243
vanquished	2.33	100
vanquisher	2.87	1
vanquishing	1.92	68
vantage	1.93	39
vapidly	2.0699999999999998	0
vapor	4.1500000000000004	31
vaporizable	2.25	0
vaporization	3.42	1
vaporize	3.22	18
vaporizer	4.2	5
vaporous	2.44	3
vapory	2.62	0
variability	1.88	2
variable	2.2400000000000002	39
variableness	1.93	0
variably	2.0699999999999998	1
variance	1.84	19
variant	2.1	9
variation	2.46	64
varicolored	3	0
varicose	3.84	14
varied	3	41
variety	2.13	294
various	2.35	456
variously	1.81	3
varmint	4.04	40
varnish	4.12	21
varnished	3.59	5
varnisher	3.17	0
varnishing	4	1
varsity	2.93	89
vary	1.93	47
varying	2.11	35
varyingly	1.75	4
vascular	3.17	86
vase	5	196
vasectomy	4.46	50
vaseline	4.9000000000000004	41
vast	2.1	311
vastly	1.93	26
vastness	2.21	12
vat	4.59	76
vault	4.62	614
vaulted	3.22	8
vaulting	3.54	11
veal	4.75	181
veer	3.19	55
vegan	3.79	33
veganism	1.6	1
vegetable	4.8899999999999997	291
vegetarian	3.77	202
vegetarianism	2.73	3
vegetate	2.96	0
vegetation	4.45	41
vegetative	2.46	26
veggie	4.8099999999999996	30
vehement	1.92	6
vehemently	1.72	12
vehicle	4.6399999999999997	1153
vehicular	2.68	17
veil	4.45	151
veiled	3.22	27
veiling	3.41	1
vein	4.63	183
veined	3.33	0
velcro	4.92	43
velocity	2.27	142
velvet	4.4400000000000004	320
velvetiness	2.92	0
velvety	3.9	8
vend	3.04	0
vendetta	2.08	62
vending	3.23	110
vendingmachine	4.83	0
vendor	4.5	65
veneer	4.04	45
veneering	3.17	0
venerability	1.57	0
venerable	1.74	14
venerably	1.67	0
veneration	1.65	2
venetian	3.12	36
vengeance	2.04	276
vengeful	2.21	51
vengefully	1.56	0
vengefulness	1.78	0
venison	4.46	31
venom	4.62	119
venomous	3.39	27
venomousness	2.62	0
vent	4.5599999999999996	225
ventilate	2.77	20
ventilating	3.03	10
ventilation	3.48	110
ventilator	4.04	64
ventricle	4.3600000000000003	30
ventricular	2.88	16
ventriloquism	3.55	9
ventriloquist	4.4400000000000004	49
venture	2.6	241
venturer	3.27	0
venue	3.54	73
venus	4.54	249
veracious	1.96	0
veraciously	1.79	0
veraciousness	1.72	0
veracity	1.5	21
veranda	4.54	39
verb	2.85	54
verbal	2.5	149
verbalism	1.54	0
verbalization	2.89	1
verbalize	2.96	3
verbally	2.37	39
verbatim	1.78	17
verbiage	2.54	12
verbose	1.88	6
verbosely	1.69	0
verboseness	1.62	0
verdict	2.19	558
verge	2.3199999999999998	167
verifiability	1.64	0
verifiable	1.75	6
verifiably	1.83	0
verification	2.4500000000000002	46
verifier	2.44	0
verify	2.1	248
veritable	1.82	50
vermicelli	4.5199999999999996	5
vermin	4.4800000000000004	121
verminous	2.5	1
vermouth	4.16	50
vernacular	2.46	25
versatile	2.04	48
versatility	1.69	8
verse	3.19	238
versed	1.96	56
version	1.7	828
versus	1.86	411
vertebra	4.45	31
vertebrae	4.6399999999999997	77
vertebrata	3.7	0
vertebrate	4.38	7
vertex	3.12	2
vertical	3.48	141
vertically	3.63	24
verticalness	3.17	0
vertices	3.71	2
vertigo	2.82	39
very	1.43	63304
vessel	4.66	477
vest	4.5199999999999996	284
vestibule	4.37	20
vestige	2.2799999999999998	15
vesting	2.2200000000000002	7
vet	4.55	296
veteran	4.58	191
veterinarian	4.46	64
veterinary	3.52	35
veto	2.93	46
vex	2	10
vexed	2.04	24
vexingly	1.72	0
via	1.79	180
viability	1.93	9
viable	1.62	121
vial	4.1399999999999997	66
vibe	1.89	266
vibes	2.48	55
vibrancy	2.4300000000000002	0
vibrant	2.38	52
vibrantly	2.36	1
vibrate	4	56
vibrating	3.59	64
vibration	3.61	80
vibrator	4.6399999999999997	60
vicarious	1.33	13
vicariously	1.48	31
vicariousness	1.79	0
vice	2.46	950
viceroy	3.32	22
vicinity	2.37	153
vicious	2.04	438
viciously	2.3199999999999998	28
viciousness	1.81	6
victim	3.59	2434
victimhood	2.08	0
victimization	1.9	10
victimize	2.4500000000000002	9
victimizer	2.64	1
victimless	1.78	19
victor	2.88	909
victorious	2.25	66
victoriously	1.97	1
victory	2.5499999999999998	1094
video	4.67	2105
videocassette	5	7
videoconference	4.2300000000000004	0
videogame	4.9000000000000004	0
videographer	4.1500000000000004	0
videophone	4.59	3
videotape	4.92	264
view	3.21	1965
viewable	2.81	0
viewer	4.13	78
viewership	2.48	4
viewfinder	4.4400000000000004	4
viewing	2.86	109
viewless	2.2599999999999998	0
viewpoint	2.23	50
vigil	2.6	44
vigilance	2.36	26
vigilant	2.2200000000000002	38
vigilante	3.37	83
vigilantism	1.35	1
vigilantly	1.62	2
vignette	3.52	0
vigor	2.27	21
vigorous	2.2599999999999998	35
vigorously	2.48	21
vigorousness	2.12	0
vile	2.14	226
vileness	1.59	1
villa	4.79	224
village	4.8899999999999997	1712
villager	4.24	10
villain	3.79	212
villainous	2.5	16
villainously	1.76	1
villainy	2	15
vinaigrette	4.5199999999999996	14
vindicate	1.71	6
vindication	1.6	22
vindicator	2.4300000000000002	1
vindictive	2.19	54
vindictively	2	0
vindictiveness	1.68	6
vine	4.8600000000000003	107
vinegar	4.8899999999999997	86
vinegary	3.2	3
vinery	3.71	0
vineyard	4.8	142
vintage	2.7	149
vinyl	4.54	63
viola	4.54	151
violate	1.88	122
violation	2.67	385
violator	3.5	9
violence	3.07	1173
violent	3.1	850
violently	1.9	95
violet	4.4800000000000004	410
violin	4.96	242
violinist	4.84	33
violinmaker	4.75	0
violinmaking	4.1500000000000004	0
viper	4.6900000000000004	129
viperfish	4.6900000000000004	0
viral	2.96	45
virgin	3.31	961
virginal	2.38	24
virginally	1.92	0
virginity	2.82	199
virile	2.2000000000000002	33
virility	1.85	27
virologist	3.8	1
virtual	2.17	133
virtually	2	209
virtue	1.62	263
virtuosity	1.72	9
virtuoso	2.85	24
virtuous	1.68	88
virtuously	1.43	1
virtuousness	1.69	0
virulently	1.88	0
virus	3.48	964
visa	4.38	216
visceral	2.36	9
viscerally	1.84	0
viscosity	2.96	7
viscous	3.29	13
viscously	2.4	0
vise	4	20
viselike	3.14	1
visibility	3.04	61
visible	3.08	253
visibly	2.44	8
vision	3.39	1218
visionary	2.48	66
visionless	2.54	0
visit	3.92	2993
visitation	3.08	81
visiting	2.78	787
visitor	4.25	446
visor	4.66	30
vista	3.46	142
visual	2.96	586
visualization	2.83	12
visualize	2.4500000000000002	88
visualizer	2.36	0
visually	2.52	42
vital	1.93	396
vitalism	1.52	1
vitality	1.78	34
vitalization	1.5	0
vitalize	1.93	0
vitalizing	1.96	0
vitally	1.3	22
vitals	3.04	184
vitamin	4.4800000000000004	136
vitamins	4.5	181
vivacious	2.2000000000000002	13
vivaciously	2.2799999999999998	0
vivaciousness	2.2000000000000002	0
vivid	2.04	104
vividity	2.56	0
vividly	1.96	26
vividness	2.17	2
vixen	3.8	49
vocabulary	3.03	119
vocal	2.93	151
vocalism	2.71	0
vocalist	4.2	14
vocalization	2.67	4
vocalize	2.86	7
vocally	3.25	3
vocation	2.7	42
vocational	2.52	15
vocationally	2.29	0
vodka	4.97	515
vogue	2.15	119
voguish	1.84	0
voice	4.13	4394
voiced	3.23	18
voiceless	2.83	3
voicelessly	2.52	0
voicemail	4.04	52
voiceover	3.77	0
voicing	2.67	11
void	2.62	209
voidable	1.65	0
voided	2.33	5
voiding	2.19	0
volatile	2.35	59
volatility	2.19	4
volcanic	3.93	57
volcanically	2.65	1
volcano	4.75	170
volcanologist	3.58	0
volition	1.68	15
volley	3.59	24
volleyball	4.93	58
volleying	3.57	0
volt	3.43	9
voltage	3.5	85
volume	3.07	354
volumes	3.03	54
volumetric	2.4300000000000002	0
voluminous	2.57	2
voluminously	1.92	0
voluntarily	1.83	100
voluntariness	1.93	0
voluntarism	2.2999999999999998	0
voluntary	2.21	103
volunteer	3.77	475
volunteerism	2.39	1
voluptuous	2.89	38
voluptuously	2.29	0
voluptuousness	2.7	0
vomit	4.75	272
vomiter	3.68	2
vomiting	4.3099999999999996	149
voodoo	2.59	243
voodooist	3.2	0
voracious	1.74	17
voraciousness	2.16	1
vortex	3.28	76
vote	3.85	1751
voter	3.93	41
voting	3.29	241
vouch	2.39	126
voucher	3.81	46
vow	2.42	276
vowed	2.04	83
vowel	3.8	36
voyage	3.43	306
voyager	3.1	58
voyageur	3.21	0
voyeur	3.29	21
voyeurism	2.14	10
voyeuristic	2.2200000000000002	6
vulgar	1.97	167
vulgarism	2.27	2
vulgarity	2.0699999999999998	18
vulgarization	1.88	0
vulgarize	2	0
vulgarizer	1.81	0
vulgarly	2	1
vulnerability	2.36	41
vulnerable	2	437
vulnerably	1.87	0
vulture	4.7300000000000004	90
vulva	4.5	6
wackiness	2	2
wacko	2.2799999999999998	141
wacky	2	164
wad	3.93	89
wadding	3.59	6
waddle	3.59	23
waddling	3.59	6
wade	3.47	840
wader	3.74	1
wading	3.15	34
wafer	4.5599999999999996	15
waffle	4.71	108
waft	3	8
wag	3.88	26
wage	3.79	159
waged	2.2599999999999998	26
wager	2.93	202
wagerer	3	0
wagering	2.8	11
wages	3.96	198
wageworker	4	0
waggle	3.33	20
wagon	4.8899999999999997	906
wagonload	4.1900000000000004	10
wail	3.93	44
wailer	3.19	5
waist	4.72	262
waistband	4.79	10
waistcoat	4.63	18
waistline	4.34	23
wait	2.68	42343
waiter	4.67	673
waiting	2.7	10767
waitlist	3.56	0
waitperson	3.88	1
waitress	4.5599999999999996	588
waive	2.96	88
waiver	3.62	49
wake	3.11	5366
wakeful	2.72	6
wakefulness	2	4
waken	2.95	20
wakening	2.42	0
wakes	3.31	345
wakeup	3.12	5
waking	3.36	447
walk	4.07	11009
walkabout	3.27	8
walker	4.42	808
walking	4.29	3826
walkman	4.5	0
walkout	3.73	93
walkover	3.32	0
walkthrough	3.96	0
walkup	3.57	5
walkway	4.33	19
wall	4.8600000000000003	3605
wallboard	4.5	1
walled	3.87	23
wallet	4.8099999999999996	1163
wallflower	3.48	21
wallop	3.45	42
walloping	2.59	8
wallow	3.11	82
wallpaper	4.62	171
wallpapering	3.6	0
walmart	4.68	0
walnut	4.97	100
walrus	5	57
waltz	4.5199999999999996	279
wand	4.7300000000000004	157
wander	2.2799999999999998	299
wanderer	3.21	32
wandering	2.52	403
wane	2.54	13
waned	2.19	6
waning	2.12	23
wanker	3.08	111
wannabe	1.85	64
want	1.93	140718
wanting	2	1251
wanton	2.92	42
wantonly	1.4	10
war	3.63	8912
warbler	4.1500000000000004	4
ward	3.59	727
warden	4.2699999999999996	573
wardrobe	4.67	330
ware	3.54	112
warehouse	4.6900000000000004	509
warehoused	3	1
warehouseman	4.68	0
warehousing	3.29	3
warfare	3.03	150
warhead	4.07	165
warhorse	4.21	12
warily	2.11	1
wariness	1.73	2
warlike	2.46	14
warlock	3.9	185
warlord	4.4000000000000004	39
warm	3.56	2659
warmed	2.86	112
warmer	3.29	184
warmhearted	1.9	4
warmheartedly	1.96	0
warming	3.34	203
warmish	3	0
warmly	2.13	24
warmness	3.07	0
warmonger	3.81	7
warmth	3.39	227
warn	2.89	1293
warning	3.21	1630
warp	3.07	280
warpath	2.78	44
warped	2.81	83
warping	3.03	3
warplane	4.74	5
warrant	3.73	1060
warrantable	2	0
warranted	1.93	19
warrantee	2.88	1
warrantless	2.0699999999999998	2
warranty	3.21	42
warrior	4.17	516
warship	4.8600000000000003	48
wart	4.8899999999999997	63
warthog	5	16
wartime	2.63	58
warty	3.54	4
wary	1.82	38
was	1.69	288391
wasabi	4.67	15
wash	4.3499999999999996	2077
washable	2.79	6
washbasin	4.74	1
washboard	4.8600000000000003	7
washbowl	4.76	1
washcloth	4.93	19
washday	2.92	2
washed	4	718
washer	4.7	104
washerwoman	3.92	6
washhouse	4.5199999999999996	0
washing	4.4400000000000004	462
washingmachine	4.8499999999999996	0
washout	2.77	38
washrag	4.78	1
washroom	4.76	86
washstand	4.8499999999999996	2
washtub	4.96	5
washwoman	4	1
wasp	4.96	73
waste	3.24	2716
wastebasket	4.63	32
wasted	2.72	854
wasteful	1.97	30
wastefully	2.1800000000000002	0
wastefulness	2.3199999999999998	1
wasteland	4	50
wastepaper	4.5199999999999996	16
waster	2.35	2
wastewater	4.12	1
wasting	2.1	1135
watch	4.6100000000000003	16831
watchable	2.5	4
watchband	5	7
watchcase	4.4400000000000004	0
watchdog	4.29	53
watched	3.14	1353
watcher	4.17	51
watchful	2.19	20
watchfully	2.25	0
watchfulness	2.12	1
watching	3.58	5081
watchmaker	4.3600000000000003	7
watchman	4.68	126
watchtower	4.43	22
water	5	11478
waterbed	4.93	27
waterbird	4.92	1
watercolor	4.33	5
watercolorist	4.1100000000000003	2
watercress	4.3099999999999996	4
watered	3.88	49
waterfall	4.9000000000000004	95
waterfinder	3.32	0
waterfowl	4.43	1
waterfront	4.67	53
waterhole	4.62	7
wateriness	3.16	0
watering	4.24	109
wateringcan	4.92	0
waterish	2.52	0
waterless	3.27	0
waterlessness	3	0
waterline	4.4000000000000004	4
waterlog	4	0
waterlogged	3.56	7
watermark	4.55	14
watermarked	3.93	2
watermelon	4.8899999999999997	112
watermill	4.6900000000000004	1
waterpolo	4.6399999999999997	0
waterproof	3.6	50
waterproofing	3.28	4
waterscape	4.08	0
watershed	4.08	6
waterskiing	4.1900000000000004	4
waterspout	4.8099999999999996	5
watertight	3	19
waterway	4.4000000000000004	6
waterweed	4.3	0
waterwheel	4.43	1
waterworks	4.07	23
watery	3.93	36
watt	3.1	96
wattage	3.03	9
wave	4.55	1084
waved	3.69	105
waveform	3.19	1
wavelength	3.35	32
wavelike	2.76	0
waver	2.56	22
wavering	2.29	15
waveringly	1.96	0
waviness	3.14	0
waving	3.52	266
wavy	3.5	28
wax	4.97	461
waxed	3.88	69
waxing	3.7	51
waxwork	3.96	2
waxy	4.0999999999999996	20
way	2.34	72661
wayfaring	2.1800000000000002	1
waypoint	3.04	0
ways	2	2633
wayside	2.75	13
wayward	2.21	38
waywardly	1.79	0
waywardness	2.56	0
we	3.08	459607
weak	2.79	1607
weaken	2.37	60
weakening	2.17	38
weakling	3.14	43
weakly	2.17	20
weakness	2.59	454
wealth	2.63	324
wealthily	2.5	2
wealthy	2.73	376
wean	2.59	13
weapon	4.76	2379
weaponless	3.15	3
weaponry	3.56	54
wear	3.61	5576
wearable	2.59	3
wearer	3.78	27
wearied	2.21	7
wearier	2.41	0
wearily	2	3
weariness	2.4300000000000002	5
wearing	3.59	4410
wearisome	1.96	0
weary	3	212
wearying	1.88	3
weasel	4.74	250
weather	3.83	1746
weathered	3.07	17
weatherglass	4.09	0
weathering	2.87	1
weatherman	4.7300000000000004	107
weatherproof	3.11	2
weatherproofed	3.29	1
weatherproofing	4.1100000000000003	0
weathertight	3.39	0
weathervane	4.4800000000000004	0
weatherworn	3.21	0
weave	4.2	105
weaved	3.39	8
weaver	4.29	413
weaving	3.37	43
web	4.37	470
webbed	3.84	17
webbing	4.04	4
webbrowser	4.29	0
webby	3.61	9
webcam	4.8899999999999997	11
webcast	3.85	5
webcasting	3.26	1
webdesign	3.48	0
webdeveloper	4.1900000000000004	0
webfoot	4.42	0
weblog	3.88	0
webmanager	4.28	0
webmaster	3.38	2
webpage	4.7699999999999996	4
webserver	3.9	0
website	4.5199999999999996	220
wed	3.11	125
wedded	3.14	164
wedding	3.92	5173
wedge	4.41	119
wedged	3.5	50
wedgie	4.07	44
wedging	3	3
wedlock	2.29	54
wednesday	3.14	932
wee	3.14	434
weed	4.9000000000000004	600
weeded	3.38	5
weeder	4.07	4
weedkiller	4.66	0
weeds	4.83	121
weedy	3.67	15
week	3.48	12164
weekday	3.18	22
weekend	3.83	3118
weekender	2.56	3
weeklong	3	4
weekly	3.28	237
weeknight	3.25	6
weenie	4.22	144
weep	4.54	280
weeper	3.52	3
weeping	4.18	162
weeps	3.79	26
weepy	2.72	29
weigh	3.79	363
weighable	2.73	0
weighed	2.97	153
weighing	3.29	116
weight	3.94	1850
weighted	2.86	20
weightily	1.77	0
weightiness	2.64	0
weighting	2.6	3
weightless	3.32	19
weightlessly	2.87	1
weightlessness	2.69	10
weightlifter	4.72	1
weightlifting	4.32	7
weighty	2.76	12
weird	1.59	5156
weirdly	1.96	18
weirdness	1.93	48
weirdo	2.79	162
welcome	2.0699999999999998	9140
welcomer	3.08	0
welcoming	2.0299999999999998	133
welcomingly	1.61	0
weld	4.18	32
welder	4.82	25
welding	4.17	28
welfare	2.57	402
well	3.33	152523
wellbeing	2.2999999999999998	10
wellmannered	2.25	0
wellness	2	21
welt	4.43	9
welted	3.27	0
welting	3.58	0
wench	3.86	88
went	2.25	20987
wept	4.1900000000000004	71
were	1.48	84804
werewolf	4.17	227
west	3.44	3088
westbound	2.84	46
westcoast	3.7	0
western	2.8	679
westerner	3.27	10
westernization	2.0699999999999998	1
westernize	1.96	0
westernmost	3.24	1
westward	3.68	24
westwards	3.5	1
wet	4.46	2000
wetback	2.96	24
wetland	4.29	5
wetly	3	0
wetness	3.79	6
wetsuit	4.63	3
wetted	3.57	1
wetter	3.78	24
wetting	3.37	42
whack	3.48	455
whacker	3.14	17
whacking	3.48	64
whacky	2.0299999999999998	2
whale	4.96	574
whaleboat	4.88	1
whalebone	4.46	5
whaler	4.34	20
whaling	3.68	45
wham	2.68	98
whammy	2.16	34
wharf	4.5999999999999996	65
what	2	501965
whatever	1.46	12584
whatnot	1.92	101
whatsoever	1.17	470
wheat	4.8899999999999997	293
wheatgrass	4.6900000000000004	12
wheel	4.8600000000000003	1380
wheelbarrow	4.79	31
wheelbase	4.12	4
wheelchair	4.93	316
wheeled	3.78	41
wheeler	3.38	195
wheelhouse	4.5599999999999996	10
wheelie	4.37	11
wheelman	3.62	10
wheeze	4.29	29
wheezy	3.6	14
whelp	3.39	24
when	1.6	103739
whence	1.88	53
whenever	1.79	1790
where	1.66	93341
whereabouts	2.39	327
whereas	1.46	181
whereby	1.41	37
wherefore	1.43	44
wherein	1.67	25
whereof	1.32	10
whereto	1.67	1
whereupon	1.52	11
wherever	1.23	1500
whether	1.59	3424
whetstone	4.68	9
whey	4.71	4
which	1.54	24339
whichever	1.3	163
whiff	2.77	127
while	1.55	17821
whilst	1.85	77
whim	1.69	119
whimper	4.37	37
whimperer	3.5	0
whimpering	3.52	127
whimsical	1.93	40
whimsicality	1.63	0
whimsically	2.23	0
whimsicalness	1.8	0
whimsy	1.85	24
whine	3.4	83
whiner	3.66	14
whiney	2.9	14
whininess	2.25	0
whinny	3.7	13
whiny	2.31	52
whip	4.68	671
whiplash	3.5	90
whipped	3.3	370
whippersnapper	2.5299999999999998	8
whipping	3.9	112
whir	2.62	5
whirl	3.37	89
whirled	2.86	2
whirling	3.43	35
whirlpool	4.6399999999999997	31
whirlwind	4.07	49
whirly	2.93	1
whirlybird	4.3099999999999996	8
whisk	4.33	29
whiskbroom	4.6500000000000004	1
whisker	4.7	13
whiskered	4.1399999999999997	3
whiskerless	3.61	0
whiskers	4.8899999999999997	109
whiskey	4.74	822
whisking	3.62	6
whisky	5	205
whisper	4.34	403
whispered	4.13	103
whisperer	3.81	9
whispering	3.37	413
whisperingly	2.65	0
whispery	2.82	3
whistle	4.42	788
whistleblower	3.48	0
whistler	3.58	73
whistling	4.1900000000000004	261
white	3.89	8744
whitebeard	4.21	0
whiteboard	4.78	0
whitecap	4.58	0
whitefish	4.4800000000000004	25
whitehead	4.5199999999999996	45
whiten	3.56	3
whitener	3.77	0
whiteness	3.69	6
whitening	3.83	2
whiteout	4.28	8
whites	3.93	232
whitetail	4.5	1
whitewall	4.2	0
whitewash	3.7	33
whitewater	4.45	3
whither	3.07	18
whitish	3.27	1
whittle	4.16	21
whittler	4.04	4
whittling	3.91	16
whiz	2.59	199
whizzing	3.29	22
whizzkid	3.04	0
who	1.74	113370
whoa	1.83	8023
whodunit	2.2999999999999998	8
whoever	1.93	2203
whole	3.25	19660
wholegrain	4.1900000000000004	3
wholehearted	2.11	4
wholeheartedly	1.55	15
wholeheartedness	1.56	0
wholeness	2.52	5
wholesale	3.07	85
wholesaler	3.86	9
wholesome	2.17	81
wholesomely	1.65	0
wholesomeness	1.67	5
wholly	2.19	69
whom	1.93	1795
whomever	1.85	62
whomsoever	2.5	5
whoop	3.13	197
whoopee	2.41	82
whooping	3.36	105
whoops	2.38	228
whoosh	2.64	60
whopper	2.72	43
whopping	2.37	31
whore	4.1500000000000004	1076
whorehouse	4.5999999999999996	79
whoremonger	2.91	3
whorish	1.79	5
whorishly	2.29	0
whorishness	2.29	0
whose	1.68	3187
whosesoever	2.04	0
whosoever	2.08	34
why	1.86	114687
wick	4.6900000000000004	128
wicked	2.11	678
wickedly	1.5	10
wickedness	1.72	39
wicker	4.3	48
wickerwork	4.08	0
wicking	3.04	1
wide	3.06	1214
widely	2.21	76
widen	3.21	42
wideness	3.07	0
widescreen	4.46	4
widespread	2.23	47
widget	3.72	10
widow	4.33	617
widowed	3.22	29
widower	3.96	72
widowhood	3	4
width	3.64	35
widthwise	2.81	0
wield	3.07	39
wieldable	2.68	0
wielder	3.72	3
wieldy	1.69	0
wiener	4.8099999999999996	113
wienie	4.5199999999999996	21
wife	4.13	17795
wifehood	2.54	0
wifeless	2.62	1
wifelessness	2.48	0
wifely	1.54	10
wifi	2.96	0
wig	4.72	426
wigged	3.04	23
wiggle	3.93	152
wiggler	3.44	8
wiggly	3.29	32
wigless	3.88	1
wigmaker	4.1100000000000003	1
wigwam	4.4800000000000004	16
wikipedia	3.96	0
wild	2.41	2923
wildcard	3.12	1
wildcat	4.79	71
wilder	2.1	106
wilderness	3.79	201
wildfire	4.59	50
wildflower	4.6900000000000004	3
wildfowl	4.25	0
wildish	2.2599999999999998	0
wildland	3.96	0
wildlife	4.26	98
wildly	1.93	98
wildness	2.39	12
will	2.64	108306
willable	1.96	0
willed	2.29	29
willful	1.81	35
willfully	1.93	26
willfulness	1.74	1
willing	2.0699999999999998	2512
willingly	2.04	121
willingness	1.81	68
willow	4.3499999999999996	318
willowy	2.12	3
willpower	1.48	54
wilt	2.9	93
wimp	2.9	159
wimpy	2.21	43
win	2.67	6867
wince	4.1500000000000004	12
winch	4.4000000000000004	69
wincing	3.38	1
wincingly	2.2400000000000002	0
wind	3.93	3028
windbag	3.32	41
windblown	3.26	6
windbreak	3.96	1
windbreaker	4.12	16
windburn	3.86	1
winded	2.76	18
windfall	2.52	20
windflower	4.12	0
windily	2.4300000000000002	0
windiness	3.26	0
winding	3.63	100
windless	2.78	1
windmill	4.8899999999999997	65
window	4.8600000000000003	4386
windowless	3.86	10
windowpane	4.8600000000000003	13
windowsill	4.7	33
windpipe	4.75	46
windproof	3.58	1
windscreen	4.59	14
windshield	4.8600000000000003	167
windsock	4.3899999999999997	1
windstorm	4.41	9
windsurf	4.04	2
windsurfer	4.63	3
windsurfing	4.12	8
windswept	3.3	6
windward	2.4	5
windy	3.86	134
wine	4.79	3078
wineglass	4.93	4
winegrower	3.67	0
winegrowing	3.6	0
winemaker	4.33	9
winemaking	3.9	1
winery	4.3499999999999996	17
wineshop	4.96	1
wing	4.8600000000000003	1032
wingback	3.29	0
winged	3.68	58
wingless	3.71	2
wingman	3.61	57
wingspan	4	10
wingtip	4.68	5
wink	4.2300000000000004	180
winker	3.92	1
winking	4.34	22
winnable	1.58	1
winner	3.21	1592
winning	2.82	1192
winningly	2.0699999999999998	3
winnings	2.97	90
winter	3.84	1337
winterberry	4.62	1
wintered	2.93	4
wintergreen	4.03	4
wintering	2.96	1
winterish	2.54	0
winterization	2.64	0
winterize	2.39	1
winterless	3.08	0
wintertime	3.67	22
wintery	3.33	1
wintry	3.32	11
wipe	4	861
wipeout	3.37	14
wiper	4.5599999999999996	29
wire	4.72	1403
wired	4.07	386
wireless	3.57	135
wirelessly	2.58	0
wirepuller	3.73	0
wirer	3.14	0
wiretap	4.25	27
wirework	3.72	0
wireworker	4.4400000000000004	0
wiring	4.6399999999999997	118
wiry	2.79	18
wisdom	1.53	565
wise	1.97	1452
wiseass	2.5	0
wisecrack	2.92	14
wisecracker	3.26	0
wiseguy	3.06	14
wisely	2.09	81
wisenheimer	2.04	12
wiser	1.75	132
wish	1.77	11991
wishbone	4.68	25
wished	1.93	420
wisher	3.38	2
wishful	2.36	53
wishfully	1.74	0
wishing	2.04	339
wisp	2.87	21
wisplike	2.19	0
wispy	3.2	5
wistful	2.0699999999999998	9
wistfully	1.55	5
wistfulness	1.92	1
wit	1.93	302
witch	4.17	1410
witchcraft	2.96	140
witchery	2.17	3
witching	2.04	14
witchlike	2.6	0
witchy	2.46	13
with	2	257465
withdraw	3.04	337
withdrawal	2.33	146
withdrawer	2.6	0
withdrawing	2.59	40
withdrawn	2.19	115
withdrawnness	1.77	0
wither	2.71	47
withered	3.46	55
withering	3.21	21
witheringly	1.73	0
withers	3.5	32
withheld	2.0299999999999998	52
withhold	2.68	53
withholder	2.64	1
withholding	2.15	96
within	2.81	3017
without	2.15	18087
withstand	2.27	83
withstood	2.33	11
witless	1.81	24
witlessly	1.65	0
witness	4.07	2621
wits	1.76	146
wittily	1.8	1
wittiness	2.11	0
wittingly	1.68	0
witty	2.21	163
wiz	3.07	29
wizard	4.43	542
wizardly	2.21	0
wizardry	2.6	20
wobble	3.6	30
wobbliness	3.43	0
wobbling	3.61	11
wobblingly	2.79	0
wobbly	3.15	37
woe	1.96	119
woeful	1.67	7
woefully	1.88	10
woefulness	1.93	0
wok	4.57	38
woke	3.15	1344
wolf	4.79	1034
wolfhound	4.8	1
wolfish	2.52	2
wolfishly	2.38	0
wolfishness	2.12	0
wolverine	4.7699999999999996	32
woman	4.46	22166
womanhood	2.5499999999999998	39
womanish	2.67	7
womanishness	1.79	0
womanize	2.82	1
womanizer	3.38	21
womankind	3.39	9
womanless	2.72	0
womanlike	3.14	1
womanliness	2.2400000000000002	0
womanly	2.48	8
womb	4.37	177
wombat	4.4800000000000004	15
womenfolk	3.5	8
won	2.96	38729
wonder	1.8	5966
wonderer	2.27	0
wonderful	1.82	8364
wonderfully	1.5	114
wonderfulness	1.59	3
wondering	2.0699999999999998	3231
wonderingly	1.74	0
wonderland	2.39	93
wonderment	2.04	7
wondrous	1.46	83
wondrously	1.75	1
wondrousness	1.58	0
wont	1.59	81
woo	2.19	343
wood	4.8499999999999996	1377
woodbin	4.42	0
woodblock	4.59	1
woodcarver	4.59	2
woodcarving	4.18	4
woodchopper	4.7	0
woodchuck	4.8899999999999997	17
woodcraft	4.1500000000000004	1
woodcrafter	4.07	0
woodcraftsman	4.45	0
woodcut	3.89	0
woodcutter	4.54	12
woodcutting	4.41	1
wooded	4.46	17
wooden	4.6100000000000003	367
woodenly	2.6	0
woodenness	3.12	0
woodenware	4.29	0
woodhouse	4.41	92
woodiness	3.39	0
woodland	3.76	57
woodlander	3.42	0
woodless	3.42	0
woodman	4	18
woodpecker	4.93	50
woodpile	5	11
woods	4.87	1482
woodshed	4.68	22
woodshop	4.3600000000000003	3
woodsman	4.58	23
woodstove	4.83	0
woodsy	3.08	13
woodwind	4.43	15
woodwork	4.45	43
woodworker	4.3600000000000003	0
woodworking	4.12	5
woodworm	4.79	1
woody	3.12	433
woof	3.9	141
woofer	4.5	10
wooing	2.59	36
wooingly	1.78	1
wool	4.8600000000000003	161
woolen	3.86	29
woolgatherer	3.58	0
woolgathering	3.16	3
wooliness	3.93	0
woolly	3.96	24
woolworker	4.1900000000000004	0
woozy	3.1	43
word	3.56	12013
worded	2.15	14
wordily	1.96	0
wordiness	2.86	0
wording	2.4500000000000002	14
wordless	2.31	2
wordlessly	2.5	2
wordlessness	1.88	0
wordplay	1.87	9
wordsmith	3.7	6
wordy	3.2	8
wore	3	1081
work	3.48	40699
workability	1.93	1
workable	2.21	17
workableness	1.83	0
workaholic	2.44	28
workbag	4.5199999999999996	0
workbasket	4.68	0
workbench	4.62	10
workboat	4.54	0
workbook	4.57	6
workbox	4.08	1
workday	3.68	13
worked	2.83	5877
worker	4.59	558
workfellow	3.48	0
workflow	2.72	0
workfolk	3.26	0
workforce	3.63	17
workgroup	3.96	0
workhorse	3.8	5
workhouse	4.2300000000000004	16
working	3.48	12775
workingman	4.21	12
workings	2.59	42
workingwoman	3.93	0
workless	2	0
workload	3.52	45
workman	4.1100000000000003	40
workmanlike	2.16	0
workmanship	2.33	28
workmate	4.08	0
workout	3.89	141
workpeople	4.41	0
workplace	4.4800000000000004	124
workroom	4.66	11
works	3.79	5357
worksheet	4.66	5
workshop	4.54	143
worksite	4.47	0
workspace	4.25	14
workstation	4.63	17
worktable	4.5599999999999996	0
worktop	4.55	0
workup	2.96	49
workweek	3.25	3
workwoman	4.42	0
world	4.3600000000000003	23216
worldliness	1.79	3
worldly	1.86	77
worldview	2.31	5
worldwide	2.52	161
worm	4.9000000000000004	516
wormed	2.74	11
wormhole	3.89	98
worming	2.7	8
wormlike	3.16	0
wormwood	4.4400000000000004	23
wormy	3.14	11
worn	3.68	514
wornness	2.86	0
worried	2.21	4831
worriedly	2.31	1
worrier	3.21	15
worrisome	2.25	12
worrisomely	1.8	0
worry	2.5499999999999998	14638
worrying	2.21	827
worryingly	1.89	0
worrywart	2.63	5
worse	1.61	5002
worsen	1.7	20
worseness	1.88	0
worsening	1.96	9
worship	2.62	409
worshiper	3.67	8
worshipful	2.12	5
worshipfully	2.14	0
worshipfulness	1.65	0
worshipper	3.39	8
worst	1.54	2874
wort	4.6399999999999997	19
worth	1.89	5569
worthiest	1.57	3
worthiness	1.78	12
worthless	1.97	473
worthlessly	1.76	0
worthlessness	1.59	2
worthwhile	2	206
worthy	2	527
would	1.1200000000000001	90162
wound	4.24	1353
woundable	2.73	0
wounded	3.64	992
wounding	3.07	18
woundingly	2.16	0
woundless	2.8	0
wounds	4.1900000000000004	717
wove	3.38	12
woven	3.15	32
wow	1.48	8160
wraithlike	2.78	0
wrangle	3.63	18
wrangler	3.56	10
wrap	4.1100000000000003	908
wraparound	3.6	7
wrapped	4.26	600
wrapper	4.3899999999999997	85
wrapping	3.97	147
wrath	2.42	199
wrathful	1.86	5
wrathfully	2	0
wrathfulness	1.84	0
wreak	2.83	30
wreath	4.93	54
wreathe	3.96	0
wreathed	3.46	1
wreathless	2.89	0
wreathlike	2.96	0
wreck	4.07	697
wreckage	4.46	106
wrecker	4.29	26
wrecking	3.41	109
wren	3.8	19
wrench	4.93	202
wrenched	2.7	16
wrenchingly	2.17	0
wrestle	4.33	176
wrestler	4.42	91
wrestling	4.38	446
wretch	3.04	83
wretched	2.0299999999999998	185
wretchedly	1.7	2
wretchedness	2.0699999999999998	2
wriggle	3.63	21
wriggly	3.15	4
wring	4	62
wrinkle	4.3	96
wrinkled	4.29	86
wrinkleless	3.69	0
wrinkly	3.52	17
wrist	4.93	527
wristband	4.79	9
wristlet	4.38	1
wristwatch	4.8499999999999996	59
writable	2.5499999999999998	0
write	4.22	6467
writeable	2.79	1
writer	4.32	1200
writhe	2.77	9
writhed	2.92	0
writhing	3.19	21
writing	3.7	2852
written	4.04	2247
wrong	1.83	26678
wrongdoer	3.5	1
wrongdoing	2.4300000000000002	26
wronged	2	56
wrongful	1.5	54
wrongfully	1.93	25
wrongfulness	1.74	0
wrongheaded	1.61	0
wrongheadedness	1.44	0
wrongly	1.83	48
wrongness	1.41	4
wrote	3.55	3629
wrought	2.42	44
wrung	3.3	14
wry	1.59	10
wryness	1.92	0
xbox	4.8899999999999997	0
xenophobia	2.13	3
xenophobic	2.2000000000000002	3
xerox	3.96	48
xylophone	4.75	9
xylophonist	4.29	2
yacht	4.97	419
yachter	4	0
yachting	4.04	17
yachtsman	4.3499999999999996	3
yachtsmanship	2.4300000000000002	0
yahoo	2.58	149
yak	4.6500000000000004	71
yam	4.93	43
yank	4.0999999999999996	240
yankee	3.53	459
yanking	3.71	40
yap	2.96	73
yapped	3.25	3
yapping	3.48	58
yappy	2.48	5
yard	4.82	1278
yardage	3	3
yardman	4.42	2
yardmaster	3.8	5
yardstick	4.6900000000000004	17
yarn	4.93	81
yawn	4.46	51
yawner	3.36	1
yawning	4.1500000000000004	48
yeah	1.89	152262
year	3.25	14174
yearbook	4.58	241
yearling	3.92	12
yearlong	2.68	2
yearly	3.17	45
yearn	1.76	49
yearning	2	81
yeast	4.72	44
yeasty	2.96	0
yell	3.86	939
yelling	4.08	1087
yellow	4.3	1724
yellowbelly	2.2999999999999998	0
yellowbird	4.62	3
yellowcake	4.74	0
yellowing	3.43	9
yellowish	3.5	0
yellowness	3.36	1
yellowpages	4.79	0
yellows	3.86	24
yellowtail	4.4400000000000004	5
yellowy	2.92	2
yelp	3.54	7
yelper	3.89	0
yen	4.04	312
yes	2.14	101835
yesterday	3	4935
yesteryear	1.89	9
yet	1.39	17428
yeti	3.96	14
yiddish	3.15	37
yield	2.93	206
yieldable	2.12	0
yielder	2.2799999999999998	0
yielding	2.82	22
yieldingly	1.92	0
yieldingness	1.67	0
yin	2.48	168
yippee	2.1800000000000002	72
yodel	4.2	43
yodeler	4.08	2
yoga	4.53	227
yogi	3.83	39
yogurt	4.9000000000000004	116
yoke	4.83	22
yokeless	3.46	0
yolk	4.78	21
yolkless	3.64	0
yonder	2.59	178
you	4.1100000000000003	2134713
young	3.16	12402
younger	2.79	1257
youngish	2.0699999999999998	1
youngling	3.22	0
youngness	2.54	0
youngster	3.76	74
your	2.37	328715
yours	2.14	10441
yourself	4.3899999999999997	22151
yourselves	3.37	1479
youth	3.28	858
youthful	2.9	79
youthfully	2.1800000000000002	1
youthfulness	2.86	0
youtube	4.3499999999999996	0
yoyo	4.7300000000000004	14
yo-yo	5	0
yuck	1.83	194
yucky	1.86	22
yuletide	2.57	27
yummy	2.86	228
yuppie	2.68	45
zany	1.58	10
zap	2.85	125
zeal	2.33	31
zealot	2.56	10
zealous	2	15
zealously	1.45	3
zealousness	2	2
zebra	4.8600000000000003	128
zen	1.55	130
zenith	2.83	22
zeppelin	4.4400000000000004	60
zero	2.86	1094
zest	2.27	35
zestful	2	1
zestfully	2.34	0
zestfulness	2.15	0
zesty	3.18	8
zigzag	3.52	23
zigzagged	4	1
zigzaggy	3.36	0
zillion	2.33	67
zillionth	1.92	3
zinc	4.4000000000000004	43
zinfandel	4.2300000000000004	3
zing	1.23	60
zinger	2.2000000000000002	11
zip	3.5	389
zipfile	4	0
zipper	4.83	144
zippered	4.12	3
zipping	3.38	22
zippy	2.39	19
zips	3.67	17
zirconium	4.2699999999999996	2
zit	4.8499999999999996	52
zodiac	3.07	31
zodiacal	2.17	2
zombie	4.16	184
zone	3.07	1026
zoned	2.77	18
zoning	2.4500000000000002	61
zoo	4.8099999999999996	696
zookeeper	4.71	1
zoological	2.4	8
zoologically	2.33	0
zoologist	4.3	12
zoology	3.37	17
zoom	3.1	181
zoophobia	2.04	0
zucchini	4.87	49
a cappella	2.92	0
above all	2.11	0
academic year	3.71	0
acid rain	4.2	0
acid test	4.04	0
act on	2.36	0
act out	3.07	0
act upon	2.2799999999999998	0
add on	3.64	0
add up	2.62	0
aerosol can	4.93	0
affirmative action	2.2599999999999998	0
agenda item	3.48	0
air attack	3.93	0
air bag	4.96	0
air base	4.83	0
air conditioner	4.93	0
air conditioning	4.21	0
air crew	4.21	0
air filter	4.8	0
air flow	3.74	0
air force	4.3499999999999996	0
air freshener	4.6100000000000003	0
air hostess	4.62	0
air mattress	4.71	0
air pollution	3.26	0
air pressure	3.52	0
air pump	4.8099999999999996	0
air rifle	4.72	0
air shaft	4.6399999999999997	0
air space	3.56	0
air strike	3.76	0
air transport	4.08	0
air travel	3.92	0
aircraft carrier	4.93	0
airport terminal	4.96	0
alarm clock	4.8499999999999996	0
all along	1.88	0
all in	2.33	0
all inclusive	2.12	0
allow for	2.25	0
aloe vera	4.92	0
altar boy	4.5599999999999996	0
alter ego	2.3199999999999998	0
aluminum foil	4.7300000000000004	0
amino acid	4.04	0
amniotic fluid	4.25	0
amusement park	4.5999999999999996	0
ankle bracelet	4.8600000000000003	0
anorexia nervosa	3.57	0
answering machine	4.75	0
apartment block	4.55	0
apartment building	4.79	0
apple juice	4.8600000000000003	0
apple pie	4.93	0
apple tree	4.84	0
appointment book	4.6399999999999997	0
april fool	2.6	0
arm twisting	4	0
armed forces	4.12	0
armed services	4.5	0
armored car	4.8499999999999996	0
armored vehicle	4.8600000000000003	0
arms race	2.77	0
army base	4.57	0
army officer	4.3099999999999996	0
arrest warrant	4.45	0
art deco	3.52	0
art exhibition	4.59	0
art gallery	4.78	0
art school	4.4400000000000004	0
ash wednesday	2.77	0
assembly line	4.55	0
at bay	2.2999999999999998	0
at large	1.93	0
at odds	1.89	0
atom bomb	4.53	0
atomic clock	3.71	0
atomic energy	2.79	0
auction house	4.6900000000000004	0
auction off	3	0
automatic pistol	4.79	0
baby buggy	4.5999999999999996	0
baby carriage	4.8899999999999997	0
baby oil	4.7	0
baby powder	4.79	0
baby sitter	4.2	0
baby talk	3.59	0
back burner	3.48	0
back door	4.5199999999999996	0
back down	2.82	0
back end	3.85	0
back off	3.18	0
back out	3.38	0
back seat	4.8899999999999997	0
bad guy	3.34	0
bad luck	2.04	0
bad manners	2.44	0
bad temper	3.14	0
baking powder	4.76	0
baking sheet	4.96	0
baking soda	5	0
baking tray	4.97	0
balance beam	4.66	0
balance sheet	4.3099999999999996	0
ball game	4.3	0
ball park	4.8499999999999996	0
ballot box	4.57	0
ballpoint pen	4.8499999999999996	0
banana peel	4.8600000000000003	0
banana republic	3.86	0
banana split	4.88	0
bank account	4.3	0
bank building	4.67	0
bank card	4.8099999999999996	0
bank holiday	3.86	0
bank loan	4.4400000000000004	0
bank manager	4.59	0
bank robber	4.79	0
bank statement	4.2699999999999996	0
bank vault	4.93	0
bar chart	4.3600000000000003	0
bar code	4.76	0
bar graph	4.3	0
barbecue pit	4.93	0
barbed wire	4.72	0
barge in	3	0
baseball bat	5	0
baseball cap	4.96	0
baseball game	4.8899999999999997	0
baseball glove	4.8899999999999997	0
baseball player	4.8	0
basketball court	4.8899999999999997	0
basketball hoop	4.97	0
basketball player	4.75	0
basketball team	4.4000000000000004	0
bass guitar	4.83	0
bath mat	4.67	0
bath towel	5	0
bathing suit	4.8600000000000003	0
battering ram	4.75	0
battery charger	4.93	0
battle cry	4.07	0
battle flag	4.34	0
battle plan	3.72	0
bay leaf	4.88	0
bay window	4.93	0
beach ball	5	0
beach chair	4.6900000000000004	0
beauty queen	4.17	0
beauty salon	4.53	0
beauty shop	4.63	0
bed linen	4.8099999999999996	0
bed sheet	5	0
bee sting	4.7699999999999996	0
beef up	2.84	0
beer belly	4.3899999999999997	0
beer bottle	4.8600000000000003	0
beer can	4.93	0
bell pepper	4.97	0
bell tower	4.75	0
belly dancer	4.68	0
belly dancing	4.0999999999999996	0
belong to	2.54	0
belt buckle	4.92	0
best friend	3.93	0
best man	4.07	0
best seller	3.61	0
best selling	2.57	0
better off	1.67	0
bicycle race	4.3	0
big bang	2.52	0
big brother	4.41	0
big bucks	2.82	0
big business	2.72	0
big deal	2.21	0
big dipper	4.68	0
big money	3.15	0
big shot	2.9	0
big spender	3.31	0
big toe	5	0
big wheel	4.4800000000000004	0
bikini line	4.54	0
binge drinking	3.32	0
biological clock	2.0699999999999998	0
birds-eye view	3.65	0
birth certificate	5	0
birth control	4.1900000000000004	0
birthday cake	4.93	0
birthday card	4.78	0
birthday party	4.76	0
black box	4.8099999999999996	0
black eye	4.72	0
black hole	3.64	0
black locust	4.93	0
black magic	2.38	0
black market	2.72	0
black out	3.11	0
black pudding	4.76	0
black sheep	3.96	0
black tie	4.72	0
black widow	4.68	0
black-eyed pea	4.7300000000000004	0
blank check	4.5	0
blast off	3.13	0
blend in	2.67	0
blind date	3.23	0
blind spot	3.77	0
block diagram	4.1500000000000004	0
block off	3.56	0
blood bank	4.5199999999999996	0
blood cell	4.57	0
blood clot	4.4000000000000004	0
blood group	2.96	0
blood plasma	4.07	0
blood poisoning	3.55	0
blood pressure	3.33	0
blood relative	3.62	0
blood sport	3.5	0
blood sugar	3	0
blood test	4.24	0
blood transfusion	4.46	0
blood vessel	4.76	0
bloody mary	4.66	0
blot out	4.3099999999999996	0
blow dryer	4.79	0
blow out	3.43	0
blow up	3.72	0
blue cheese	4.71	0
blue chip	3.59	0
blue collar	2.78	0
blue jeans	4.97	0
blurt out	3	0
boa constrictor	4.7699999999999996	0
board game	4.6100000000000003	0
board meeting	4.2300000000000004	0
board member	4.34	0
board up	3.55	0
boarding house	4.5199999999999996	0
boarding school	4.58	0
body armor	4.83	0
body building	4.21	0
body language	3.69	0
body lotion	4.9000000000000004	0
body odor	4.4400000000000004	0
body part	4.47	0
body stocking	4.68	0
body weight	3.76	0
bogged down	2.7	0
boil down	3.08	0
boiled egg	4.96	0
boiling point	4.21	0
bok choy	4.93	0
bolo tie	4.24	0
bomb shelter	5	0
bone marrow	4.43	0
booby trap	4.26	0
book bag	4.8600000000000003	0
book fair	4.33	0
book review	3.6	0
booster seat	4.8099999999999996	0
boot camp	4.0999999999999996	0
border patrol	4.5	0
bottle opener	4.96	0
bottom line	2.37	0
bottom up	3.07	0
bouillon cube	4.5199999999999996	0
bounce back	2.67	0
bow out	3.19	0
bow tie	4.8600000000000003	0
bowel movement	4.2300000000000004	0
bowler hat	4.8	0
bowling ball	5	0
box office	4.46	0
boxer shorts	4.9000000000000004	0
boxing gloves	4.97	0
boxing match	4.4800000000000004	0
boxing ring	4.63	0
boy scout	4.32	0
brain drain	2	0
brain scan	4.8099999999999996	0
brain teaser	3.52	0
brake light	4.92	0
brake pedal	4.6900000000000004	0
branch out	2.77	0
brand new	3.17	0
brass band	4.67	0
brass knuckles	4.5199999999999996	0
break apart	3.97	0
break down	3.28	0
break even	1.93	0
break in	3.41	0
break out	3	0
break through	2.44	0
break up	3.11	0
breaking point	2.04	0
breast cancer	4.28	0
breast implant	4.7	0
breath test	4.0999999999999996	0
breeze through	2.52	0
bring back	3.19	0
bring forth	2.44	0
bring in	2.57	0
bring up	2.73	0
bristle brush	4.74	0
broom handle	4.96	0
brush aside	3	0
brush off	3.04	0
brush up	2.5499999999999998	0
brussels sprouts	5	0
bubble bath	4.68	0
bubble gum	4.9000000000000004	0
bubble wrap	4.97	0
bucket seat	4.59	0
buckle down	2.39	0
budget cut	2.74	0
building site	4.71	0
bulgur wheat	4.7	0
bullet hole	4.7	0
bulletin board	4.93	0
bulletproof vest	4.9000000000000004	0
bundle up	3.38	0
bungee jumping	4.5199999999999996	0
burglar alarm	4.4800000000000004	0
burn out	2.65	0
bus driver	4.8600000000000003	0
bus fare	4.5	0
bus lane	4.5999999999999996	0
bus service	3.64	0
bus shelter	4.93	0
bus station	4.8600000000000003	0
bus stop	4.92	0
bus ticket	4.97	0
business card	5	0
business plan	3.64	0
butcher knife	4.8099999999999996	0
butcher shop	4.79	0
butternut squash	4.78	0
buy off	3.11	0
buzz saw	4.92	0
by chance	1.34	0
by far	1.9	0
cable car	4.92	0
cable television	4.3099999999999996	0
caesar salad	4.96	0
caesarean section	3.73	0
cake mix	4.8899999999999997	0
cake pan	4.71	0
call center	4.41	0
call for	2.74	0
call girl	4.04	0
call off	2.74	0
call upon	2.44	0
calm down	2.3199999999999998	0
camera lens	4.97	0
camp out	3.93	0
can opener	4.93	0
candid camera	3.7	0
candle flame	4.83	0
candy bar	4.96	0
candy cane	4.97	0
candy store	4.92	0
cannon fire	4.57	0
cannon fodder	3.57	0
capital punishment	2.72	0
car alarm	4.59	0
car battery	4.71	0
car bomb	4.6900000000000004	0
car company	4.62	0
car dealer	4.72	0
car door	4.6900000000000004	0
car horn	4.83	0
car insurance	3.7	0
car mechanic	4.93	0
car park	4.04	0
car pool	3.61	0
car seat	4.93	0
car wash	4.75	0
carbon copy	4.37	0
carbon dioxide	3.97	0
carbon paper	4.79	0
card game	4.33	0
cardiac arrest	4.2	0
cardinal sin	2.41	0
career coach	3.56	0
cargo area	4.21	0
cargo ship	4.8600000000000003	0
carriage house	4.8499999999999996	0
carry away	3.7	0
carry on	3.22	0
carry out	3.67	0
cartoon strip	4.67	0
carve up	3.22	0
case load	2.64	0
case study	3.39	0
cash cow	2.41	0
cash flow	2.59	0
cash in	2.61	0
cash machine	4.78	0
cash register	4.97	0
cassette player	5	0
cast around	2.42	0
cast aside	2.52	0
cast away	2.86	0
cast down	2.96	0
cast out	3.25	0
cat burglar	4	0
catch fire	4.33	0
catch on	2.78	0
catch phrase	2.3199999999999998	0
catch up	2.86	0
cattle ranch	4.67	0
cave in	3.9	0
cd player	4.8600000000000003	0
cease fire	2.2599999999999998	0
celery salt	4.79	0
cell membrane	4.53	0
cell phone	4.76	0
cement mixer	5	0
center field	4.2300000000000004	0
center fielder	4.4800000000000004	0
center stage	4	0
central heating	4.3	0
cereal bowl	4.71	0
cereal box	4.96	0
cesarean section	4.32	0
cha cha	4.26	0
chain gang	4.55	0
chain letter	4.62	0
chain reaction	3.43	0
chain saw	5	0
chair lift	4.68	0
chamber music	3.96	0
chamber orchestra	4.6399999999999997	0
chamber pot	4.7699999999999996	0
chance on	1.38	0
change hands	3.24	0
chat room	3.56	0
chat up	2.62	0
check in	2.76	0
check mark	4.8099999999999996	0
check out	2.85	0
checkered flag	4.8600000000000003	0
cheer up	2.2999999999999998	0
chess game	4.57	0
chess match	4.0999999999999996	0
chess piece	4.93	0
chess player	4.38	0
chess set	4.8600000000000003	0
chewing gum	4.8	0
chicken breast	5	0
chicken leg	4.82	0
chicken out	2.1800000000000002	0
chicken pox	4.79	0
chicken run	4.07	0
chicken wire	4.8099999999999996	0
child abuse	3.34	0
child care	3.16	0
child prodigy	3.29	0
child support	3.96	0
chili pepper	4.83	0
chill out	2.04	0
chime in	2.59	0
chimney sweep	4.38	0
chip at	3.52	0
chip in	2.89	0
chip off	3	0
chocolate bar	5	0
chocolate cake	5	0
chocolate milk	4.97	0
chocolate mousse	4.8099999999999996	0
chop off	4	0
chop shop	4.5599999999999996	0
chopping block	4.04	0
christmas card	4.8600000000000003	0
christmas day	3.5	0
christmas gift	4.3600000000000003	0
christmas tree	4.9000000000000004	0
church bell	4.88	0
church service	3.96	0
churn out	3	0
cigar box	4.8099999999999996	0
cigarette butt	5	0
cigarette case	4.8899999999999997	0
cigarette holder	4.63	0
cigarette lighter	4.8899999999999997	0
citrus fruit	4.6500000000000004	0
city council	4.24	0
city hall	4.76	0
civil action	2.58	0
civil engineer	4.34	0
civil engineering	2.89	0
civil servant	4.1399999999999997	0
civil service	3.15	0
civil suit	2.54	0
civil war	3.8	0
clamp down	3.83	0
class struggle	2.57	0
clean up	3.1	0
cleaning lady	4.57	0
clear out	3.12	0
cleft lip	4.62	0
cleft palate	4.5199999999999996	0
climate change	2.96	0
climb down	3.81	0
climb up	3.73	0
cling to	3.69	0
clip art	3.96	0
clock radio	4.9000000000000004	0
clock tower	4.7300000000000004	0
clog up	3.44	0
close call	2.63	0
close off	3.81	0
clothing store	4.96	0
coal mine	4.83	0
coal miner	4.7300000000000004	0
coat hanger	4.93	0
coat rack	4.76	0
cocker spaniel	4.8600000000000003	0
cocktail party	4.46	0
cocktail shaker	4.9000000000000004	0
coffee bean	4.97	0
coffee break	3.86	0
coffee can	4.84	0
coffee cup	5	0
coffee filter	4.93	0
coffee machine	5	0
coffee mug	4.8899999999999997	0
coffee pot	4.93	0
coffee shop	4.83	0
coffee table	4.8899999999999997	0
cold blooded	2.33	0
cold feet	3.52	0
cold snap	3.22	0
cold sore	4.8600000000000003	0
cold spell	3.04	0
cold sweat	4.13	0
cold turkey	2.7	0
collection box	4.7	0
college student	4.67	0
color wheel	4.66	0
combat zone	4.04	0
combination lock	4.93	0
come across	2.48	0
come along	2.7	0
come close	2.97	0
come down	2.37	0
come forth	2.31	0
come forward	3.33	0
come over	3	0
come together	2.93	0
comfort food	4.07	0
comfort zone	2.0699999999999998	0
comic book	4.96	0
comic strip	4.8	0
common cold	3.89	0
common denominator	3.04	0
common good	1.92	0
common ground	2.27	0
common law	2.16	0
common people	3.3	0
common sense	1.83	0
community center	4.55	0
community service	2.63	0
compost heap	4.78	0
computer game	4.59	0
computer mouse	5	0
computer program	4.1500000000000004	0
computer programmer	3.9	0
computer screen	4.83	0
computer store	4.83	0
computer system	4.63	0
computer virus	3.81	0
concert hall	4.75	0
conference call	3.57	0
contact lens	4.93	0
control freak	2.66	0
control panel	4.41	0
control tower	4.55	0
convenience store	4.8899999999999997	0
conveyor belt	4.9000000000000004	0
cook up	3.37	0
cookie cutter	4.57	0
cookie jar	4.8600000000000003	0
cookie sheet	4.97	0
cooking oil	4.9000000000000004	0
cool down	2.63	0
cool off	2.8	0
cope with	2.54	0
coral reef	4.68	0
coral snake	5	0
cordon bleu	4.3600000000000003	0
corn field	4.87	0
corned beef	4.74	0
corner shop	4.4800000000000004	0
corporal punishment	3.46	0
cost effective	2.2799999999999998	0
cost efficient	2.19	0
cotton candy	4.88	0
cotton cloth	4.66	0
cotton wool	4.92	0
couch potato	3.31	0
cough up	4.13	0
council member	4.71	0
count down	3.37	0
count on	2.21	0
country music	3.86	0
court order	3.56	0
cover girl	4.28	0
cover letter	4.79	0
cover story	3.28	0
cover up	3.32	0
cowboy hat	4.93	0
cozy up	2.96	0
crank out	2.48	0
crank up	3.43	0
crash course	2.96	0
crash helmet	4.5	0
cream cheese	5	0
credit bureau	3.69	0
credit card	4.8600000000000003	0
credit line	3.1	0
creme brulee	4.8899999999999997	0
creme caramel	4.79	0
crepe paper	4.6399999999999997	0
crew cut	4.3899999999999997	0
crib death	3.82	0
crime rate	2.59	0
crime wave	2.39	0
criminal record	3.97	0
crocodile tears	3.12	0
cross country	3.63	0
crossing over	2.93	0
crown jewel	4.5	0
cruise control	3.77	0
cruise missile	4.8	0
cruise ship	4.8600000000000003	0
crystal ball	4.7300000000000004	0
crystal clear	3.21	0
cuckoo clock	4.8600000000000003	0
culture shock	2.12	0
curl up	3.81	0
curling iron	4.8499999999999996	0
current account	2.96	0
curry powder	4.63	0
curve ball	3.71	0
cut back	2.48	0
cut down	3.44	0
cut glass	4.87	0
cut in	3	0
cut into	4.29	0
cut off	3.39	0
cut short	3.12	0
cut through	3.66	0
cut up	3.4	0
cutting board	4.71	0
cutting edge	2.44	0
dairy farm	4.8600000000000003	0
daisy chain	4.1399999999999997	0
dance floor	4.8499999999999996	0
dance hall	4.72	0
dance music	3.88	0
dark ages	2.33	0
dark glasses	4.72	0
dark horse	3.14	0
dark matter	3.19	0
dart board	4.71	0
dash off	3.26	0
data file	4.8499999999999996	0
data mining	3.32	0
day care	4.55	0
day off	3.19	0
day shift	2.61	0
dead air	1.9	0
dead end	4.2	0
dead on	2.2799999999999998	0
dead weight	2.97	0
dead wood	4.1900000000000004	0
death camp	4.1100000000000003	0
death penalty	3.4	0
death rate	2.67	0
death row	4.22	0
death sentence	3.21	0
death squad	3.59	0
death toll	2.71	0
death trap	3.46	0
death warrant	3.14	0
debit card	4.96	0
decimal point	4.24	0
deck chair	4.8600000000000003	0
deep down	2.5	0
deep freeze	3.93	0
deep space	3.36	0
deep water	4.4800000000000004	0
defense attorney	4.5	0
defense team	3.6	0
delivery boy	4.8600000000000003	0
dental care	3.77	0
dental floss	4.82	0
department store	4.71	0
deposit box	4.66	0
desk clerk	4.63	0
desk officer	4.3600000000000003	0
desktop publishing	3.31	0
dial tone	4.41	0
die hard	2.37	0
die out	2.2200000000000002	0
dig up	4.1100000000000003	0
digital watch	4.96	0
dill pickle	5	0
dining hall	4.46	0
dining room	4.78	0
dinner party	3.89	0
dinner plate	4.9000000000000004	0
dinner table	4.74	0
dirt bike	5	0
dirty trick	2.7	0
disaster area	4.41	0
disc jockey	4.5	0
discount rate	3.33	0
discount store	4.74	0
dish towel	4.93	0
dishwashing liquid	4.75	0
disk drive	4.76	0
dispense with	2.64	0
distress signal	4.25	0
district attorney	4.04	0
diving board	4.8	0
do good	2.14	0
do well	2.34	0
dog collar	4.93	0
dog days	1.68	0
dog food	4.88	0
dog show	4.42	0
dollar sign	4.59	0
domestic violence	3.86	0
dorm room	4.6900000000000004	0
dotted line	4.55	0
double bass	4.04	0
double bed	4.67	0
double chin	4.79	0
double date	3.6	0
double door	4.87	0
double dutch	3.77	0
double entendre	2.0699999999999998	0
double glazing	4.07	0
double play	3.15	0
double standard	1.72	0
double take	3.58	0
down payment	3.66	0
doze off	3.79	0
drag down	2.86	0
drag queen	4.68	0
drainage ditch	4.8	0
draw up	3.09	0
drawing board	4.24	0
dream up	1.75	0
dress code	3.35	0
dress rehearsal	3.7	0
dress shop	4.83	0
dress up	3.55	0
dressing room	4.76	0
dried fruit	4.88	0
dried up	3.24	0
drift apart	2.59	0
drift away	3.25	0
drift off	2.68	0
drinking age	3.38	0
drinking glass	4.96	0
drinking water	4.67	0
driving force	1.96	0
driving school	4.1100000000000003	0
drop by	2.76	0
drop dead	3.04	0
drop in	2.54	0
drop out	3.27	0
drop-down menu	4.4400000000000004	0
drug abuse	2.83	0
drug dealer	4.4800000000000004	0
drug traffic	3.5	0
drum kit	4.9000000000000004	0
drum roll	4.46	0
dry cleaner	4.54	0
dry cleaners	4.75	0
dry cleaning	4.1399999999999997	0
dry mouth	4.32	0
dry run	2.68	0
duct tape	4.96	0
duffel bag	4.79	0
dust bowl	4.13	0
dust cloud	4.59	0
dutch oven	4.59	0
duty free	2.42	0
ear canal	4.7699999999999996	0
ear lobe	4.68	0
early on	2.1	0
easter bunny	4.28	0
easter egg	4.8499999999999996	0
easy chair	4.93	0
eat out	3.58	0
economic crisis	2.48	0
economic growth	2.62	0
edge in	2.21	0
egg roll	4.97	0
egg white	4.83	0
el nino	4	0
elastic band	4.8899999999999997	0
electric chair	4.8899999999999997	0
electric charge	3.45	0
electric current	3.89	0
electric power	3.93	0
electric razor	4.92	0
electric shock	4.2699999999999996	0
electrical engineer	4.29	0
electrical power	3.74	0
electrical shock	4.2	0
electronic device	4.7	0
elevator shaft	4.76	0
emergency exit	4.8600000000000003	0
emergency room	4.84	0
en route	2.5	0
end game	2.31	0
end product	3.18	0
engagement ring	4.93	0
engine failure	3.69	0
equal opportunity	1.97	0
estate agent	4.04	0
estate car	4.54	0
even out	3.24	0
evening dress	5	0
evening gown	4.8099999999999996	0
evil eye	2.89	0
exchange rate	3.38	0
exclamation mark	4.26	0
executive director	3.82	0
exhaust pipe	4.5199999999999996	0
exhibition hall	4.54	0
exit poll	2.93	0
eye contact	3.55	0
eye drops	5	0
eye opener	1.77	0
eye patch	4.72	0
eye socket	4.7	0
eye strain	3.28	0
eyebrow pencil	4.8899999999999997	0
face lift	4.07	0
face mask	4.59	0
face off	3	0
face powder	4.5199999999999996	0
face up	3.59	0
face value	2.44	0
factor in	2.0699999999999998	0
factory worker	4.33	0
fade away	2.59	0
fade out	3.07	0
fair chance	2.04	0
fair deal	2.17	0
fair game	2.41	0
fair use	1.96	0
fair weather	3.1	0
fairy tale	2.96	0
fall apart	2.7	0
fall asleep	4.1500000000000004	0
fall back	3.07	0
fall flat	3.58	0
fall out	2.71	0
falling star	4.47	0
false teeth	4.87	0
family business	3.39	0
family circle	2.96	0
family name	3.04	0
family planning	2.4	0
family room	4.8600000000000003	0
family tree	3.73	0
fan mail	4.08	0
fancy dress	4.1900000000000004	0
far cry	1.76	0
farm out	2.5	0
farm worker	4.7699999999999996	0
fashion designer	4.18	0
fashion industry	3.28	0
fashion model	4.67	0
fast food	4.3899999999999997	0
fast lane	3.7	0
fast paced	3.36	0
fast track	1.74	0
fat cat	3.85	0
father christmas	3.63	0
fatty acid	3.79	0
fault line	3.96	0
feather duster	4.88	0
federal agency	4.07	0
federal reserve	3.57	0
felt-tip pen	4.8499999999999996	0
fence line	4.3600000000000003	0
ferris wheel	4.83	0
field day	3.33	0
field glasses	4.7300000000000004	0
field hospital	4.32	0
field marshal	4.5199999999999996	0
field trial	2.83	0
field work	3.23	0
fig leaf	4.3600000000000003	0
fight back	3.33	0
fight off	3.16	0
figure out	1.93	0
figure skating	4.1900000000000004	0
file cabinet	4.8499999999999996	0
file folder	4.6900000000000004	0
file name	3.93	0
filing cabinet	4.8600000000000003	0
fill in	3.14	0
fill out	3.41	0
film clip	4.4800000000000004	0
film director	4.5	0
film maker	4.07	0
film star	4.41	0
financial support	2.93	0
fine arts	3.45	0
fine print	4	0
finger painting	4.72	0
finger pointing	3.63	0
finish off	2.59	0
finishing touch	2.71	0
fire alarm	4.6399999999999997	0
fire brigade	4.28	0
fire department	4.67	0
fire door	4.5199999999999996	0
fire drill	4	0
fire engine	4.87	0
fire escape	4.6399999999999997	0
fire exit	4.7	0
fire hose	4.87	0
fire hydrant	4.8499999999999996	0
fire pit	4.96	0
fire station	4.8499999999999996	0
fire truck	4.9000000000000004	0
fire up	3.25	0
firing line	3.85	0
firing pin	4.54	0
firing range	4.6500000000000004	0
firing squad	4.83	0
firm up	2.85	0
first aid	3.71	0
first class	3.07	0
first floor	4.71	0
first lady	4.63	0
first name	3.14	0
first-aid kit	4.96	0
fish bowl	4.9000000000000004	0
fish farm	4.82	0
fish meal	4.5199999999999996	0
fish oil	4.71	0
fish tank	4.93	0
fishing boat	5	0
fishing gear	4.83	0
fishing license	4.6399999999999997	0
fishing line	4.8600000000000003	0
fishing net	4.5199999999999996	0
fishing pole	4.96	0
fishing rod	4.83	0
fishnet stockings	4.93	0
fit in	2.17	0
fitting room	4.83	0
flash back	2.29	0
flash flood	4.08	0
flash point	2.96	0
flat feet	4.5599999999999996	0
flatten out	4.3899999999999997	0
flea market	4.62	0
flesh out	2.25	0
flight attendant	4.8899999999999997	0
flight control	2.85	0
flight simulator	4.5999999999999996	0
flip flops	4.9400000000000004	0
flip side	3.25	0
floor plan	4.5	0
flow chart	4.25	0
flower arrangement	4.59	0
flower bed	4.8899999999999997	0
flower garden	4.97	0
flute player	4.8	0
fly rod	4.68	0
flying carpet	4.1500000000000004	0
flying fish	4.7300000000000004	0
flying saucer	4.79	0
foam rubber	4.62	0
focus group	3.28	0
folding chair	4.66	0
folic acid	4.12	0
folk music	3.68	0
folk song	3.97	0
follow suit	2.15	0
food additive	3.84	0
food allergy	3.46	0
food poisoning	3.44	0
food processor	4.8899999999999997	0
fool around	2.54	0
foot pedal	4.87	0
football coach	4.7	0
football field	4.8600000000000003	0
football game	4.59	0
football helmet	5	0
football league	4.28	0
football player	4.7	0
football stadium	4.93	0
football team	4.72	0
for instance	1.93	0
for sale	3.44	0
for short	2.2000000000000002	0
force field	3.61	0
foreign office	4.32	0
fortune teller	4.1500000000000004	0
foster care	3.56	0
foster child	4.0999999999999996	0
foster family	4.03	0
foster home	4.4800000000000004	0
foster mother	4.26	0
foster parent	4.04	0
foul play	2.52	0
fountain pen	4.93	0
freak out	3.22	0
free kick	3.38	0
free lunch	3.33	0
free range	2.5499999999999998	0
free rein	1.37	0
free time	2.19	0
free trade	2.71	0
free will	1.56	0
freezer compartment	4.68	0
freight car	4.8899999999999997	0
freight train	4.8099999999999996	0
french bread	4.8899999999999997	0
french fries	4.87	0
french horn	5	0
french kiss	4.13	0
french toast	4.8600000000000003	0
french windows	4.63	0
fresh food	4.5199999999999996	0
fringe benefit	2.33	0
from scratch	2.41	0
front end	4.26	0
front entrance	4.1100000000000003	0
front line	3.7	0
front porch	4.96	0
front runner	3.93	0
front yard	4.62	0
frozen food	4.62	0
fruit cocktail	4.93	0
fruit fly	4.7699999999999996	0
fruit juice	5	0
fruit punch	4.82	0
fruit salad	4.97	0
frying pan	4.7699999999999996	0
fuck off	2.35	0
fucked up	2.1800000000000002	0
fuel cell	4.32	0
full house	3.75	0
full moon	5	0
full stop	3.44	0
full term	2.66	0
full time	2.93	0
funeral home	4.79	0
fur coat	4.83	0
gag order	3.11	0
gap year	2.82	0
garage sale	4.5599999999999996	0
garbage can	4.96	0
garbage dump	4.6900000000000004	0
garbage man	4.6100000000000003	0
garbage truck	4.92	0
garden hose	4.79	0
garden party	3.9	0
garlic butter	4.93	0
garter belt	4.83	0
garter snake	4.92	0
gas mask	4.97	0
gas pedal	4.6500000000000004	0
gas station	4.79	0
gas tank	4.9000000000000004	0
gasoline station	4.96	0
gear up	2.93	0
geiger counter	4.62	0
general assembly	3.46	0
general manager	4.43	0
general store	4.6399999999999997	0
get along	2.67	0
get away	2.57	0
get behind	3.15	0
get down	2.87	0
get through	2.54	0
get together	3.14	0
ghost town	4.21	0
ghost writer	4.2	0
gift shop	4.9000000000000004	0
gift wrap	4.79	0
ginger ale	4.8899999999999997	0
gingerbread man	4.9000000000000004	0
give away	3.67	0
give birth	4	0
give in	1.72	0
give up	2.59	0
glance over	3.27	0
glass ceiling	3.14	0
glass eye	4.79	0
glaze over	3.46	0
global warming	3.1	0
gloss over	2.4300000000000002	0
glove compartment	4.7699999999999996	0
gnaw at	3.9	0
go after	2.5	0
go down	3.5	0
go for	1.81	0
go off	2.04	0
go over	2.08	0
goat cheese	4.87	0
gold mine	4.3099999999999996	0
gold rush	3.5	0
gold standard	2.19	0
golden anniversary	2.7	0
golden retriever	5	0
golf cart	4.8099999999999996	0
golf club	4.97	0
golf course	4.8099999999999996	0
good example	2.7	0
good fortune	1.96	0
good guy	3.04	0
good health	2.8	0
good humor	2.38	0
good looking	2.89	0
good looks	3.29	0
good manners	2.48	0
good natured	1.55	0
good will	2.15	0
goose bumps	4.66	0
governing board	3.82	0
graduate school	3.77	0
grammar school	4.4400000000000004	0
grand jury	4.26	0
grand slam	3.85	0
grape juice	4.93	0
gravel pit	4.75	0
green beans	4.9000000000000004	0
green belt	4.58	0
green card	4.45	0
green light	4.46	0
greenhouse effect	2.46	0
greenhouse gas	3	0
grizzly bear	4.8499999999999996	0
grocery bag	4.97	0
grocery list	4.7300000000000004	0
grocery store	5	0
ground floor	4.6399999999999997	0
ground forces	3.46	0
ground level	4.07	0
ground plan	3.42	0
grow up	2.14	0
growth factor	2.93	0
guardian angel	2.77	0
guide dog	4.68	0
guinea pig	4.93	0
gun barrel	4.82	0
gun carriage	4.4800000000000004	0
gun control	2.36	0
gun down	3.29	0
hair dryer	4.93	0
hair dye	4.7300000000000004	0
hair gel	4.87	0
hair spray	4.66	0
half brother	3.57	0
half dollar	4.8600000000000003	0
half moon	4.6100000000000003	0
hammer in	3.63	0
hammer out	3.56	0
hand down	2.81	0
hand grenade	4.9000000000000004	0
hand luggage	4.8499999999999996	0
hand mirror	4.8099999999999996	0
hand out	3.46	0
hand over	3.04	0
hand pump	4.2699999999999996	0
hand towel	4.7699999999999996	0
hands off	2.54	0
hands on	3.67	0
hang around	2.46	0
hang back	2.7	0
hang glider	4.82	0
hang on	2.85	0
hang out	2.59	0
hang up	3.15	0
happy hour	3.67	0
hard copy	4.34	0
hard core	2.0699999999999998	0
hard disk	4.96	0
hard drugs	4.4800000000000004	0
hard line	2.37	0
hard time	2.5499999999999998	0
hard up	1.62	0
hard-boiled egg	4.96	0
hardware store	4.6100000000000003	0
harvest time	3	0
hat trick	3.86	0
hatchet man	3.78	0
hate mail	4.2699999999999996	0
hay fever	3.71	0
hazard lights	4.93	0
head off	2.78	0
head start	2.69	0
head teacher	4.3	0
heads up	2.67	0
health care	3.29	0
health club	4.5999999999999996	0
health hazard	3.41	0
health insurance	3.62	0
health spa	4.83	0
hearing aid	4.93	0
hearing loss	3.25	0
heart attack	3.88	0
heart disease	3.56	0
heart rate	4.12	0
heat pump	4.62	0
heat wave	3.63	0
heating system	4.3499999999999996	0
heavy metal	3.7	0
hedge fund	3.32	0
hen house	4.3	0
high commissioner	3.96	0
high court	3.32	0
high five	4.53	0
high gear	3.5	0
high jump	4.55	0
high level	2.86	0
high life	2.5	0
high noon	3.52	0
high point	2.84	0
high school	4.5199999999999996	0
high season	2.48	0
high speed	3.52	0
high spirits	2.66	0
high street	3.73	0
high tech	2.78	0
high temperature	3.33	0
high tide	4.46	0
high time	1.54	0
high water	3.96	0
high wind	3.93	0
high wire	4.58	0
higher education	2.58	0
highway patrol	4.63	0
hip hop	3.33	0
hit list	3.23	0
hit man	3.85	0
hit parade	3.09	0
hockey player	4.43	0
hockey stick	4.8499999999999996	0
hold fast	2.85	0
hold tight	3.41	0
hold up	3.25	0
holy trinity	2.33	0
holy water	4.2300000000000004	0
holy week	2.9	0
home appliance	4.88	0
home builder	4.04	0
home buyer	4.3	0
home office	4.5199999999999996	0
home plate	4.92	0
home rule	2.81	0
home run	4.33	0
honky tonk	3.67	0
hook on	3.38	0
horse race	4.62	0
horse racing	4	0
hospital room	4.96	0
hospital ward	4.45	0
hot chocolate	4.96	0
hot dog	4.87	0
hot line	3.56	0
hot pants	4.32	0
hot potato	4.32	0
hot rod	4.3899999999999997	0
hot sauce	4.8899999999999997	0
hot spot	3.9	0
hot tub	4.75	0
hot-air balloon	4.96	0
hotel clerk	4.8899999999999997	0
hotel room	4.4800000000000004	0
hot-water bottle	4.88	0
hound dog	4.76	0
house arrest	3.63	0
house party	4.5199999999999996	0
hula hoop	5	0
human nature	1.67	0
hunger strike	2.86	0
hunting lodge	4.8099999999999996	0
hush up	2.78	0
ice bucket	4.6500000000000004	0
ice cap	4.75	0
ice cold	4.07	0
ice cream	5	0
ice cube	5	0
ice hockey	4.6399999999999997	0
ice pack	4.96	0
ice pick	4.97	0
ice rink	4.8600000000000003	0
ice skater	4.6399999999999997	0
ice skating	4.71	0
ice storm	4.76	0
ice tea	4.5599999999999996	0
ice water	4.84	0
iceberg lettuce	4.93	0
ice-cream cone	4.93	0
iced tea	4.82	0
id card	4.8899999999999997	0
identity card	4.58	0
identity crisis	1.9	0
identity theft	3.18	0
ignition key	4.93	0
ill advised	1.82	0
ill feeling	2.64	0
ill will	1.56	0
immune system	3.36	0
in charge	2.93	0
in demand	1.55	0
in labor	4.08	0
in principle	1.21	0
in progress	2.33	0
in sight	3.36	0
in store	3.5	0
in time	2.0699999999999998	0
in unison	2.97	0
in vain	1.69	0
income tax	3.4	0
index finger	4.8899999999999997	0
inflation rate	2.15	0
informed consent	2.48	0
inner circle	3	0
insect repellent	4.62	0
inside out	4.2699999999999996	0
instrument panel	4.55	0
insurance claim	3.72	0
insurance policy	4.24	0
intensive care	3.67	0
interest rate	2.6	0
interior design	3.23	0
interior designer	3.6	0
internet site	4.26	0
investment firm	3.92	0
irish coffee	4.68	0
irish whiskey	4.68	0
iron age	2.5	0
iron out	2.71	0
ironing board	5	0
ivory tower	3.86	0
jack up	3.22	0
jam session	3.61	0
jazz band	4.8	0
jazz up	1.93	0
jelly bean	5	0
jelly roll	4.78	0
jerk off	3.69	0
jet engine	4.76	0
jet lag	2.57	0
jet plane	4.96	0
jet set	2.36	0
jet stream	3.93	0
jewelry store	4.8099999999999996	0
jigsaw puzzle	4.93	0
job description	3	0
job interview	3.86	0
jogging suit	4.93	0
joint venture	3	0
jot down	3.71	0
judgment day	2.25	0
judicial system	3.46	0
jumbo jet	4.8099999999999996	0
jump rope	5	0
jump shot	4.25	0
jump start	3.34	0
jump suit	4.8899999999999997	0
juniper berries	4.91	0
junk food	4.5	0
junk mail	4.59	0
justice department	3.67	0
juvenile court	4.59	0
keep off	3.18	0
keep up	2.67	0
key word	3.07	0
keynote address	3.68	0
kick around	3.6	0
kick back	2.52	0
kick off	3.83	0
kidney stone	4.63	0
kitchen cabinet	4.93	0
kitchen sink	4.9000000000000004	0
kitchen stove	4.8600000000000003	0
kitchen table	5	0
knee deep	3.75	0
knife blade	4.8600000000000003	0
knitting needle	5	0
knock off	3.19	0
knock out	3.86	0
knock over	3.87	0
knocked out	3.5	0
kung fu	4	0
lab coat	5	0
labor market	2.85	0
laid back	2.29	0
laid off	3.33	0
lamb chop	4.93	0
lame duck	3.04	0
land mine	4.62	0
landing strip	4.72	0
lap dancing	4.04	0
laser beam	4.46	0
laser pointer	4.6399999999999997	0
laser printer	4.8600000000000003	0
lash out	2.4300000000000002	0
last judgment	2.0699999999999998	0
last minute	2.48	0
last name	3.56	0
last out	2.81	0
last resort	2.33	0
last rites	2.87	0
latch on	3.52	0
laugh at	3.14	0
laundry basket	5	0
law abiding	2.37	0
law court	4.25	0
law enforcement	4	0
lawn mower	4.93	0
lay down	3.75	0
lay off	2.5299999999999998	0
league table	4.6399999999999997	0
leak out	3.64	0
leap out	3.52	0
leap year	3.14	0
leave behind	3.15	0
left wing	2.38	0
legal age	3.76	0
leisure time	2.37	0
lemon juice	4.8899999999999997	0
let down	2.39	0
letter opener	4.79	0
level off	2.89	0
library card	4.8600000000000003	0
license fee	3.48	0
license number	4.33	0
license plate	4.8899999999999997	0
licensing fee	3.89	0
lie detector	4.5999999999999996	0
lie down	4.21	0
lie in	3.31	0
life assurance	1.57	0
life expectancy	2.44	0
life insurance	3.24	0
life jacket	4.96	0
life sentence	2.72	0
life style	2.2799999999999998	0
life support	3.25	0
life threatening	2.19	0
life vest	4.79	0
light beam	4.29	0
light bulb	4.97	0
light source	4.3600000000000003	0
light speed	2.11	0
light switch	4.71	0
light touch	3.62	0
light up	3.67	0
light year	2.41	0
lighten up	2.2999999999999998	0
lighthouse keeper	4.6399999999999997	0
lightning rod	4.63	0
line coach	4.37	0
line dancing	4.28	0
line drawing	4.34	0
line up	3.1	0
linger over	2.04	0
lip balm	4.9400000000000004	0
lip gloss	4.93	0
lip service	2.5	0
liquid assets	2.42	0
liquor store	4.83	0
literary agent	3.75	0
litmus test	3.87	0
little finger	4.7	0
living room	4.7	0
loan shark	4.41	0
local government	3.69	0
lock up	3.64	0
locker room	4.72	0
log book	4.17	0
log cabin	4.8600000000000003	0
log in	3.86	0
log off	4.0999999999999996	0
log on	3.3	0
lone wolf	3.11	0
long distance	2.74	0
long division	3.41	0
long haul	2.64	0
long jump	3.77	0
long life	2.56	0
long run	2.91	0
long shot	1.85	0
long term	2.13	0
look after	2.73	0
look alike	3.83	0
look around	3.62	0
look back	3.58	0
look forward	2.33	0
look out	3.46	0
look up	3.56	0
looking towards	2.59	0
loose cannon	3.2	0
lose control	2.34	0
lose weight	3.45	0
lost cause	1.97	0
lotus position	4.42	0
lounge chair	4.8600000000000003	0
love affair	2.76	0
love seat	4.79	0
love song	3.77	0
love story	2.88	0
low key	1.85	0
low tide	3.96	0
lower case	3.96	0
lower class	2.17	0
luggage rack	4.79	0
lump sum	3.59	0
lunar eclipse	4.5199999999999996	0
machine gun	5	0
magic spell	2.54	0
magnetic field	3.42	0
magnifying glass	4.96	0
maiden name	2.9	0
mail service	3.53	0
mail slot	4.8899999999999997	0
mailing list	4.33	0
main course	4.1100000000000003	0
main road	4.1500000000000004	0
make fun	2.75	0
make good	1.96	0
make love	3.93	0
make sense	2.11	0
make way	2.36	0
managing editor	4.5199999999999996	0
map out	3.52	0
maple syrup	5	0
marathon runner	4.6900000000000004	0
mardi gras	4.29	0
marine corps	4.18	0
mark out	3.41	0
market price	2.92	0
market town	4	0
martial law	3.07	0
mashed potato	5	0
masked ball	4.38	0
mass hysteria	2.93	0
mass media	3.18	0
mass meeting	3.3	0
mass murder	3.72	0
master bedroom	4.63	0
master class	2.48	0
master plan	2.66	0
maternity hospital	4.7300000000000004	0
maternity ward	4.74	0
may day	2.54	0
measuring cup	4.9400000000000004	0
measuring stick	4.79	0
meat grinder	4.79	0
meat loaf	4.92	0
meat thermometer	4.43	0
meddle with	2.1800000000000002	0
medical care	4.2699999999999996	0
medical record	4.5599999999999996	0
melt down	3.04	0
melting point	3.31	0
melting pot	3.15	0
memory loss	2.46	0
memory stick	4.5599999999999996	0
mental health	2.14	0
mental illness	2.97	0
mental state	2.2400000000000002	0
mess around	2.79	0
mess up	2.93	0
metal detector	4.84	0
microwave oven	4.93	0
middle age	3	0
middle ages	3.04	0
middle class	2.71	0
middle finger	4.8899999999999997	0
military action	3.14	0
military force	3.79	0
military service	3.43	0
milk can	4.93	0
milk chocolate	4.5	0
milk powder	4.8499999999999996	0
milk shake	4.9000000000000004	0
milky way	4.5199999999999996	0
mince pie	4.82	0
mind boggling	1.93	0
mind game	2.2200000000000002	0
mind reader	3.37	0
mind set	2.04	0
mine field	4.7	0
mineral water	4.8600000000000003	0
miniature golf	4.59	0
minimum wage	3.27	0
minus sign	4.1500000000000004	0
missionary work	3.11	0
mix up	2.73	0
mobile home	5	0
mobile phone	4.97	0
modern times	2.41	0
mole rat	4.8099999999999996	0
money laundering	3.19	0
monkey wrench	4.6900000000000004	0
moral sense	1.69	0
morning star	4.3899999999999997	0
morse code	4.08	0
mosquito bite	4.7300000000000004	0
mosquito net	4.93	0
motel room	4.8499999999999996	0
mother hen	4.6399999999999997	0
mother tongue	3.19	0
motion picture	4.8099999999999996	0
motion sickness	3.66	0
motor home	5	0
motor scooter	4.8499999999999996	0
motor vehicle	4.62	0
mountain bike	4.6399999999999997	0
mountain climber	4.82	0
mouse click	4.2300000000000004	0
mouth off	2.69	0
move around	3.54	0
move on	2.75	0
move out	3.52	0
move over	2.42	0
move up	3.29	0
movie star	4.57	0
movie theater	4.8600000000000003	0
mug shot	4.37	0
mull over	2.52	0
mulled wine	4.58	0
multiple choice	3.62	0
multiple sclerosis	3.63	0
mumbo jumbo	1.96	0
murder suspect	3.85	0
music box	4.8899999999999997	0
music lover	2.84	0
music school	4.25	0
musical instrument	4.83	0
mustard seed	4.83	0
mystery novel	4.46	0
nail clippers	4.8600000000000003	0
nail down	3.79	0
nail file	4.79	0
nail polish	5	0
nail scissors	5	0
name calling	2.64	0
name tag	4.97	0
napkin ring	4.93	0
national anthem	4.21	0
national service	2.3199999999999998	0
native language	2.63	0
native speaker	3.83	0
natural gas	4.1399999999999997	0
natural resource	3.56	0
natural resources	3.69	0
nerve cell	4.07	0
nerve gas	4	0
nervous breakdown	2.64	0
nervous system	4.1900000000000004	0
new moon	4.28	0
new wave	2.48	0
new year	3.62	0
news agency	4.46	0
news bulletin	3.9	0
news conference	3.96	0
news program	3.79	0
news reader	3.54	0
newspaper clipping	5	0
next door	4.1500000000000004	0
nicotine patch	4.6900000000000004	0
night shift	4.04	0
night watch	3.59	0
nitty gritty	2.0699999999999998	0
nobel prize	4.08	0
nod off	3.75	0
nose dive	3.93	0
nose job	4.37	0
nuclear energy	3.44	0
nuclear power	3.55	0
nuclear reactor	4.63	0
nuclear weapon	4.43	0
number crunching	3.07	0
nursery rhyme	3.85	0
nursery school	4.5199999999999996	0
nursing home	4.8600000000000003	0
nursing school	4.2699999999999996	0
oak tree	4.5199999999999996	0
observation post	4.43	0
ocean liner	4.72	0
of late	1.78	0
off duty	2.58	0
off guard	2.61	0
off limits	2.48	0
office furniture	4.78	0
office staff	4.54	0
oil business	3.59	0
oil lamp	4.8	0
oil pan	4.7	0
oil refinery	4.79	0
oil rig	4.93	0
oil tanker	4.78	0
oil well	4.8499999999999996	0
old age	3.04	0
old fashioned	2.0699999999999998	0
old lady	4.78	0
old timer	3.54	0
olive branch	4.57	0
olive oil	4.93	0
on average	1.62	0
on guard	2.66	0
on leave	2.67	0
on time	2.79	0
once more	3.08	0
one-night stand	2.93	0
open day	2.33	0
open door	4.12	0
open fire	4.21	0
opening line	3.39	0
opera house	4.5599999999999996	0
operating room	4.6900000000000004	0
operating system	4	0
operating table	4.7	0
opinion poll	3.9	0
opt for	1.96	0
opt out	2.2999999999999998	0
orange juice	4.8	0
orange rind	4.67	0
orchestra pit	4.7	0
organ donor	4.1500000000000004	0
outboard motor	4.66	0
outer space	3.8	0
outlet store	4.93	0
overhead projector	4.96	0
overnight bag	4.6900000000000004	0
oxygen mask	4.93	0
page number	4.72	0
palm tree	5	0
pan out	2.17	0
panama hat	4.5	0
panic attack	3.69	0
paper bag	4.8899999999999997	0
paper clip	4.79	0
paper cup	4.96	0
paper mill	4.8600000000000003	0
paper plate	5	0
paper thin	3.69	0
paper towel	5	0
paper trail	3.47	0
parking lot	4.7300000000000004	0
parking meter	4.8899999999999997	0
parking space	4.78	0
parking ticket	4.97	0
part time	2.96	0
party animal	3.79	0
party pooper	2.93	0
pass around	4.04	0
pass away	2.61	0
pass over	2.93	0
pass up	2.58	0
passenger ship	4.57	0
passion fruit	4.87	0
patch up	3.61	0
patchwork quilt	4.76	0
patrol car	4.8099999999999996	0
pay attention	2.44	0
pay back	2.46	0
pay cut	2.87	0
pay off	2.87	0
pay phone	4.9000000000000004	0
pay rise	2.73	0
peace pipe	4.46	0
peanut butter	4.93	0
peat moss	4.74	0
pecking order	2.2400000000000002	0
peel off	4.5599999999999996	0
peeping tom	3.88	0
peer group	3.81	0
peg leg	4.7300000000000004	0
pen friend	3.42	0
pen pal	4.41	0
pen pusher	3.38	0
penalty kick	4.12	0
pencil case	4.83	0
pencil eraser	4.9000000000000004	0
pencil sharpener	4.93	0
pencil skirt	4.84	0
pension fund	3.58	0
pep talk	2.83	0
pepper mill	4.68	0
pepper spray	4.96	0
per capita	2.15	0
performing arts	3.25	0
periodic table	4.5	0
personal care	3.12	0
personal computer	4.8899999999999997	0
pet food	4.8899999999999997	0
pet peeve	2.16	0
pet shop	4.93	0
petri dish	4.5199999999999996	0
petty cash	3.93	0
phase in	1.96	0
phase out	2.11	0
phone bill	4.8499999999999996	0
phone book	4.93	0
phone booth	4.8899999999999997	0
phone call	3.75	0
phone card	4.93	0
phone company	4.7300000000000004	0
phone cord	4.96	0
phone line	4.2699999999999996	0
phone number	4.59	0
photo booth	4.88	0
photo finish	3.52	0
photo op	3.8	0
physical education	3.03	0
physical exertion	4.04	0
physical therapist	4.62	0
piano player	4.72	0
piano stool	4.8499999999999996	0
piano tuner	4.28	0
pick out	3.07	0
picket fence	4.8600000000000003	0
picket line	4.43	0
pickup truck	4.96	0
pick-up truck	5	0
picture book	4.93	0
picture frame	4.6100000000000003	0
pie chart	4.5199999999999996	0
piggy bank	4.96	0
pile up	3.85	0
pin down	3.17	0
pin number	4.17	0
pina colada	4.62	0
pine needle	4.74	0
pine tree	4.96	0
ping-pong ball	4.8499999999999996	0
ping-pong table	4.93	0
pipe fitter	4.2300000000000004	0
piss off	2.68	0
pissed off	2.63	0
pistol grip	4.4400000000000004	0
pit stop	3.78	0
place mat	5	0
plane ticket	4.87	0
plaster cast	4.8499999999999996	0
plastic bag	4.8600000000000003	0
plastic film	4.9000000000000004	0
plastic surgery	4.09	0
play around	2.23	0
play dough	4.68	0
play down	2.2400000000000002	0
play off	2.42	0
playing card	4.57	0
plug in	3.97	0
plum pudding	4.74	0
plus sign	4.6100000000000003	0
pocket calculator	4.97	0
pocket knife	4.97	0
pocket watch	4.97	0
pogo stick	4.96	0
poke at	3.78	0
poker face	3.41	0
poker game	4.6100000000000003	0
polar bear	5	0
pole dancing	4.3899999999999997	0
pole position	3.58	0
police academy	4.33	0
police car	4.96	0
police force	4.43	0
police officer	4.67	0
police state	3.15	0
police station	4.96	0
policy maker	3.5	0
political party	2.85	0
political science	2.4	0
political system	3.32	0
poll tax	3.75	0
polling place	4.5199999999999996	0
polling station	4.45	0
polo shirt	4.8499999999999996	0
pool table	4.88	0
pop music	3.89	0
pop out	4.1399999999999997	0
pork belly	4.46	0
pork roast	4.93	0
portrait painter	4.3	0
post office	4.9000000000000004	0
postage stamp	4.8099999999999996	0
postal code	3.64	0
postal service	4.25	0
pot roast	4.8499999999999996	0
pour down	3.75	0
pour out	3.69	0
poverty line	1.92	0
powdered milk	4.87	0
power broker	3.12	0
power cable	4.76	0
power company	4.07	0
power grid	3.53	0
power line	4.8600000000000003	0
power plant	4.8600000000000003	0
power play	2.7	0
power station	4.4000000000000004	0
practical joke	3.17	0
prayer book	4.83	0
praying mantis	4.93	0
precious metal	3.93	0
precious stone	4.45	0
present tense	1.67	0
press conference	3.93	0
press down	3.78	0
press on	2.52	0
press release	4.3899999999999997	0
press up	2.92	0
pressure cooker	4.7	0
pressure point	4	0
price index	3.11	0
price list	4.72	0
price tag	4.68	0
primary care	2.75	0
primary school	4.43	0
prime minister	4.4800000000000004	0
prime time	2.67	0
print shop	4.88	0
prison cell	4.83	0
prison guard	4.68	0
private eye	4.28	0
private parts	4.2699999999999996	0
prize money	4.71	0
prize winner	4.22	0
probation officer	4.47	0
problem solving	1.72	0
product line	3.97	0
production cost	3.4	0
production line	4.41	0
projection screen	4.97	0
prop up	3.55	0
protest march	3.81	0
pubic hair	4.6900000000000004	0
public domain	2.73	0
public figure	4.1100000000000003	0
public library	4.68	0
public office	3.71	0
public opinion	1.76	0
public relations	2.78	0
public school	4.59	0
public servant	4.3099999999999996	0
public service	2.75	0
pull back	3.04	0
pull down	3.93	0
pull off	2.83	0
pull out	3.75	0
pull over	4.04	0
pull together	3.18	0
punch bowl	4.8899999999999997	0
punch card	4.9000000000000004	0
punch line	2.72	0
punching bag	4.88	0
purchase order	4.3600000000000003	0
put away	3	0
put down	2.86	0
put forward	2.2200000000000002	0
put off	1.9	0
put through	2.0299999999999998	0
quality control	2.8	0
quantum leap	1.52	0
quest for	2.6	0
question mark	4.54	0
quick fix	2.54	0
quick temper	2.74	0
quill pen	4.8099999999999996	0
race car	4.93	0
race horse	4.5199999999999996	0
racing car	4.93	0
rack up	2.79	0
radio news	3.97	0
radio signal	3.11	0
radio station	4.57	0
radio transmitter	4.8600000000000003	0
radio wave	3.72	0
rag doll	4.71	0
railroad track	5	0
railway station	4.76	0
rain drop	4.79	0
rain forest	4.9000000000000004	0
rain gauge	4.62	0
rainbow trout	4.8	0
rainy day	4.29	0
raise up	3.66	0
raisin bread	5	0
ramble on	2.9	0
ramp up	2.76	0
rap music	4.3499999999999996	0
rat race	3.21	0
rattle off	2.73	0
raw data	3.08	0
raw deal	2.37	0
razor blade	4.78	0
razor wire	4.72	0
reach out	3.41	0
ready meal	4.41	0
real estate	4.25	0
rear end	4.21	0
rearview mirror	4.6900000000000004	0
reception desk	4.93	0
reception room	4.46	0
reclining chair	4.7699999999999996	0
record book	4.6399999999999997	0
record company	4.62	0
record player	4.66	0
red alert	2.77	0
red cabbage	4.96	0
red card	4.3099999999999996	0
red carpet	4.97	0
red flag	4.2300000000000004	0
red herring	3.34	0
red light	4.74	0
red tape	3.74	0
reel off	2.6	0
refugee camp	4.6500000000000004	0
rein in	2.82	0
relay race	4.38	0
religious right	1.94	0
reminiscent of	1.82	0
remote control	4.93	0
repair shop	4.38	0
residential home	4.78	0
resort to	1.61	0
rest day	3.04	0
rest stop	4.67	0
retail therapy	2.2200000000000002	0
return ticket	4.47	0
reverse gear	4.37	0
revolving door	4.6900000000000004	0
rib cage	4.97	0
rice paper	4.82	0
rice pudding	4.8899999999999997	0
ride away	3.52	0
right away	2.3199999999999998	0
right wing	2.5499999999999998	0
ring finger	4.8600000000000003	0
rinse off	4.3099999999999996	0
rip off	2.2599999999999998	0
rip out	3	0
rise up	3.14	0
rising tide	4.21	0
risk taker	3.07	0
road atlas	4.92	0
road construction	4.2699999999999996	0
road game	3.17	0
road map	4.76	0
road rage	3	0
road show	4.26	0
road sign	4.8600000000000003	0
road test	3.88	0
roast beef	4.97	0
roast pork	4.8899999999999997	0
rock band	4.58	0
rock concert	4.6900000000000004	0
rock garden	4.7	0
rock group	4.5	0
rock music	4	0
rock star	4.4000000000000004	0
rocket launcher	4.72	0
rocking chair	4.93	0
rocking horse	4.91	0
rogue state	1.87	0
role model	3.44	0
roll over	3.82	0
roll up	3.67	0
roller coaster	4.75	0
roller skates	4.96	0
rolling pin	4.72	0
roman catholic	3.55	0
roman numeral	4.4400000000000004	0
roof rack	4.9000000000000004	0
room service	4.2300000000000004	0
room temperature	3.86	0
root beer	4.93	0
root canal	4.13	0
root out	2.62	0
root vegetable	4.6900000000000004	0
rope ladder	4.8600000000000003	0
rough up	3.33	0
roulette wheel	4.9000000000000004	0
round off	3.11	0
round robin	3.19	0
round table	4.7	0
round up	3.07	0
rub off	3.19	0
rubber stamp	4.72	0
rule out	1.97	0
run away	3.75	0
run down	2.59	0
run off	3.58	0
run over	3.69	0
running mate	3.86	0
rush hour	3.5	0
rush off	3.14	0
rye bread	4.67	0
safe house	4	0
safe-deposit box	4.96	0
safety belt	4.96	0
safety glass	4.74	0
safety harness	4.5199999999999996	0
safety net	4.3499999999999996	0
safety pin	4.72	0
safety zone	3.5	0
sailing ship	4.75	0
sailor suit	4.79	0
salad bar	4.9000000000000004	0
salad bowl	4.83	0
salad dressing	4.7699999999999996	0
salad oil	4.82	0
sales staff	4.3600000000000003	0
sales tax	3.89	0
salt shaker	5	0
salvation army	4.45	0
sandwich board	4.78	0
santa claus	3.89	0
satellite dish	4.8499999999999996	0
satellite tv	4.59	0
save up	2.76	0
savings account	4.25	0
scale up	2.52	0
scarlet fever	4.1100000000000003	0
school bell	4.6100000000000003	0
school board	3.8	0
school bus	4.93	0
school district	3.9	0
school principal	4.79	0
school teacher	4.75	0
school term	2.92	0
school year	3	0
science fiction	3.13	0
scoop up	4.04	0
scotch tape	4.8600000000000003	0
scrambled egg	4.84	0
scrap metal	4.93	0
scratch out	4.29	0
screen saver	4.3899999999999997	0
screen test	3.76	0
screw up	2.19	0
scuba diver	4.74	0
scuba diving	4.5	0
sea bass	4.8499999999999996	0
sea gull	4.91	0
sea horse	4.83	0
sea turtle	5	0
sea urchin	4.96	0
seal off	3.77	0
sealing wax	4.59	0
search engine	3.75	0
search warrant	4.47	0
seat belt	4.92	0
second class	2.0299999999999998	0
second hand	2.57	0
secondary school	4.1900000000000004	0
secret police	4.17	0
secret service	3.85	0
security council	3.85	0
security guard	4.38	0
seed capital	2.58	0
seek out	2.83	0
seize on	2.19	0
self confidence	2.14	0
self defense	3.43	0
self esteem	1.77	0
self-rising flour	4.37	0
sell out	2.1	0
sell-by date	3.61	0
send off	3.04	0
septic tank	4.6900000000000004	0
serve up	2.8	0
serving dish	4.33	0
sesame seed	4.67	0
set apart	2.83	0
set aside	3.07	0
set back	2.04	0
set out	3.27	0
settle down	2.27	0
settle on	2.17	0
sewing kit	4.97	0
sewing machine	5	0
sex appeal	2.0299999999999998	0
sex offender	3.93	0
sexual abuse	3.52	0
sexual harassment	2.97	0
shake off	3.64	0
shake up	3.25	0
shaking hands	4.63	0
shaving cream	4.7699999999999996	0
shelf life	2.3199999999999998	0
shell shock	2.5299999999999998	0
shock absorber	4	0
shock wave	3.48	0
shoe polish	4.8600000000000003	0
shoe store	4.83	0
shopping bag	4.92	0
shopping basket	5	0
shopping cart	4.8600000000000003	0
shopping center	4.78	0
shopping list	4.71	0
shopping mall	4.9000000000000004	0
shore up	2.79	0
short list	4.1399999999999997	0
short story	4.07	0
short term	1.81	0
shoulder bag	4.93	0
shoulder blade	4.92	0
shoulder holster	4.6100000000000003	0
shoulder strap	4.58	0
shove off	3.65	0
show biz	2.76	0
show business	3.56	0
show off	3.29	0
show up	2.38	0
shower cap	4.8899999999999997	0
shower curtain	4.58	0
shower gel	4.72	0
shower room	4.67	0
shrug off	2.61	0
shut down	3.26	0
shut off	4.07	0
shut up	3.03	0
shuttle bus	4.8899999999999997	0
sick joke	2.52	0
sick leave	2.86	0
sickle cell	3.86	0
side dish	4.25	0
side door	4.83	0
side effect	3.22	0
side entrance	4.66	0
side order	4.22	0
side street	4.43	0
side view	3.04	0
sign language	4.33	0
sign on	3.67	0
sign up	3.39	0
silicon chip	4.8899999999999997	0
silly putty	4.92	0
silver foil	4.92	0
sim card	4.6399999999999997	0
single out	3.26	0
sink in	2.74	0
siren song	3.04	0
sirloin steak	4.76	0
sit up	3.89	0
six pack	4.66	0
size up	2.14	0
skating rink	4.87	0
skeleton key	4.38	0
sketch pad	4.82	0
ski boots	4.78	0
ski jacket	4.8899999999999997	0
ski lift	5	0
ski lodge	4.79	0
ski mask	4.97	0
ski pole	4.8600000000000003	0
ski resort	4.75	0
ski run	4.3099999999999996	0
skin cancer	4.66	0
skin deep	2.25	0
skin graft	4.57	0
skin rash	4.93	0
skipping rope	4.43	0
sleep in	2.93	0
sleep over	3.69	0
sleep with	3.46	0
sleeping bag	4.79	0
sleeping beauty	3.66	0
sleeping pill	4.76	0
slide projector	4.47	0
slip away	3.11	0
slip in	3	0
slot machine	4.83	0
slotted spoon	4.74	0
slow down	3.41	0
slow motion	3.21	0
small hours	1.85	0
small print	4.34	0
small talk	3.4	0
small town	4.07	0
smart card	4.25	0
smoke alarm	4.74	0
smoke detector	4.8	0
smoke screen	3.5	0
smoking gun	3.59	0
smooth out	3.89	0
snack bar	4.57	0
snack food	4.72	0
snake charmer	4.3	0
snake oil	3.5	0
snake pit	4.46	0
snap up	3.42	0
snatch up	3.3	0
sneak in	3.1	0
sneak off	2.97	0
sneak preview	3.75	0
sniff out	2.3199999999999998	0
snub nose	3.73	0
snuff out	2.83	0
so so	1.6	0
soak up	3.21	0
soap opera	4.3600000000000003	0
sober up	2.96	0
soccer ball	4.8899999999999997	0
soccer player	4.46	0
social control	2	0
social event	3.62	0
social security	2.68	0
social service	2.74	0
social welfare	2.08	0
social work	2.83	0
social worker	4.6900000000000004	0
soda fountain	4.46	0
soda water	4.72	0
sofa bed	4.78	0
soft drink	4.8899999999999997	0
soft spot	3.2	0
solar energy	3.29	0
solar panel	4.8499999999999996	0
soldering iron	4.68	0
sonic boom	4.3899999999999997	0
sore throat	3.46	0
sort out	2.59	0
soul mate	2.4500000000000002	0
soul searching	1.63	0
sound barrier	2.2200000000000002	0
sound bite	3.89	0
sound system	4.57	0
sound wave	3.52	0
soup bowl	4.9000000000000004	0
soup kitchen	4.6100000000000003	0
sour cream	4.87	0
south pole	4.28	0
soy sauce	4.97	0
space bar	4.93	0
space shuttle	4.82	0
spaghetti sauce	5	0
spare parts	4.3	0
spare ribs	4.8899999999999997	0
spare time	2	0
spark plug	4.66	0
sparkling water	4.74	0
sparring partner	4.54	0
speak up	3.24	0
special agent	3.46	0
special education	2.69	0
special forces	3.79	0
speech act	3.54	0
speed limit	3.61	0
speed up	3.33	0
speeding ticket	4.59	0
spending cut	3.25	0
spending money	3.74	0
spending spree	2.89	0
sperm bank	4.79	0
spice rack	4.8	0
spice up	2.4	0
spider web	4.97	0
spill out	3.39	0
spill over	3.4	0
spin doctor	3.54	0
spinal cord	4.7300000000000004	0
spinning rod	4.5599999999999996	0
spinning wheel	4.54	0
spiral staircase	4.8899999999999997	0
spit out	4.08	0
spit up	4.0999999999999996	0
splinter group	2.93	0
split decision	2.64	0
split second	2.39	0
split up	3.28	0
sponge cake	5	0
sport coat	4.96	0
sports car	4.88	0
sports shirt	4.41	0
sports team	4.55	0
spray can	4.68	0
spread out	3.85	0
spring break	3.55	0
spring cleaning	3.93	0
spring fever	2.54	0
spring roll	4.96	0
sprinkler system	4.8	0
spruce up	2.17	0
square off	2.97	0
square one	1.93	0
square root	3.12	0
squeeze out	3.71	0
squirt gun	5	0
stage director	4.43	0
stage fright	3.07	0
stained glass	5	0
stamp out	3.19	0
stand alone	3.03	0
stand back	3.4	0
stand by	2.96	0
stand out	2.89	0
stand still	3.4	0
stand up	4.1500000000000004	0
standing order	2.57	0
staple gun	5	0
star fruit	4.7300000000000004	0
stark naked	3.79	0
starting point	3.36	0
state attorney	4.04	0
state department	4.1500000000000004	0
state prison	4.79	0
state trooper	4.6100000000000003	0
station wagon	5	0
status quo	2.38	0
stay away	3.14	0
stay off	2.5	0
stay over	2.82	0
stay put	2.86	0
steak knife	5	0
stealth bomber	4.3600000000000003	0
steam bath	4.76	0
steam engine	4.96	0
steel band	4.8600000000000003	0
steering wheel	4.8600000000000003	0
stem cell	4.59	0
step down	3.66	0
step forward	3.56	0
step stool	4.78	0
step up	3.29	0
stepping stone	4.41	0
stick figure	4.5	0
stick out	2.68	0
stick up	3.11	0
stick with	2.16	0
still life	3.5	0
stir fry	4.43	0
stir up	3.07	0
stock exchange	4.29	0
stock market	3.71	0
stomach flu	3.97	0
stone age	2.9	0
stone cold	2.79	0
straighten up	3.55	0
straw hat	4.8600000000000003	0
straw man	3.7	0
street fighter	4.33	0
street lamp	4.93	0
street name	3.83	0
street sign	4.75	0
stress test	3.3	0
stretch out	3.72	0
stretch pants	4.8600000000000003	0
strike out	3.22	0
string cheese	5	0
string quartet	4.83	0
stuck with	2.54	0
stumbling block	2.78	0
stun gun	4.78	0
stunt man	4.66	0
subject matter	3.31	0
substance abuse	2.8	0
substance abuser	3.63	0
subway train	4.96	0
suck up	2.4300000000000002	0
suckling pig	4.67	0
sudden death	3.19	0
sugar beet	4.88	0
sugar bowl	4.7300000000000004	0
sugar cane	4.82	0
sugar cube	4.8	0
suicide bomber	4.59	0
sulphuric acid	4.41	0
sum up	2.79	0
summer camp	4.41	0
sumo wrestler	4.9000000000000004	0
sun deck	4.83	0
sun hat	4.8899999999999997	0
sun porch	4.8099999999999996	0
sunday school	4.33	0
sunny-side up	4.1500000000000004	0
suntan lotion	4.93	0
supply ship	4.2	0
support system	2.52	0
supreme court	4	0
sushi bar	4.57	0
sweat suit	4.8099999999999996	0
sweep over	3.48	0
sweet corn	4.79	0
sweet pepper	4.71	0
sweet potato	5	0
swell up	3.29	0
swimming pool	4.93	0
swimming trunks	4.97	0
swine flu	3.44	0
swing set	4.96	0
swinging door	4.76	0
swiss chard	4.8	0
switch off	3.8	0
switch on	3.93	0
swivel chair	4.8600000000000003	0
swizzle stick	4.62	0
symphony orchestra	4.68	0
table lamp	4.93	0
table salt	4.96	0
table tennis	4.83	0
take advantage	2.08	0
take away	3.47	0
take back	3.23	0
take down	2.82	0
take for	1.69	0
take heart	1.96	0
take heed	2.11	0
take note	3.3	0
take off	3.62	0
take out	3.44	0
take over	2.75	0
take part	2.46	0
take root	2.63	0
take turns	3	0
take up	2.63	0
talcum powder	4.9000000000000004	0
talk show	4.1100000000000003	0
tank top	4.93	0
tantamount to	1.52	0
tap dancing	4.38	0
tap water	4.74	0
tape measure	4.4800000000000004	0
tape recorder	4.93	0
tarot card	4.79	0
task force	4.1100000000000003	0
taste bud	4.4800000000000004	0
tax bill	4.46	0
tax break	3.14	0
tax collector	4.5599999999999996	0
tax credit	3.79	0
tax form	4.7	0
tax haven	2.92	0
tax shelter	2.64	0
tea bag	4.8	0
tea party	4.1399999999999997	0
tea tray	4.45	0
team spirit	2.41	0
tear apart	3.45	0
tear down	3.27	0
tear gas	4.6900000000000004	0
tear off	3.77	0
teddy bear	4.87	0
tee shirt	4.83	0
telephone book	5	0
telephone booth	4.79	0
telephone call	3.92	0
telephone cord	4.8899999999999997	0
telephone line	4.7300000000000004	0
telephone number	4.55	0
telephone operator	4.57	0
telephone pole	4.93	0
telephone wire	5	0
television channel	3.81	0
television program	4.37	0
television set	4.8600000000000003	0
television show	4.41	0
television station	4.38	0
tennis ball	5	0
tennis club	3.89	0
tennis court	4.7699999999999996	0
tennis elbow	3.83	0
tennis match	4.43	0
tennis player	4.6900000000000004	0
tennis racket	4.96	0
tense up	3.1	0
test case	3.07	0
test drive	3.38	0
test tube	4.6399999999999997	0
testing ground	3.52	0
text editor	3.83	0
text file	4.4800000000000004	0
text message	4.62	0
theater company	4.59	0
theme park	4.8	0
theme song	4.17	0
think tank	2.7	0
third world	3.17	0
thought provoking	2.21	0
threshing machine	4.8	0
throw up	4.45	0
thus far	1.6	0
tick off	2.2599999999999998	0
ticker tape	4.6399999999999997	0
ticket office	4.9000000000000004	0
tidal wave	4.79	0
tidy up	3.33	0
tie up	3.71	0
tighten up	3.22	0
time consuming	2.1	0
time frame	2.96	0
time machine	4.21	0
time off	3.33	0
time out	2.48	0
time scale	3.36	0
tin can	4.8899999999999997	0
tin foil	5	0
tin opener	4.63	0
tip off	2.79	0
tired of	2.6	0
title page	4.57	0
title role	2.67	0
toaster oven	4.8600000000000003	0
tobacco industry	3.57	0
toggle switch	4.68	0
toilet bowl	4.83	0
toilet paper	5	0
toilet tissue	4.8600000000000003	0
toll free	2.73	0
tomato sauce	5	0
tommy gun	4.7699999999999996	0
tone deaf	2.79	0
tone down	2.37	0
tool kit	4.6399999999999997	0
top brass	2.88	0
top hat	4.96	0
top up	3.08	0
toss out	4.25	0
totem pole	4.75	0
touch down	4.2300000000000004	0
tour guide	4.33	0
touring car	4.6900000000000004	0
towel rack	5	0
towel rail	4.68	0
town hall	4.8600000000000003	0
town house	4.74	0
track down	2.65	0
track record	3.15	0
trade balance	3.1	0
trade deficit	2.73	0
trade union	3.93	0
traffic control	3.39	0
traffic cop	4.8600000000000003	0
traffic jam	4.25	0
traffic light	4.66	0
traffic lights	5	0
traffic signal	4.96	0
train set	4.8600000000000003	0
train station	4.87	0
training program	3.52	0
trash bin	4.93	0
trash can	4.96	0
travel agency	4.1399999999999997	0
travel agent	4.72	0
treasure hunt	3.89	0
treasure trove	4.1100000000000003	0
tree house	4.7	0
tree line	4.43	0
tree stump	4.59	0
tree trunk	4.97	0
trench coat	5	0
tribal chief	4.32	0
trojan horse	4.04	0
trolley car	4.78	0
truck driver	4.79	0
truck stop	4.75	0
trump card	3.19	0
try out	2.74	0
tube top	4.8600000000000003	0
tuck in	3.4	0
tumble dryer	4.7699999999999996	0
tuna fish	4.79	0
tuning fork	4.93	0
tunnel vision	2.86	0
turn around	3.8	0
turn away	3.56	0
turn back	3.39	0
turn down	2.59	0
turn off	3.33	0
turn on	3.71	0
turn out	2.89	0
turn over	3.93	0
turn signal	4.79	0
turn up	2.97	0
turning point	2.27	0
tv set	4.93	0
tv show	4.47	0
tv station	4.25	0
twin bed	4.8499999999999996	0
two step	3.91	0
umbilical cord	4.8600000000000003	0
under control	2.0699999999999998	0
under fire	3.19	0
undercover agent	4.29	0
unheard of	2	0
upper case	4.03	0
upper class	2.93	0
upper hand	2.46	0
upside down	4.07	0
urban myth	1.97	0
urinary tract	4.41	0
user friendly	2.52	0
user interface	3.27	0
usher in	2.89	0
vacuum cleaner	4.6100000000000003	0
vacuum pump	4.6900000000000004	0
value system	2.2799999999999998	0
vanity fair	3.52	0
vantage point	3.3	0
vegetable oil	4.93	0
vending machine	4.9000000000000004	0
vice president	4.3099999999999996	0
vice squad	4.3099999999999996	0
vicious circle	2.17	0
video camera	4.9000000000000004	0
video game	4.79	0
video recording	4.33	0
village green	4.04	0
village idiot	4.17	0
vintage car	4.76	0
virtual reality	2.76	0
virus infection	3.52	0
visual field	3.39	0
visual impairment	3.36	0
visually impaired	3.46	0
voice over	3.93	0
waffle iron	5	0
wagon wheel	4.75	0
waiting list	3.93	0
waiting room	4.4800000000000004	0
wake up	3.38	0
wake-up call	3.96	0
walk on	3.31	0
walk out	3.48	0
walk over	3.81	0
walking stick	4.8499999999999996	0
wall clock	4.93	0
wanted poster	4.59	0
war chest	3.38	0
war game	3.89	0
war memorial	4.79	0
war room	4.03	0
ward off	2.54	0
warm up	3.1	0
warning light	4.45	0
wash away	3.81	0
wash out	2.96	0
wash up	3.41	0
washed out	2.5499999999999998	0
washing machine	4.8899999999999997	0
waste basket	4.87	0
wastepaper basket	4.97	0
watch out	2.6	0
watch over	2.76	0
water bed	4.96	0
water bottle	4.93	0
water cooler	4.66	0
water down	2.75	0
water faucet	4.8600000000000003	0
water filter	4.74	0
water fountain	4.7	0
water glass	4.54	0
water heater	4.7	0
water jug	4.8899999999999997	0
water lily	4.8600000000000003	0
water meter	4.8899999999999997	0
water pipe	4.96	0
water pistol	4.9400000000000004	0
water polo	4.29	0
water pump	4.7300000000000004	0
water ski	4.59	0
water skiing	4.22	0
water softener	4	0
water supply	4.18	0
water tank	4.82	0
water tap	4.96	0
water tower	4.92	0
water vapor	4.3099999999999996	0
water wheel	4.63	0
watering can	4.76	0
wax paper	4.96	0
weak point	2.5499999999999998	0
wear off	2.74	0
wear out	3.13	0
weather map	4.72	0
weather station	4.5	0
weather vane	4.6100000000000003	0
web browser	4.41	0
web site	4.47	0
wedding anniversary	2.66	0
wedding cake	4.8899999999999997	0
wedding day	4.16	0
wedding dress	4.96	0
wedding gown	5	0
wedding night	3.71	0
wedding ring	4.83	0
weed killer	4.8099999999999996	0
weed out	2.56	0
weeping willow	4.83	0
welfare state	2.2799999999999998	0
well behaved	2.1800000000000002	0
well endowed	2.77	0
well grounded	2	0
well known	2.12	0
well mannered	2.39	0
well meaning	1.81	0
west end	3.96	0
wet dream	3.44	0
wet nurse	4.63	0
wet suit	4.76	0
whipped cream	4.88	0
whisk broom	4.82	0
whistle blower	2.56	0
white flag	4.62	0
white lie	2.89	0
white paper	4.72	0
white sauce	4.83	0
whiz kid	3.31	0
whole milk	4.12	0
whole wheat	4.1500000000000004	0
whoopee cushion	4.75	0
whooping cough	4.17	0
wild card	2.93	0
wild west	3.07	0
willow tree	4.9400000000000004	0
win over	1.92	0
wind chimes	4.76	0
wind farm	4.72	0
wind instrument	4.63	0
wind power	4.0999999999999996	0
wind tunnel	4.8600000000000003	0
wind turbine	4.67	0
wind up	2.78	0
window box	4.8899999999999997	0
window dressing	4.55	0
window glass	4.8899999999999997	0
window pane	4.91	0
window screen	4.87	0
window washer	4.8600000000000003	0
windshield wiper	4.68	0
wine bar	4.8899999999999997	0
wine bottle	5	0
wine cellar	4.68	0
wine cooler	4.96	0
wine glass	4.9000000000000004	0
wing chair	4.5599999999999996	0
wipe off	4.32	0
wipe out	3.04	0
wire cutters	4.5	0
wise guy	3.21	0
wise up	1.66	0
wish list	3.38	0
witch hunt	2.52	0
witness box	4.43	0
wood pulp	4.54	0
wooden horse	4.93	0
wooden leg	4.93	0
wooden spoon	4.8	0
word game	4.3	0
word processing	3.24	0
word processor	4.32	0
work clothes	4.62	0
work day	3.72	0
work force	3.67	0
work off	2.67	0
work out	3.68	0
work permit	4.5	0
worked up	2.69	0
working class	3	0
working out	3.57	0
world record	3.07	0
world war	4.07	0
wrap up	2.88	0
wrapping paper	4.71	0
wrist watch	4.9000000000000004	0
write off	2.87	0
writing desk	4.93	0
yacht club	4.1100000000000003	0
yellow card	4.55	0
yellow fever	3.81	0
yellow pages	4.75	0
yorkshire pudding	4.7	0
youth culture	2.19	0
youth hostel	4.12	0
yule log	4.5199999999999996	0
zebra crossing	4.5599999999999996	0
zero tolerance	2.21	0
zip code	3.77	0
zoom in	3.57	0
zoom lens	4.8099999999999996	0
